sale_id,sale_date,region,country,product,units,revenue,cost
1,2025-04-25,Europe,Netherlands,Tablet,8,3471.41,2343.9
2,2025-03-31,South America,Brazil,Laptop,3,3055.91,2141.76
3,2025-01-28,Asia,Malaysia,Monitor,8,3396.84,2223.26
4,2025-01-07,Asia,South Korea,Tablet,9,3539.59,2558.15
5,2025-12-11,Europe,Germany,Monitor,4,1517.96,994.31
6,2025-09-28,Europe,Netherlands,Monitor,18,4723.44,3531.09
7,2025-03-22,North America,Mexico,Headphones,29,9067.17,5193.59
8,2025-03-13,Europe,Netherlands,Smartphone,25,15787.76,9358.46
9,2025-08-27,Europe,Italy,Tablet,15,10221.16,6255.57
10,2026-01-15,North America,United States,Tablet,23,19825.83,12890.08
11,2025-06-25,Asia,Japan,Monitor,13,4354.66,3301.11
12,2025-08-13,North America,United States,Smartphone,27,11493.37,7131.32
13,2025-10-02,Europe,France,Headphones,29,7941.27,3961.93
14,2026-05-27,South America,Chile,Monitor,5,1662.2,1062.91
15,2025-09-27,South America,Chile,Monitor,12,3715.92,2822.64
16,2026-06-06,South America,Brazil,Laptop,28,25470.18,18348.49
17,2026-03-09,Europe,Italy,Monitor,20,13961.21,9558.66
18,2025-01-12,Europe,Netherlands,Headphones,25,3801.07,2270.84
19,2025-04-25,North America,Canada,Smartphone,15,6038.94,4139.91
20,2025-09-27,Asia,Malaysia,Laptop,28,39908.41,30516.64
21,2026-06-04,Asia,Japan,Tablet,25,9923.24,7165.52
22,2026-06-28,Europe,Spain,Tablet,16,4986.98,3929.47
23,2025-11-11,Asia,India,Smartphone,29,24762.68,14922.02
24,2026-05-13,Europe,Spain,Smartphone,5,4639.0,3764.53
25,2025-06-19,North America,Mexico,Headphones,14,4765.29,3114.83
26,2025-07-25,North America,Canada,Tablet,15,12596.53,7768.94
27,2025-09-11,Asia,India,Tablet,1,652.99,391.22
28,2025-08-14,Europe,Germany,Laptop,8,6939.2,4337.18
29,2025-12-05,Europe,Spain,Smartphone,9,8416.64,5170.16
30,2025-05-16,South America,Brazil,Monitor,26,10491.78,6453.41
31,2026-03-18,North America,Canada,Monitor,15,9478.78,5674.63
32,2025-04-11,Europe,Italy,Tablet,26,21242.09,12581.09
33,2025-07-14,South America,Brazil,Monitor,6,2035.64,1302.74
34,2025-03-19,South America,Chile,Laptop,2,2904.29,2051.86
35,2025-01-16,Europe,France,Smartphone,14,11039.18,6780.26
36,2026-02-15,Europe,France,Monitor,1,692.65,444.98
37,2026-04-11,North America,Canada,Headphones,22,6027.35,2866.63
38,2025-10-31,Asia,India,Headphones,24,5433.42,3434.11
39,2025-02-28,Europe,Spain,Monitor,17,11214.79,7681.91
40,2025-02-28,Europe,France,Laptop,20,17359.22,13156.4
41,2026-02-18,Europe,Spain,Smartphone,19,16636.69,11297.99
42,2026-03-06,North America,Canada,Smartphone,22,21404.98,13018.29
43,2026-02-10,Asia,Singapore,Monitor,11,7309.6,5553.23
44,2025-01-10,South America,Chile,Headphones,4,399.12,199.17
45,2025-09-29,Asia,Singapore,Laptop,29,30284.25,20459.98
46,2026-03-25,North America,Mexico,Headphones,1,260.32,147.75
47,2025-04-17,Asia,Singapore,Laptop,29,26304.04,18899.87
48,2025-10-06,North America,Mexico,Smartphone,23,15509.0,10546.11
49,2025-09-28,South America,Argentina,Laptop,3,4302.85,3238.74
50,2025-02-15,Europe,United Kingdom,Smartphone,21,24860.61,15061.88
51,2026-03-29,South America,Chile,Laptop,4,3500.98,2665.28
52,2025-06-02,Europe,United Kingdom,Headphones,18,2159.74,1035.19
53,2025-11-12,North America,United States,Tablet,7,4964.68,3243.82
54,2025-12-29,South America,Chile,Smartphone,30,34317.14,24651.27
55,2025-07-01,South America,Brazil,Smartphone,24,27350.16,19286.83
56,2026-02-26,Asia,Singapore,Smartphone,26,24986.59,16271.43
57,2025-02-09,South America,Brazil,Smartphone,27,30638.56,19484.45
58,2025-08-22,Asia,India,Smartphone,13,8613.92,6273.49
59,2025-10-13,North America,Mexico,Headphones,13,3425.11,2171.66
60,2025-12-06,Europe,Germany,Tablet,6,3890.12,2790.01
61,2025-02-09,Europe,Spain,Monitor,12,6771.27,4402.6
62,2026-06-08,Europe,Italy,Headphones,7,1041.43,721.73
63,2025-01-02,Asia,Singapore,Monitor,3,2023.31,1532.3
64,2025-11-18,Europe,Netherlands,Tablet,17,8254.7,5113.18
65,2026-02-17,North America,Mexico,Smartphone,7,5154.5,3713.6
66,2025-06-28,North America,Canada,Headphones,27,2162.96,1094.44
67,2026-03-17,North America,Canada,Monitor,15,8067.2,5419.45
68,2025-06-23,Europe,United Kingdom,Headphones,22,5519.67,2909.38
69,2025-08-29,North America,United States,Smartphone,5,2097.7,1277.87
70,2026-05-02,Europe,Italy,Monitor,29,14931.6,10618.0
71,2026-01-29,South America,Argentina,Smartphone,5,4624.23,2686.16
72,2025-04-20,South America,Brazil,Smartphone,26,30325.69,20102.09
73,2025-02-21,Asia,India,Monitor,5,3003.54,2152.98
74,2025-11-21,South America,Chile,Headphones,14,4259.55,2453.55
75,2025-06-12,South America,Argentina,Tablet,25,11208.6,7379.77
76,2026-06-18,South America,Chile,Smartphone,9,6767.08,4697.49
77,2025-08-29,North America,Canada,Tablet,29,18098.65,10199.02
78,2025-08-25,South America,Chile,Smartphone,23,13136.73,8491.31
79,2025-12-05,South America,Argentina,Laptop,7,11430.24,7799.04
80,2025-01-21,South America,Argentina,Laptop,12,13183.35,8996.29
81,2026-03-06,Asia,South Korea,Smartphone,9,6738.02,4006.72
82,2025-12-11,South America,Chile,Smartphone,27,20895.63,12546.16
83,2025-01-28,South America,Chile,Headphones,22,1920.99,1148.43
84,2025-05-19,South America,Brazil,Laptop,9,10611.93,6938.78
85,2025-12-01,North America,Canada,Tablet,25,21768.06,13314.78
86,2025-03-25,South America,Brazil,Headphones,2,699.95,371.32
87,2025-03-12,Europe,Germany,Smartphone,7,7499.68,5095.39
88,2025-09-02,Asia,South Korea,Laptop,19,33207.38,23391.46
89,2025-09-20,North America,United States,Headphones,20,6804.17,4118.03
90,2025-06-17,North America,United States,Headphones,1,330.8,189.36
91,2026-01-20,South America,Chile,Smartphone,3,2621.03,1868.51
92,2025-09-06,Europe,Netherlands,Tablet,28,19895.55,13667.05
93,2025-02-12,North America,Mexico,Monitor,22,8476.28,5687.19
94,2025-12-16,Europe,Italy,Monitor,4,1667.05,1096.83
95,2026-04-16,Asia,South Korea,Smartphone,24,19617.54,13616.01
96,2026-05-11,South America,Argentina,Headphones,9,1503.2,761.32
97,2025-03-30,North America,Canada,Smartphone,25,19294.17,12881.81
98,2026-01-24,North America,United States,Monitor,28,10150.2,6780.41
99,2025-12-30,North America,Canada,Tablet,29,19073.1,13153.16
100,2025-01-11,Asia,India,Smartphone,24,17403.42,11813.93
101,2025-09-04,South America,Chile,Monitor,15,8947.0,5501.41
102,2025-08-15,South America,Chile,Smartphone,10,9311.68,5950.57
103,2026-06-28,North America,Canada,Headphones,11,1924.88,1047.83
104,2025-11-10,North America,United States,Laptop,24,23822.02,14987.12
105,2025-07-09,Asia,Japan,Monitor,9,5060.63,3877.75
106,2026-06-22,North America,United States,Smartphone,10,5819.87,3484.42
107,2025-01-15,Asia,Singapore,Laptop,2,2706.72,2007.27
108,2025-05-10,South America,Brazil,Laptop,19,20602.45,14351.55
109,2025-12-15,Asia,India,Tablet,28,16425.85,11494.15
110,2026-02-15,South America,Brazil,Headphones,21,5572.18,2701.93
111,2025-11-08,Europe,France,Laptop,18,28159.98,20191.01
112,2025-08-20,South America,Argentina,Monitor,10,6300.83,4778.58
113,2025-11-09,Europe,Spain,Laptop,25,25194.7,16471.39
114,2025-03-25,Asia,Japan,Smartphone,18,8280.93,4889.3
115,2026-04-07,South America,Argentina,Laptop,8,8704.84,5790.76
116,2026-04-10,Europe,Netherlands,Smartphone,30,18349.31,14433.56
117,2025-07-22,South America,Brazil,Headphones,8,2038.89,1343.5
118,2025-05-26,Europe,Germany,Smartphone,26,16798.33,11756.03
119,2025-10-23,South America,Brazil,Monitor,23,8097.05,5379.69
120,2025-10-06,South America,Argentina,Laptop,20,16797.22,11575.37
121,2025-11-27,North America,United States,Laptop,8,14095.29,10483.42
122,2025-01-22,North America,Mexico,Laptop,25,38906.72,26662.0
123,2026-03-29,North America,United States,Headphones,14,3519.49,1946.62
124,2025-04-04,South America,Argentina,Monitor,11,3965.82,2445.86
125,2025-06-14,North America,Canada,Monitor,10,5312.92,3475.03
126,2025-02-07,South America,Brazil,Tablet,9,4445.68,3178.36
127,2026-02-18,Europe,Netherlands,Headphones,15,2873.65,1417.12
128,2026-01-06,South America,Chile,Monitor,25,5645.15,3628.3
129,2025-05-15,North America,Canada,Monitor,4,857.74,592.53
130,2025-09-03,Asia,Singapore,Headphones,1,229.11,110.3
131,2025-04-27,South America,Brazil,Smartphone,16,18337.96,11492.36
132,2025-10-07,South America,Argentina,Monitor,8,3427.15,2135.6
133,2025-07-15,Asia,India,Tablet,25,19350.09,12201.01
134,2026-06-04,North America,United States,Tablet,24,11499.2,7356.95
135,2026-05-17,Asia,South Korea,Headphones,16,2770.94,1626.38
136,2026-01-22,South America,Argentina,Smartphone,23,13594.02,8717.51
137,2026-02-25,Europe,United Kingdom,Monitor,23,15104.45,9983.99
138,2025-06-05,South America,Brazil,Smartphone,17,19928.81,12617.31
139,2025-04-13,South America,Brazil,Headphones,30,6101.12,3759.28
140,2026-02-24,Asia,India,Monitor,26,17799.65,11821.99
141,2026-02-12,Europe,United Kingdom,Headphones,13,4389.03,2607.8
142,2026-05-15,Europe,Spain,Laptop,8,11449.29,9701.54
143,2025-08-21,Europe,Italy,Laptop,25,35843.7,27227.33
144,2026-03-31,Asia,Singapore,Laptop,2,2248.75,1436.9
145,2026-01-03,North America,Canada,Smartphone,8,6599.46,4359.27
146,2025-07-04,Asia,Japan,Laptop,20,33416.79,24365.98
147,2025-09-04,South America,Chile,Smartphone,8,6151.36,3817.76
148,2025-09-19,Europe,Italy,Tablet,22,13815.1,7771.77
149,2025-12-20,North America,Mexico,Monitor,23,7476.13,5422.05
150,2025-07-23,South America,Argentina,Laptop,8,9450.91,6402.37
151,2025-10-30,North America,United States,Monitor,9,1836.44,1337.68
152,2025-02-20,South America,Argentina,Smartphone,20,20830.91,12811.86
153,2025-07-14,North America,Mexico,Smartphone,21,10032.35,6725.62
154,2025-02-10,North America,Canada,Laptop,19,22132.36,13966.09
155,2025-10-30,North America,Mexico,Monitor,6,1802.38,1290.22
156,2026-01-10,North America,United States,Tablet,30,23844.42,14829.18
157,2025-10-30,North America,United States,Monitor,3,811.14,604.0
158,2026-02-11,North America,United States,Monitor,1,332.23,202.58
159,2026-01-13,North America,Mexico,Monitor,27,14020.42,9105.36
160,2025-08-28,South America,Brazil,Headphones,29,9705.01,5099.42
161,2025-08-15,Europe,Netherlands,Monitor,30,16516.16,11625.37
162,2025-04-30,Asia,India,Laptop,10,17959.27,11648.01
163,2025-08-29,Asia,South Korea,Monitor,12,6422.92,4681.68
164,2026-03-06,Asia,South Korea,Laptop,27,34812.37,24204.99
165,2025-10-14,Europe,Netherlands,Tablet,7,3962.21,2819.49
166,2026-01-07,Europe,Netherlands,Tablet,18,15138.32,9985.55
167,2025-03-04,South America,Argentina,Smartphone,4,4636.83,3300.83
168,2025-04-04,Asia,Malaysia,Laptop,2,3173.59,2123.04
169,2025-05-09,Asia,India,Headphones,7,1668.26,1079.37
170,2025-08-27,North America,United States,Headphones,1,154.86,103.19
171,2025-05-14,North America,United States,Laptop,22,36661.85,23136.87
172,2026-01-02,Asia,Malaysia,Tablet,1,404.55,230.15
173,2026-03-08,Europe,Netherlands,Laptop,16,19972.4,13539.82
174,2025-04-22,South America,Chile,Smartphone,20,8693.84,6131.91
175,2026-06-18,North America,Canada,Laptop,2,3597.17,2681.94
176,2026-03-13,Europe,Italy,Monitor,3,1948.9,1269.78
177,2025-06-01,Europe,France,Tablet,20,13596.92,8745.82
178,2025-11-29,South America,Chile,Headphones,10,2025.03,1193.25
179,2025-04-12,Europe,Netherlands,Headphones,24,7528.39,4132.45
180,2025-08-22,South America,Argentina,Monitor,13,5303.93,3263.05
181,2026-03-14,North America,Mexico,Tablet,12,10465.87,6873.56
182,2026-05-01,Europe,Germany,Laptop,3,3695.63,3027.22
183,2026-01-17,Asia,Malaysia,Laptop,19,33375.87,24026.26
184,2025-05-06,South America,Argentina,Monitor,28,18421.81,11204.72
185,2025-10-22,North America,Canada,Laptop,19,24840.84,15767.89
186,2026-05-09,Asia,India,Tablet,28,17745.26,10283.92
187,2025-10-13,Asia,South Korea,Headphones,25,7524.38,4523.07
188,2025-01-27,North America,United States,Smartphone,9,8659.43,5363.98
189,2025-12-14,North America,United States,Smartphone,28,14408.83,9728.49
190,2025-03-13,Asia,India,Laptop,24,31931.58,22038.9
191,2026-04-10,North America,United States,Tablet,10,7329.58,4925.93
192,2025-03-28,Europe,France,Smartphone,25,22356.76,15377.76
193,2025-10-06,South America,Chile,Monitor,16,8056.61,5367.87
194,2025-08-09,Europe,United Kingdom,Monitor,4,1366.49,968.24
195,2026-05-14,North America,United States,Smartphone,13,15438.23,8935.11
196,2025-07-29,North America,United States,Smartphone,25,15110.39,9406.21
197,2025-01-08,South America,Chile,Monitor,6,1587.56,1087.82
198,2025-08-24,North America,United States,Monitor,28,15988.58,10549.19
199,2026-04-16,Europe,United Kingdom,Headphones,14,3287.45,2278.81
200,2026-03-04,North America,United States,Monitor,1,683.1,421.81
201,2026-04-17,North America,United States,Monitor,28,7082.08,4672.11
202,2026-02-15,Europe,Italy,Tablet,24,12088.99,7333.44
203,2025-06-22,Europe,Spain,Laptop,17,22269.19,17034.76
204,2025-12-24,North America,Mexico,Smartphone,8,3857.95,2357.03
205,2025-06-27,Asia,India,Smartphone,25,22558.98,14984.4
206,2026-04-05,North America,Mexico,Tablet,5,2819.29,1747.16
207,2025-11-07,North America,Mexico,Laptop,12,15688.04,10348.86
208,2026-04-08,Europe,Germany,Tablet,27,12750.65,9430.29
209,2025-04-03,South America,Argentina,Headphones,18,6077.56,3767.8
210,2025-02-12,South America,Chile,Smartphone,11,9724.05,6420.0
211,2025-03-05,South America,Brazil,Tablet,23,8063.74,5320.79
212,2025-02-10,Asia,South Korea,Monitor,17,7843.36,4983.67
213,2026-01-17,North America,Canada,Monitor,25,9229.59,6328.38
214,2025-12-09,Europe,United Kingdom,Laptop,18,26610.83,17708.54
215,2025-06-03,North America,United States,Headphones,22,2600.08,1353.24
216,2026-02-06,Asia,Malaysia,Laptop,10,13589.22,9960.34
217,2025-12-03,Asia,Malaysia,Laptop,21,30879.58,21966.44
218,2025-01-19,North America,Canada,Smartphone,7,4713.7,3264.64
219,2025-07-16,Asia,Japan,Smartphone,3,1909.9,1367.68
220,2026-06-04,Europe,Netherlands,Tablet,29,22033.75,14372.14
221,2026-01-21,Asia,Japan,Smartphone,27,25765.47,17777.1
222,2025-06-19,South America,Brazil,Monitor,12,6458.18,4120.35
223,2026-03-31,North America,Mexico,Monitor,8,3736.04,2389.26
224,2026-04-26,Asia,Singapore,Headphones,15,3069.8,1611.06
225,2026-01-27,South America,Brazil,Smartphone,26,22977.0,16536.09
226,2025-02-23,South America,Argentina,Headphones,30,3230.98,2082.54
227,2025-05-08,North America,United States,Smartphone,9,6835.1,4457.42
228,2026-03-24,Europe,France,Monitor,29,10868.98,6567.77
229,2025-02-24,South America,Chile,Tablet,8,4253.6,2398.49
230,2025-08-18,Europe,United Kingdom,Laptop,27,40897.02,27550.13
231,2025-05-30,Asia,India,Tablet,30,23935.71,16236.36
232,2025-05-23,South America,Argentina,Headphones,1,324.58,147.48
233,2025-08-09,Asia,Malaysia,Headphones,17,3302.74,2108.86
234,2025-09-01,North America,United States,Laptop,8,9758.6,7192.32
235,2026-04-14,Europe,Germany,Monitor,20,9360.54,7311.64
236,2025-09-05,Asia,Singapore,Monitor,1,507.4,329.05
237,2026-03-03,Asia,India,Headphones,12,1179.28,685.15
238,2026-06-04,Europe,Italy,Monitor,2,1035.67,866.82
239,2025-09-17,Europe,United Kingdom,Laptop,12,12493.51,9059.5
240,2025-04-17,North America,United States,Laptop,12,16152.16,11955.21
241,2025-06-29,South America,Chile,Monitor,21,6113.92,3800.27
242,2026-04-14,Europe,United Kingdom,Smartphone,2,2065.77,1656.19
243,2025-11-20,North America,Mexico,Monitor,27,12730.91,8027.23
244,2025-07-15,North America,Canada,Laptop,28,40760.48,26645.72
245,2026-01-12,South America,Argentina,Monitor,29,19668.94,12868.32
246,2025-07-11,South America,Chile,Monitor,12,7945.86,5427.69
247,2025-03-26,South America,Brazil,Monitor,20,13950.98,8773.4
248,2025-10-28,North America,United States,Laptop,11,16070.11,10590.84
249,2026-03-13,Asia,South Korea,Tablet,15,4881.2,3455.43
250,2025-12-28,South America,Argentina,Laptop,3,4413.55,3023.25
251,2026-06-10,Asia,India,Smartphone,28,24809.63,17739.13
252,2025-02-05,Asia,India,Smartphone,25,22903.26,14840.03
253,2025-02-03,Asia,South Korea,Tablet,12,6796.36,3894.8
254,2025-05-21,North America,Canada,Tablet,21,9811.49,6900.31
255,2025-01-27,Asia,South Korea,Headphones,13,4246.53,2068.42
256,2025-09-24,South America,Brazil,Headphones,10,2673.75,1817.31
257,2025-07-24,Europe,France,Laptop,15,14589.85,10710.98
258,2025-03-31,North America,Mexico,Tablet,23,7796.16,4928.49
259,2025-11-04,Asia,Japan,Tablet,17,7387.26,5374.03
260,2025-05-23,Asia,South Korea,Laptop,12,16248.26,11195.47
261,2025-05-13,Europe,Germany,Tablet,13,11696.84,7862.71
262,2026-06-23,South America,Argentina,Headphones,3,341.51,178.58
263,2025-03-17,South America,Argentina,Headphones,12,1375.8,881.45
264,2025-07-06,Asia,South Korea,Headphones,30,9432.51,6142.64
265,2026-06-15,Asia,Singapore,Smartphone,6,3948.77,2777.93
266,2025-12-21,North America,United States,Tablet,7,4767.24,3020.73
267,2025-05-09,North America,Mexico,Headphones,3,647.08,309.82
268,2025-06-07,Asia,Malaysia,Headphones,11,3382.31,1994.32
269,2025-01-30,Europe,Germany,Headphones,9,2302.25,1442.13
270,2026-03-03,Europe,Italy,Headphones,10,2533.15,1315.92
271,2025-09-08,South America,Argentina,Monitor,3,1632.92,1021.05
272,2026-03-02,South America,Argentina,Smartphone,11,9738.61,6135.45
273,2025-11-23,North America,Canada,Smartphone,25,17410.8,11488.77
274,2025-11-23,Asia,South Korea,Laptop,9,11246.36,7338.71
275,2025-02-21,North America,Canada,Headphones,14,2058.46,1315.4
276,2025-06-13,North America,Mexico,Tablet,7,5305.11,3314.13
277,2026-06-12,South America,Argentina,Tablet,16,5022.49,3569.43
278,2026-06-02,South America,Brazil,Smartphone,19,12964.01,7623.96
279,2026-05-22,South America,Argentina,Headphones,1,308.74,169.53
280,2025-09-28,North America,Canada,Tablet,2,1080.7,688.35
281,2025-07-19,North America,Mexico,Tablet,3,1595.43,983.68
282,2025-10-14,Europe,France,Laptop,13,15251.58,11863.99
283,2026-01-10,Asia,Japan,Headphones,17,3202.37,1502.74
284,2025-02-09,Asia,Singapore,Monitor,17,7284.4,5150.09
285,2026-06-12,Asia,Singapore,Headphones,11,1362.63,937.27
286,2025-11-03,North America,Mexico,Headphones,18,3820.65,2175.76
287,2026-05-02,Europe,United Kingdom,Tablet,22,8046.78,5639.28
288,2025-11-12,Europe,Spain,Monitor,9,6151.82,4461.7
289,2025-08-22,Europe,Spain,Monitor,6,2772.7,1983.56
290,2026-01-25,Asia,Japan,Laptop,19,33215.9,21510.06
291,2025-01-20,South America,Argentina,Monitor,5,2032.4,1285.74
292,2026-05-29,South America,Chile,Laptop,23,21575.9,14092.83
293,2025-11-29,South America,Chile,Monitor,11,7461.77,5025.85
294,2026-06-30,North America,Mexico,Tablet,22,16790.27,11124.51
295,2025-09-28,South America,Brazil,Smartphone,9,7618.22,4692.66
296,2025-11-01,North America,Mexico,Smartphone,23,22171.78,13762.61
297,2025-12-24,North America,Canada,Laptop,19,28055.82,18818.47
298,2026-02-09,North America,United States,Tablet,2,945.16,625.13
299,2025-12-21,South America,Chile,Tablet,24,14098.74,8238.62
300,2025-10-05,North America,United States,Laptop,20,30817.82,19978.73
301,2025-02-21,Asia,Japan,Laptop,4,4853.21,3614.56
302,2025-04-13,Asia,India,Headphones,30,3679.32,2245.0
303,2026-05-03,South America,Chile,Smartphone,25,29278.28,18485.92
304,2025-03-02,Europe,Netherlands,Headphones,8,1795.93,1106.86
305,2025-02-08,Asia,South Korea,Smartphone,30,34071.24,25538.01
306,2026-02-11,South America,Brazil,Tablet,29,9351.91,5617.94
307,2025-04-20,North America,Canada,Monitor,21,9904.66,6626.47
308,2025-05-18,South America,Argentina,Smartphone,26,12743.05,7722.28
309,2026-04-15,North America,Mexico,Smartphone,1,989.29,689.07
310,2025-07-17,Asia,Malaysia,Monitor,27,11173.99,7402.42
311,2026-02-15,Europe,France,Smartphone,16,10542.1,6532.81
312,2025-09-25,South America,Brazil,Monitor,25,8337.43,5442.17
313,2025-01-12,North America,Mexico,Tablet,23,10160.98,6640.44
314,2026-04-22,North America,United States,Monitor,22,9927.73,7279.2
315,2025-11-15,Europe,Netherlands,Tablet,12,8025.3,4712.87
316,2025-05-17,South America,Brazil,Monitor,24,16666.06,10995.93
317,2026-04-28,Asia,Japan,Headphones,28,8192.52,4758.76
318,2026-06-25,North America,United States,Headphones,4,386.7,218.86
319,2026-06-02,Asia,Malaysia,Headphones,5,622.13,408.44
320,2026-03-29,Europe,Netherlands,Smartphone,23,19929.92,11849.35
321,2026-06-07,South America,Brazil,Monitor,5,2283.12,1536.74
322,2025-03-01,South America,Chile,Tablet,24,7513.49,4457.44
323,2025-01-04,Asia,Malaysia,Laptop,2,2447.39,1816.12
324,2025-03-03,Europe,Italy,Laptop,10,12088.67,8982.31
325,2026-03-07,North America,Canada,Monitor,28,18439.61,11993.11
326,2025-03-24,Asia,Singapore,Laptop,6,10757.08,7453.47
327,2025-05-11,Asia,India,Laptop,10,12630.04,9410.07
328,2026-03-11,South America,Brazil,Smartphone,15,10153.92,6337.1
329,2025-04-26,Europe,Netherlands,Monitor,20,11660.53,8645.13
330,2025-01-17,Asia,Japan,Laptop,4,5575.78,3911.02
331,2025-02-19,Asia,India,Monitor,15,4757.54,3067.49
332,2025-02-27,Asia,Malaysia,Tablet,8,6315.77,4322.25
333,2025-11-23,North America,United States,Tablet,29,11192.73,7300.3
334,2025-08-15,South America,Argentina,Tablet,2,1268.06,824.98
335,2025-06-29,South America,Chile,Monitor,2,1372.29,1030.11
336,2026-01-26,North America,Mexico,Monitor,14,3844.52,2499.84
337,2026-04-30,Asia,Japan,Tablet,28,20287.29,14139.88
338,2025-03-01,South America,Argentina,Headphones,17,1975.49,999.31
339,2025-07-28,North America,Mexico,Laptop,30,37493.6,25097.18
340,2025-07-15,Europe,United Kingdom,Monitor,22,11054.66,6702.75
341,2025-03-16,Asia,Malaysia,Headphones,7,1466.06,967.57
342,2025-12-07,North America,United States,Smartphone,30,16560.57,11404.2
343,2026-05-06,Asia,Malaysia,Smartphone,13,14717.32,9983.24
344,2025-10-17,South America,Argentina,Headphones,21,3717.0,1896.26
345,2026-06-10,South America,Argentina,Laptop,26,46314.28,32193.91
346,2025-11-24,Asia,Singapore,Tablet,14,4584.01,3240.41
347,2025-05-30,Europe,United Kingdom,Headphones,30,7130.66,4389.65
348,2025-10-30,Asia,Japan,Tablet,8,4223.23,2963.32
349,2026-05-27,North America,Canada,Monitor,24,12500.33,8356.41
350,2025-06-22,North America,United States,Smartphone,24,20093.69,12045.11
351,2025-03-02,Europe,Germany,Laptop,25,20159.6,12942.43
352,2025-08-25,Europe,Netherlands,Smartphone,1,574.98,375.44
353,2025-03-03,South America,Chile,Monitor,1,203.31,139.93
354,2025-01-13,Europe,Spain,Tablet,18,15956.78,8822.73
355,2026-03-17,Asia,India,Laptop,17,16131.26,10658.07
356,2026-06-24,North America,Canada,Tablet,26,13991.58,8442.78
357,2026-02-20,South America,Chile,Smartphone,23,13355.77,9208.09
358,2025-03-24,Europe,Germany,Monitor,13,5051.6,3415.7
359,2025-01-10,Asia,India,Monitor,28,11674.74,8586.77
360,2025-04-08,Europe,France,Smartphone,29,31740.31,22916.78
361,2026-05-02,North America,United States,Laptop,22,37962.87,28619.82
362,2025-02-03,Asia,Singapore,Laptop,7,9709.25,7285.44
363,2026-02-12,Europe,United Kingdom,Smartphone,19,11255.18,8031.07
364,2026-02-03,North America,Canada,Smartphone,26,30960.34,21234.65
365,2026-05-28,North America,United States,Laptop,14,14450.02,8990.26
366,2026-02-11,North America,United States,Tablet,26,23284.34,14515.52
367,2025-12-31,South America,Argentina,Smartphone,22,19111.4,12246.81
368,2025-10-30,Asia,India,Laptop,9,8587.99,6388.33
369,2025-06-07,South America,Argentina,Tablet,4,1419.65,1008.38
370,2026-04-01,North America,Canada,Laptop,5,4436.49,3012.18
371,2026-06-09,South America,Brazil,Laptop,3,3461.74,2197.83
372,2025-11-29,South America,Brazil,Tablet,14,7457.52,4209.01
373,2025-09-06,Asia,South Korea,Smartphone,5,3075.68,1946.73
374,2025-05-30,Europe,France,Monitor,9,3694.96,2503.25
375,2025-03-20,North America,Canada,Smartphone,24,21600.65,14364.63
376,2025-07-20,South America,Brazil,Smartphone,10,4054.14,2608.07
377,2026-01-25,North America,Canada,Tablet,14,11049.99,7581.58
378,2025-05-20,North America,Canada,Headphones,23,3087.29,1581.5
379,2026-02-12,North America,Canada,Monitor,19,11228.76,7210.45
380,2025-10-15,South America,Argentina,Laptop,30,40915.52,29244.62
381,2025-07-04,Europe,Netherlands,Monitor,23,7010.96,5101.38
382,2025-03-12,South America,Chile,Monitor,5,2583.34,1650.04
383,2025-06-07,South America,Argentina,Laptop,15,26860.51,18713.11
384,2026-02-15,South America,Chile,Laptop,26,45979.13,33668.75
385,2025-03-29,Europe,France,Tablet,6,4129.2,2302.15
386,2026-02-14,North America,Canada,Laptop,1,898.61,580.07
387,2026-06-16,Asia,South Korea,Tablet,13,7511.89,5074.47
388,2026-05-28,Asia,Singapore,Laptop,16,14472.79,10081.11
389,2025-03-29,Europe,Netherlands,Smartphone,12,7794.15,5088.43
390,2025-07-31,South America,Argentina,Monitor,4,1676.33,1192.68
391,2025-11-23,Europe,United Kingdom,Laptop,26,39280.25,24495.7
392,2025-12-18,Europe,Netherlands,Smartphone,30,35613.61,22045.75
393,2025-06-28,Asia,Singapore,Headphones,14,4742.99,2434.7
394,2026-02-19,Asia,Japan,Monitor,13,2789.75,1975.86
395,2025-07-22,South America,Chile,Monitor,13,2628.93,1667.7
396,2025-10-13,Europe,Spain,Laptop,26,43471.46,28252.69
397,2025-11-30,Asia,South Korea,Laptop,9,13236.31,9375.51
398,2025-11-17,South America,Chile,Monitor,19,4885.2,3206.25
399,2026-04-14,Asia,Singapore,Headphones,19,1954.78,959.42
400,2025-05-01,Asia,Singapore,Laptop,6,7039.84,4594.32
401,2026-02-02,South America,Chile,Smartphone,19,13432.39,8190.01
402,2025-06-27,Asia,South Korea,Tablet,5,2061.3,1449.37
403,2025-02-24,North America,United States,Monitor,5,1487.82,969.21
404,2026-06-02,South America,Argentina,Monitor,14,7771.0,5214.47
405,2025-06-21,Europe,Spain,Laptop,26,40587.47,27061.06
406,2025-10-09,Asia,Malaysia,Tablet,6,4610.66,3025.34
407,2026-05-23,Europe,Spain,Laptop,9,14176.02,11790.55
408,2026-01-11,Europe,Netherlands,Monitor,18,5566.88,3718.81
409,2025-09-11,North America,United States,Monitor,9,3368.6,2427.67
410,2026-03-26,Europe,France,Smartphone,26,25742.35,17768.95
411,2026-03-15,Asia,Malaysia,Smartphone,26,14697.69,9158.29
412,2025-03-02,North America,Mexico,Tablet,20,12465.22,7417.07
413,2025-10-27,North America,Mexico,Tablet,28,17042.17,11810.67
414,2025-04-08,Asia,South Korea,Laptop,9,15003.43,9756.76
415,2025-05-16,Asia,Japan,Tablet,27,12110.39,8518.5
416,2026-02-07,South America,Brazil,Headphones,21,3203.63,1746.85
417,2026-04-08,Europe,Netherlands,Laptop,13,17102.98,12733.44
418,2026-01-13,South America,Argentina,Tablet,19,5728.19,3904.35
419,2025-04-06,South America,Chile,Tablet,28,9463.96,6065.0
420,2025-08-12,South America,Brazil,Monitor,9,3252.89,2099.34
421,2025-05-14,South America,Argentina,Laptop,2,1799.15,1341.13
422,2026-04-16,Europe,Germany,Smartphone,15,11478.22,9397.15
423,2026-03-15,Asia,Japan,Tablet,6,4947.92,3508.18
424,2025-04-06,North America,Canada,Laptop,12,17574.11,12544.85
425,2025-02-23,South America,Chile,Tablet,24,17271.96,10187.08
426,2025-04-04,Europe,Germany,Smartphone,16,7397.62,4993.31
427,2026-06-16,South America,Brazil,Laptop,23,26302.21,16814.87
428,2026-03-09,Asia,South Korea,Laptop,8,9464.56,7069.29
429,2025-04-15,Europe,United Kingdom,Tablet,29,13907.04,8553.7
430,2025-05-17,Asia,India,Headphones,19,1563.48,952.95
431,2026-03-27,North America,Mexico,Smartphone,21,20970.92,15039.99
432,2026-03-30,Asia,India,Laptop,5,7762.23,5622.43
433,2026-01-29,North America,Canada,Tablet,26,9981.35,5859.9
434,2025-03-28,Asia,Malaysia,Headphones,20,5494.37,2887.47
435,2025-01-28,North America,United States,Headphones,20,4351.42,2663.09
436,2025-10-30,Europe,France,Monitor,13,3332.83,2266.1
437,2025-03-14,Europe,United Kingdom,Tablet,5,2660.51,1842.74
438,2026-03-07,North America,Mexico,Smartphone,25,19420.29,14137.56
439,2025-03-16,Europe,Spain,Laptop,1,1062.19,665.32
440,2025-03-03,South America,Chile,Tablet,21,15279.13,10396.05
441,2026-03-10,South America,Brazil,Headphones,18,4433.99,2278.26
442,2025-11-14,Europe,Spain,Smartphone,26,13631.84,8619.14
443,2025-03-09,North America,Mexico,Monitor,24,16241.14,10202.39
444,2025-09-08,Europe,Italy,Laptop,15,21184.45,13320.88
445,2025-06-29,Europe,Germany,Smartphone,23,9408.85,6204.44
446,2025-12-22,North America,United States,Tablet,5,3749.33,2581.37
447,2025-05-01,Europe,United Kingdom,Monitor,9,4157.34,2669.31
448,2025-03-20,South America,Argentina,Headphones,12,1139.62,738.08
449,2025-06-20,North America,United States,Tablet,25,9043.57,5765.87
450,2025-04-29,Asia,Malaysia,Laptop,2,3317.38,2096.47
451,2025-02-17,South America,Argentina,Monitor,30,8251.27,6180.08
452,2025-02-06,South America,Brazil,Tablet,8,4398.03,2957.45
453,2025-10-05,Europe,Spain,Tablet,4,2404.9,1691.44
454,2025-07-03,Asia,Malaysia,Laptop,13,11296.04,7957.1
455,2025-10-17,North America,Canada,Laptop,18,22621.43,15134.35
456,2025-10-26,North America,Mexico,Headphones,8,1642.08,945.99
457,2026-05-21,Asia,Malaysia,Smartphone,5,2025.51,1327.94
458,2025-08-27,North America,Mexico,Laptop,11,8816.08,6304.99
459,2025-11-11,Europe,France,Headphones,8,1546.8,1038.02
460,2025-05-26,North America,United States,Laptop,30,30944.18,23062.1
461,2026-02-27,North America,Canada,Laptop,19,17015.96,10743.24
462,2026-02-08,Europe,Spain,Headphones,2,394.89,265.28
463,2025-08-31,North America,Canada,Tablet,30,23414.7,15433.18
464,2025-12-01,North America,Canada,Tablet,8,2758.5,1584.65
465,2025-04-22,Asia,India,Smartphone,15,11592.66,7593.68
466,2026-01-02,Asia,South Korea,Tablet,15,6885.07,3995.99
467,2025-06-11,North America,Mexico,Headphones,2,276.11,175.89
468,2025-06-01,Europe,Netherlands,Smartphone,12,8603.95,5057.68
469,2025-11-03,North America,United States,Laptop,13,21509.82,15034.34
470,2025-09-13,Europe,Italy,Laptop,26,41439.05,26497.48
471,2025-03-05,Asia,Japan,Smartphone,27,19452.57,13613.02
472,2025-03-28,North America,United States,Laptop,3,2993.25,2135.26
473,2025-05-12,Europe,United Kingdom,Laptop,2,3484.56,2188.66
474,2026-03-20,South America,Argentina,Laptop,13,19281.77,12487.82
475,2025-08-08,Asia,Singapore,Tablet,15,12450.81,7045.8
476,2025-09-09,North America,Canada,Monitor,29,13784.99,8267.64
477,2025-10-14,South America,Brazil,Monitor,7,3649.28,2655.04
478,2025-09-13,Europe,Italy,Tablet,16,10027.37,6341.26
479,2026-05-30,North America,Canada,Tablet,6,1893.83,1214.91
480,2025-01-31,North America,United States,Monitor,17,6438.18,4400.1
481,2025-08-27,Asia,India,Smartphone,22,13044.29,8809.99
482,2025-02-27,Asia,Malaysia,Monitor,12,8011.24,6157.81
483,2025-06-27,Asia,Japan,Headphones,11,3274.44,2031.64
484,2025-01-29,North America,Mexico,Headphones,5,1160.2,560.72
485,2026-05-20,North America,United States,Monitor,2,490.26,307.5
486,2025-08-13,Europe,Spain,Monitor,1,365.87,255.47
487,2025-05-14,North America,Mexico,Smartphone,30,31258.19,22159.39
488,2025-03-02,Europe,France,Headphones,23,7535.96,4733.37
489,2026-06-23,North America,United States,Tablet,23,19898.54,12083.41
490,2025-04-14,North America,Canada,Tablet,5,4427.58,2942.13
491,2026-03-24,South America,Chile,Tablet,6,4345.86,2805.41
492,2026-01-01,Asia,Malaysia,Smartphone,13,8390.96,5875.01
493,2025-05-11,Asia,India,Headphones,13,4026.16,2565.83
494,2025-02-03,Asia,Malaysia,Tablet,30,23558.52,15641.32
495,2025-04-17,South America,Brazil,Tablet,24,8320.42,5066.78
496,2025-11-24,Asia,India,Tablet,15,4602.56,2741.5
497,2025-03-11,North America,Canada,Laptop,24,19230.75,12918.25
498,2026-03-06,Asia,South Korea,Monitor,29,11291.33,7874.17
499,2025-04-14,South America,Chile,Smartphone,6,4566.18,3232.27
500,2025-02-04,North America,United States,Tablet,9,7838.98,4331.93
501,2025-06-24,South America,Brazil,Laptop,18,31353.01,24345.2
502,2025-12-13,South America,Chile,Laptop,14,24394.19,15768.39
503,2026-03-21,Asia,India,Laptop,11,11061.06,7304.69
504,2025-09-29,North America,Canada,Smartphone,4,1758.83,1163.44
505,2026-05-18,Asia,India,Tablet,1,556.56,339.54
506,2026-05-07,Asia,India,Laptop,7,6795.83,4598.67
507,2025-03-25,South America,Brazil,Tablet,26,14000.49,8864.36
508,2025-09-29,Europe,Netherlands,Headphones,13,1688.93,1103.99
509,2026-01-14,Asia,South Korea,Laptop,9,11157.66,7499.56
510,2025-10-03,Europe,France,Laptop,3,4404.42,3300.27
511,2026-02-28,Asia,Malaysia,Laptop,27,32051.86,22872.63
512,2026-05-02,Asia,South Korea,Tablet,3,1610.65,1135.78
513,2025-02-05,Asia,India,Monitor,6,4047.18,2577.03
514,2025-08-05,Asia,Japan,Laptop,14,12297.16,9091.29
515,2025-07-26,Asia,Malaysia,Tablet,11,9311.31,6661.4
516,2025-03-10,Europe,Italy,Headphones,13,2977.71,1926.65
517,2026-06-17,South America,Brazil,Headphones,19,4200.74,2295.73
518,2026-03-01,Asia,Japan,Headphones,19,4509.13,3074.83
519,2025-04-13,Europe,Spain,Laptop,26,28238.41,19927.89
520,2025-12-19,South America,Argentina,Monitor,21,9298.64,6485.19
521,2025-02-08,Asia,Singapore,Monitor,5,2545.61,1830.12
522,2026-02-16,Europe,Italy,Tablet,23,10178.59,6888.64
523,2025-10-03,North America,United States,Tablet,27,20957.16,12424.69
524,2026-05-19,Europe,France,Smartphone,10,11793.76,8620.03
525,2025-11-25,North America,Mexico,Monitor,20,10455.55,6483.17
526,2025-08-05,South America,Chile,Monitor,25,11456.27,7559.14
527,2025-02-27,Asia,India,Tablet,23,13893.77,8100.91
528,2026-06-21,Europe,France,Smartphone,29,30923.97,24551.05
529,2025-09-13,Europe,Italy,Laptop,30,34811.25,22691.98
530,2026-01-13,South America,Chile,Monitor,21,13892.27,9849.45
531,2025-09-05,North America,Canada,Headphones,15,1919.21,1228.7
532,2025-12-25,North America,United States,Tablet,24,19164.53,10643.34
533,2025-01-29,South America,Brazil,Smartphone,28,24018.58,17638.93
534,2025-08-15,Asia,Japan,Tablet,21,11459.79,6456.55
535,2025-01-10,South America,Brazil,Smartphone,20,20813.84,12817.23
536,2025-11-09,North America,Canada,Monitor,28,10481.93,6606.97
537,2026-04-23,North America,Mexico,Headphones,27,6706.09,3852.19
538,2025-01-08,North America,Mexico,Headphones,20,3126.46,1867.79
539,2026-05-09,Europe,United Kingdom,Tablet,21,10396.73,7039.32
540,2025-11-02,Asia,Japan,Headphones,25,3622.04,1713.44
541,2026-02-18,North America,Mexico,Smartphone,24,10088.74,6553.44
542,2025-10-30,North America,Canada,Monitor,13,7388.76,5048.62
543,2025-07-14,North America,Mexico,Smartphone,22,18209.58,12666.28
544,2026-01-03,North America,United States,Headphones,6,955.93,524.12
545,2025-09-22,Asia,Singapore,Laptop,8,9242.27,6923.14
546,2025-11-11,South America,Argentina,Tablet,9,5862.08,3686.31
547,2025-05-01,South America,Brazil,Headphones,19,6364.26,2968.16
548,2025-07-19,Europe,Netherlands,Monitor,17,5936.02,3612.96
549,2025-06-04,Asia,Japan,Tablet,14,12492.41,8891.89
550,2026-04-14,Asia,Singapore,Smartphone,25,11616.23,7471.8
551,2025-07-01,North America,Mexico,Laptop,1,1252.05,805.7
552,2025-06-22,Asia,South Korea,Laptop,5,7072.4,5172.46
553,2026-02-18,South America,Argentina,Monitor,1,218.86,138.3
554,2026-01-18,Europe,United Kingdom,Headphones,7,593.86,267.8
555,2025-09-12,Asia,Singapore,Tablet,5,1808.12,1167.27
556,2025-11-10,Asia,India,Laptop,10,17484.63,12290.79
557,2026-06-17,North America,Canada,Smartphone,11,13166.02,8537.23
558,2025-07-12,Asia,South Korea,Laptop,8,8194.57,6453.89
559,2025-08-05,Europe,Spain,Headphones,6,679.52,416.92
560,2025-02-08,South America,Chile,Tablet,25,15521.0,8664.75
561,2025-02-19,Europe,Netherlands,Laptop,2,2979.5,2045.97
562,2026-01-25,Europe,Spain,Tablet,16,11537.93,6748.93
563,2025-01-10,North America,Canada,Laptop,22,29046.8,20613.0
564,2025-05-21,South America,Brazil,Headphones,24,5922.68,3050.32
565,2025-04-19,South America,Brazil,Headphones,7,2030.34,1301.95
566,2025-07-26,North America,Mexico,Monitor,10,2801.87,1898.83
567,2025-08-01,South America,Argentina,Smartphone,1,410.2,243.76
568,2025-04-24,South America,Brazil,Laptop,25,32792.63,24127.84
569,2025-04-14,North America,Mexico,Smartphone,15,17863.99,11028.58
570,2026-04-21,Europe,Germany,Smartphone,28,12083.56,8536.92
571,2025-11-17,South America,Chile,Laptop,4,6604.98,5035.95
572,2025-01-10,Asia,Japan,Tablet,12,10040.6,7252.98
573,2025-10-02,Europe,United Kingdom,Tablet,6,2209.8,1365.75
574,2026-04-13,North America,Canada,Monitor,26,10682.62,7817.32
575,2025-06-20,Europe,France,Laptop,28,26863.07,18443.23
576,2026-05-10,South America,Brazil,Headphones,13,3774.87,2229.48
577,2025-05-14,South America,Argentina,Laptop,29,35127.24,22037.27
578,2025-09-25,North America,United States,Headphones,25,7019.46,4257.08
579,2025-08-18,North America,Mexico,Headphones,23,6190.6,2859.47
580,2025-09-12,South America,Argentina,Monitor,5,3097.58,2135.27
581,2025-02-25,Europe,Netherlands,Smartphone,17,18344.3,13140.01
582,2025-06-19,Europe,Italy,Tablet,8,3988.3,2382.16
583,2026-06-04,Asia,Malaysia,Monitor,13,7911.17,4925.6
584,2026-03-31,South America,Brazil,Monitor,15,5370.46,4064.94
585,2025-01-19,Europe,Italy,Monitor,2,957.13,574.3
586,2025-04-04,North America,Mexico,Headphones,7,1797.19,979.34
587,2025-12-16,North America,United States,Smartphone,28,21379.9,14102.7
588,2026-04-30,North America,Mexico,Monitor,4,994.87,691.86
589,2025-01-03,North America,Canada,Tablet,18,11037.44,7277.61
590,2025-02-16,Asia,South Korea,Smartphone,27,26284.09,18542.1
591,2025-04-20,North America,Mexico,Smartphone,7,3476.18,2455.4
592,2025-08-09,South America,Brazil,Tablet,4,3017.16,1683.29
593,2025-05-07,South America,Argentina,Headphones,17,1977.98,1117.03
594,2026-06-28,Europe,Spain,Monitor,27,13299.13,11010.34
595,2025-07-01,Asia,Japan,Laptop,13,18947.78,13774.77
596,2025-11-26,South America,Argentina,Headphones,30,8009.38,4061.51
597,2026-02-12,North America,Canada,Monitor,26,6933.83,4548.87
598,2026-06-09,North America,Mexico,Headphones,28,4613.17,2811.58
599,2025-08-11,Asia,Japan,Headphones,23,3644.5,1965.91
600,2025-05-16,Asia,Malaysia,Headphones,23,5795.01,3612.5
601,2025-12-27,South America,Chile,Headphones,22,5978.13,3617.23
602,2025-10-20,South America,Brazil,Headphones,4,347.29,167.89
603,2025-02-27,Asia,Singapore,Smartphone,10,9467.12,5807.4
604,2025-03-05,North America,United States,Headphones,2,353.69,192.44
605,2025-08-18,South America,Brazil,Headphones,26,7673.77,4681.84
606,2025-02-18,South America,Argentina,Monitor,26,17885.7,11626.14
607,2025-02-25,Europe,Netherlands,Tablet,7,4706.36,3213.3
608,2026-03-30,Asia,Singapore,Headphones,18,5028.87,2540.52
609,2025-07-18,North America,Canada,Smartphone,22,10110.65,7320.07
610,2026-06-11,Europe,Italy,Laptop,14,15107.57,11214.02
611,2025-06-14,North America,United States,Tablet,15,10887.2,6165.61
612,2025-06-07,North America,Mexico,Laptop,25,43309.55,30684.7
613,2025-11-05,South America,Chile,Headphones,12,1196.13,732.95
614,2026-06-23,Asia,Japan,Headphones,3,876.87,435.5
615,2026-02-18,Europe,United Kingdom,Smartphone,29,16549.81,10477.71
616,2026-01-05,North America,United States,Headphones,17,3539.59,2014.41
617,2025-01-10,Europe,Netherlands,Tablet,15,6663.13,4392.24
618,2025-09-07,Europe,Netherlands,Tablet,13,11044.27,7848.59
619,2026-01-31,North America,Mexico,Tablet,1,846.8,575.62
620,2026-01-19,South America,Argentina,Laptop,10,16982.82,11052.45
621,2026-06-11,Europe,Germany,Smartphone,25,20759.5,13725.62
622,2025-03-09,Asia,Japan,Monitor,27,6803.01,4735.17
623,2026-03-22,Europe,Netherlands,Smartphone,1,767.38,485.81
624,2025-03-31,Europe,Germany,Smartphone,26,15639.69,9247.29
625,2025-08-22,North America,Canada,Monitor,15,7726.63,5094.04
626,2025-01-18,South America,Chile,Laptop,18,14506.18,10665.61
627,2025-03-06,Europe,Netherlands,Laptop,12,20736.57,13208.82
628,2025-11-05,Europe,United Kingdom,Monitor,13,5168.24,3647.31
629,2026-05-01,Asia,Malaysia,Smartphone,5,4987.02,3578.1
630,2025-10-30,Asia,Singapore,Tablet,1,632.11,413.63
631,2025-05-07,Europe,Germany,Headphones,20,3728.04,2147.09
632,2025-03-29,North America,United States,Tablet,7,3833.15,2490.81
633,2026-06-09,Asia,Japan,Smartphone,8,7148.06,4506.42
634,2025-04-28,Asia,Malaysia,Laptop,28,43429.17,34240.09
635,2026-04-18,Europe,United Kingdom,Laptop,9,8083.82,6597.16
636,2026-05-14,North America,Canada,Smartphone,22,20336.32,11917.23
637,2025-03-13,Asia,Singapore,Monitor,15,5462.6,3908.53
638,2025-06-06,North America,Canada,Monitor,6,1214.5,764.39
639,2025-08-15,South America,Argentina,Tablet,5,3538.74,2145.77
640,2026-05-07,South America,Argentina,Tablet,25,12082.08,7778.25
641,2025-06-29,Europe,United Kingdom,Smartphone,29,24095.94,14990.51
642,2025-03-20,Europe,Germany,Headphones,21,1856.87,1084.11
643,2026-02-19,Asia,India,Headphones,9,2040.63,1407.44
644,2026-04-29,Asia,Singapore,Monitor,8,5165.75,3638.42
645,2025-10-25,Asia,South Korea,Headphones,17,1775.64,965.4
646,2025-01-11,Asia,Malaysia,Smartphone,25,20282.73,13414.9
647,2025-07-03,Asia,South Korea,Tablet,2,862.58,554.55
648,2025-03-06,North America,Canada,Smartphone,2,1869.74,1220.68
649,2026-01-05,South America,Argentina,Monitor,29,6473.34,4899.64
650,2025-11-28,Europe,Netherlands,Headphones,21,6384.1,4098.72
651,2025-09-27,Asia,South Korea,Monitor,12,5926.07,4466.58
652,2025-03-21,North America,Canada,Smartphone,17,12319.45,8632.95
653,2025-12-20,South America,Argentina,Headphones,1,215.5,103.86
654,2025-06-19,Asia,India,Headphones,21,3272.19,1618.28
655,2025-06-11,North America,Mexico,Laptop,22,22667.62,16769.22
656,2025-04-27,South America,Chile,Monitor,16,4885.63,3057.43
657,2026-02-25,Europe,France,Laptop,5,6867.43,4434.86
658,2026-06-09,Europe,Spain,Smartphone,2,1066.15,861.01
659,2026-06-14,South America,Chile,Headphones,21,1785.58,1099.01
660,2025-10-18,Europe,France,Monitor,20,13927.76,10289.39
661,2025-06-24,Asia,South Korea,Headphones,5,1472.73,955.37
662,2025-07-06,North America,United States,Tablet,30,17162.46,10990.86
663,2025-08-24,South America,Argentina,Smartphone,4,1653.0,1096.99
664,2026-06-01,South America,Brazil,Headphones,4,511.62,336.32
665,2025-02-09,Europe,Germany,Monitor,22,5833.62,4063.44
666,2025-01-02,South America,Chile,Monitor,12,7648.95,5443.16
667,2026-03-16,Asia,South Korea,Monitor,12,5934.29,4323.86
668,2025-04-11,South America,Brazil,Tablet,16,12152.25,8563.86
669,2025-03-27,North America,Mexico,Headphones,14,2094.5,924.22
670,2025-01-08,Europe,Spain,Laptop,13,18909.1,13804.45
671,2025-11-20,South America,Argentina,Laptop,5,6130.36,4374.99
672,2025-09-25,South America,Chile,Tablet,20,9306.73,6195.52
673,2025-07-28,South America,Chile,Headphones,16,2052.07,1187.31
674,2026-05-11,North America,Canada,Headphones,12,3468.39,1843.69
675,2025-05-22,Europe,Netherlands,Smartphone,15,15397.31,11268.97
676,2025-04-13,Asia,Malaysia,Monitor,26,9599.69,6701.47
677,2025-02-23,Asia,South Korea,Laptop,26,23168.3,15134.75
678,2026-03-22,Europe,Germany,Tablet,8,4180.01,2731.78
679,2026-01-29,South America,Chile,Headphones,10,2721.34,1598.56
680,2025-06-29,South America,Argentina,Laptop,7,11553.97,8884.1
681,2026-06-15,North America,United States,Laptop,26,36387.39,25199.36
682,2025-08-26,Asia,India,Tablet,8,5544.09,4024.23
683,2025-03-30,North America,Canada,Tablet,22,11815.89,7557.84
684,2026-06-15,Europe,Netherlands,Laptop,30,26704.98,19909.07
685,2025-12-23,North America,Canada,Smartphone,20,23408.91,15046.35
686,2026-02-18,Europe,United Kingdom,Smartphone,14,11269.87,7543.83
687,2026-05-31,North America,Canada,Laptop,26,34145.45,22236.58
688,2025-09-14,South America,Argentina,Headphones,16,4606.26,2875.31
689,2026-04-15,South America,Chile,Laptop,16,14660.29,9247.84
690,2025-08-14,Asia,Singapore,Monitor,12,5499.03,3362.96
691,2025-09-27,Asia,Singapore,Laptop,13,19158.07,14586.42
692,2025-03-19,Asia,South Korea,Tablet,12,5173.68,3401.85
693,2025-07-07,Asia,South Korea,Smartphone,8,7906.75,5769.07
694,2025-07-31,Asia,Japan,Smartphone,27,24161.69,14858.46
695,2025-04-20,Europe,Germany,Monitor,20,4066.24,2997.36
696,2025-02-13,South America,Argentina,Headphones,11,2342.25,1584.84
697,2025-10-09,South America,Brazil,Headphones,9,1686.85,1050.13
698,2025-05-12,Europe,Spain,Monitor,16,10717.24,6486.18
699,2025-12-22,South America,Chile,Smartphone,15,17718.09,12255.94
700,2026-04-17,North America,Mexico,Laptop,1,1474.1,988.69
701,2025-04-14,North America,Canada,Headphones,28,4203.34,2379.8
702,2025-08-31,North America,Canada,Headphones,11,1966.79,1091.01
703,2025-08-04,South America,Chile,Tablet,12,9751.15,5826.67
704,2025-07-04,Asia,Malaysia,Smartphone,27,12957.19,8204.38
705,2025-08-30,South America,Argentina,Smartphone,5,5200.15,3630.57
706,2026-04-30,Europe,France,Monitor,16,4275.77,3518.63
707,2026-06-14,North America,Canada,Tablet,9,5735.55,3650.86
708,2026-02-12,Europe,Netherlands,Smartphone,2,1144.75,710.53
709,2025-04-09,South America,Chile,Tablet,9,4649.19,2999.94
710,2025-09-21,North America,United States,Monitor,4,1502.18,1049.62
711,2025-07-23,Asia,Singapore,Tablet,11,7743.07,4977.82
712,2026-04-03,Europe,Italy,Headphones,10,2052.13,1539.13
713,2025-06-21,North America,Canada,Headphones,19,3596.48,2332.78
714,2025-03-23,Asia,Singapore,Smartphone,11,7188.53,4576.34
715,2025-10-01,South America,Argentina,Monitor,25,15785.08,10388.26
716,2026-06-18,South America,Argentina,Smartphone,6,6500.22,3900.17
717,2025-08-29,North America,Mexico,Laptop,7,6768.37,4240.26
718,2025-03-07,South America,Chile,Laptop,1,1570.93,1105.68
719,2025-03-27,Europe,United Kingdom,Headphones,5,513.82,341.31
720,2026-02-04,North America,United States,Smartphone,24,15056.17,10091.2
721,2025-05-15,Asia,India,Laptop,22,25450.51,19760.88
722,2026-05-03,South America,Chile,Tablet,18,10204.33,7294.28
723,2025-07-01,South America,Chile,Headphones,14,3098.68,1850.19
724,2025-11-14,North America,Canada,Headphones,8,2378.17,1288.08
725,2026-01-10,South America,Argentina,Smartphone,10,4084.45,2710.97
726,2025-05-20,North America,Canada,Monitor,18,3674.85,2710.33
727,2026-05-04,North America,United States,Monitor,26,9007.99,5647.96
728,2025-01-08,North America,United States,Monitor,29,13928.04,9097.24
729,2025-06-17,South America,Argentina,Smartphone,9,4170.31,2836.03
730,2026-06-14,North America,Canada,Headphones,26,3967.13,1917.08
731,2025-03-12,Asia,Japan,Tablet,4,2728.54,1814.52
732,2025-10-06,South America,Brazil,Tablet,1,391.29,279.71
733,2025-01-23,Asia,India,Tablet,9,3375.21,2141.68
734,2025-01-09,Asia,India,Smartphone,1,794.86,512.45
735,2025-11-16,South America,Argentina,Monitor,23,13701.38,8944.81
736,2025-05-30,Europe,United Kingdom,Monitor,3,1414.79,889.98
737,2025-09-14,South America,Brazil,Laptop,25,37867.06,25808.97
738,2026-03-30,Asia,India,Smartphone,15,14823.87,8968.94
739,2025-08-02,South America,Argentina,Tablet,30,14815.14,9732.92
740,2025-02-13,Europe,United Kingdom,Monitor,21,7337.54,4825.67
741,2025-02-23,Asia,India,Smartphone,21,15693.92,9297.25
742,2025-10-10,Europe,Italy,Smartphone,1,1175.07,790.79
743,2026-05-02,Asia,Singapore,Laptop,8,7661.59,4938.85
744,2025-12-13,Europe,Germany,Tablet,21,8239.37,5282.92
745,2025-04-20,Asia,South Korea,Smartphone,11,13038.75,9337.96
746,2025-12-22,South America,Chile,Smartphone,1,951.4,606.33
747,2025-05-18,North America,United States,Monitor,23,9631.25,6136.59
748,2026-05-17,Asia,Malaysia,Smartphone,18,12206.37,8632.16
749,2025-10-09,Asia,India,Headphones,5,1006.67,652.79
750,2026-01-11,South America,Brazil,Headphones,13,3615.14,2360.95
751,2026-01-08,Asia,Singapore,Laptop,22,38877.59,29587.71
752,2025-07-14,South America,Chile,Smartphone,20,12530.07,8089.02
753,2025-11-26,Europe,Germany,Headphones,22,2156.08,1384.41
754,2025-05-13,Asia,India,Smartphone,4,3153.18,1910.2
755,2026-02-02,South America,Chile,Headphones,23,5505.77,2539.75
756,2025-08-15,Europe,Germany,Smartphone,21,16655.61,12031.39
757,2025-03-23,South America,Chile,Laptop,12,16296.24,12550.04
758,2026-03-02,North America,Mexico,Laptop,27,38257.2,26575.11
759,2025-03-14,North America,United States,Smartphone,17,8120.82,5571.11
760,2026-06-29,South America,Brazil,Smartphone,17,15733.52,10560.41
761,2025-07-03,South America,Chile,Laptop,25,35965.61,24358.58
762,2026-04-15,South America,Brazil,Smartphone,26,14152.25,9117.57
763,2025-12-12,Asia,Malaysia,Headphones,15,4980.76,3325.01
764,2025-11-29,North America,Canada,Monitor,27,15199.21,10447.12
765,2025-08-08,South America,Chile,Tablet,12,10523.89,6588.75
766,2026-02-11,Europe,Netherlands,Laptop,10,13957.63,9809.67
767,2025-11-06,Europe,United Kingdom,Smartphone,7,7592.03,4429.74
768,2025-10-10,Asia,India,Laptop,15,17334.84,11304.83
769,2026-01-11,Asia,Japan,Tablet,26,12484.72,8202.25
770,2025-08-11,Europe,Netherlands,Tablet,26,15327.52,9702.43
771,2025-04-08,North America,United States,Headphones,13,1315.46,595.72
772,2025-12-09,North America,Canada,Monitor,30,19017.47,13866.89
773,2025-08-21,Europe,Netherlands,Monitor,2,704.78,427.51
774,2025-06-03,North America,Mexico,Smartphone,5,2202.08,1512.94
775,2026-02-07,South America,Chile,Headphones,17,1773.48,974.25
776,2026-02-08,Asia,Japan,Tablet,3,1756.54,1206.22
777,2026-02-13,North America,United States,Monitor,17,7093.17,4976.99
778,2025-05-19,South America,Chile,Smartphone,16,11460.08,7694.45
779,2026-06-21,Asia,Japan,Laptop,9,14190.95,9674.62
780,2025-04-02,Europe,Netherlands,Monitor,14,5356.87,3377.39
781,2025-12-19,Europe,United Kingdom,Smartphone,12,10715.72,7912.76
782,2026-03-29,Asia,South Korea,Laptop,30,48545.16,32134.45
783,2026-01-18,Asia,India,Laptop,24,20508.91,16034.49
784,2025-06-01,North America,United States,Tablet,23,17999.07,10653.11
785,2026-04-28,Europe,United Kingdom,Smartphone,24,19929.7,13803.48
786,2026-06-20,North America,Mexico,Monitor,20,11299.24,6922.09
787,2025-01-19,South America,Chile,Headphones,2,297.95,138.2
788,2025-07-25,North America,United States,Monitor,21,14124.35,8483.87
789,2025-10-05,North America,United States,Laptop,10,16674.1,11903.74
790,2025-08-25,South America,Chile,Laptop,29,32348.22,24542.07
791,2026-06-29,Europe,France,Smartphone,17,19948.36,14955.49
792,2025-01-23,Europe,France,Headphones,10,1700.64,919.16
793,2025-06-10,Europe,United Kingdom,Tablet,12,8101.66,4781.24
794,2026-05-29,North America,United States,Tablet,29,15436.77,10959.98
795,2025-01-31,North America,United States,Smartphone,11,12295.14,8300.56
796,2025-03-31,South America,Chile,Headphones,28,6968.97,3500.57
797,2025-09-04,Asia,South Korea,Tablet,30,19896.64,12661.4
798,2025-05-15,Asia,Japan,Headphones,18,4764.48,2413.36
799,2025-05-22,North America,Mexico,Headphones,30,3495.55,2338.55
800,2025-05-29,Asia,Singapore,Laptop,18,23993.31,17877.67
801,2025-07-08,North America,United States,Laptop,25,27967.19,21413.45
802,2026-02-26,North America,Canada,Tablet,5,3837.32,2141.81
803,2025-07-09,Europe,Spain,Headphones,9,2191.62,1294.9
804,2025-08-26,Asia,India,Tablet,3,2138.65,1370.93
805,2026-05-30,South America,Chile,Tablet,6,4867.67,3083.89
806,2025-05-21,Asia,Japan,Smartphone,2,1453.74,1083.05
807,2025-10-04,South America,Brazil,Smartphone,25,14091.24,8572.16
808,2026-03-26,South America,Chile,Tablet,28,16086.75,9522.61
809,2026-02-19,Europe,Spain,Monitor,24,8554.77,5969.87
810,2026-06-22,Europe,Spain,Laptop,15,18853.51,15845.29
811,2025-09-09,South America,Chile,Laptop,18,21373.16,15867.98
812,2025-02-20,Asia,Singapore,Monitor,13,8348.58,6126.09
813,2025-10-20,South America,Brazil,Monitor,10,5065.67,3083.61
814,2026-06-14,Asia,South Korea,Monitor,3,1683.97,1057.71
815,2025-05-19,South America,Argentina,Tablet,15,4724.21,2962.67
816,2025-07-26,South America,Brazil,Tablet,11,7865.34,5538.91
817,2025-06-17,Europe,Germany,Laptop,23,28736.16,19485.16
818,2026-06-21,South America,Chile,Headphones,20,6728.67,3613.94
819,2026-01-25,Europe,France,Tablet,19,15632.88,10890.71
820,2025-06-16,Asia,Japan,Laptop,14,15512.87,11585.41
821,2026-04-02,North America,Mexico,Smartphone,4,4475.33,3238.66
822,2025-01-04,North America,United States,Monitor,16,10043.29,6798.91
823,2025-01-06,South America,Brazil,Smartphone,19,17623.95,11501.36
824,2026-03-29,Europe,Spain,Headphones,1,146.07,84.12
825,2025-08-01,Europe,France,Smartphone,2,1845.24,1081.08
826,2025-02-03,North America,Canada,Laptop,2,1817.78,1397.86
827,2025-06-15,North America,Mexico,Headphones,19,5558.89,2672.75
828,2026-04-12,North America,United States,Laptop,25,27482.36,18384.91
829,2026-01-24,Europe,Italy,Headphones,3,477.19,229.5
830,2025-10-09,North America,Mexico,Monitor,17,5183.69,3231.76
831,2025-03-01,Europe,Spain,Headphones,3,631.77,384.36
832,2025-10-22,South America,Chile,Tablet,9,5537.11,3982.04
833,2025-12-29,Asia,Malaysia,Headphones,16,3525.13,2133.86
834,2026-05-20,Asia,Malaysia,Smartphone,23,14544.98,9031.98
835,2025-05-02,Europe,Italy,Laptop,24,39553.67,29583.39
836,2026-03-01,South America,Brazil,Tablet,12,7634.99,5026.69
837,2025-01-12,Asia,Singapore,Tablet,26,8858.24,5412.81
838,2025-11-28,Europe,Germany,Tablet,11,5913.93,3824.63
839,2025-01-30,Asia,Japan,Tablet,27,13574.58,9153.61
840,2026-05-01,Europe,Netherlands,Smartphone,16,8388.94,6154.96
841,2025-12-10,South America,Argentina,Laptop,27,35668.98,25338.91
842,2025-11-20,Europe,France,Headphones,22,3730.41,2464.77
843,2025-12-29,Europe,France,Tablet,27,8605.01,6171.64
844,2025-06-19,South America,Brazil,Headphones,4,1253.76,780.91
845,2025-11-19,Europe,United Kingdom,Monitor,3,1345.58,858.51
846,2026-04-08,North America,United States,Headphones,10,1272.53,669.44
847,2025-02-08,Asia,India,Monitor,17,3611.95,2482.22
848,2026-05-28,Asia,Japan,Tablet,30,17702.49,12543.27
849,2025-11-14,North America,United States,Laptop,27,48121.38,33328.07
850,2025-05-16,Asia,India,Monitor,13,7238.9,5020.72
851,2025-01-05,North America,United States,Headphones,28,2898.29,1586.47
852,2025-02-17,Europe,Spain,Tablet,1,646.54,389.9
853,2025-08-03,North America,United States,Smartphone,10,6213.2,3858.79
854,2026-03-28,Europe,United Kingdom,Smartphone,6,3713.46,2162.87
855,2026-06-11,Europe,France,Headphones,12,2739.94,1622.98
856,2025-10-18,Asia,Japan,Laptop,10,14132.63,9669.52
857,2026-03-31,Europe,France,Laptop,16,27252.68,17116.67
858,2026-01-28,Europe,Germany,Monitor,13,3763.39,2616.98
859,2026-04-02,North America,Canada,Tablet,27,11309.98,7565.57
860,2025-03-22,South America,Chile,Smartphone,3,3150.84,2291.14
861,2026-04-25,Europe,Italy,Tablet,22,15106.33,11485.4
862,2026-04-27,Asia,Japan,Smartphone,28,31263.7,19736.41
863,2026-01-08,South America,Brazil,Tablet,26,21228.35,12847.6
864,2026-05-15,Europe,Germany,Monitor,4,1502.88,1132.87
865,2025-06-24,North America,Canada,Headphones,19,2173.53,1007.81
866,2025-04-20,North America,Mexico,Laptop,26,28655.07,19593.08
867,2026-02-28,Asia,Malaysia,Smartphone,18,9489.89,6331.47
868,2025-03-09,North America,United States,Headphones,14,4084.71,2206.28
869,2025-12-17,Asia,Japan,Laptop,24,41540.72,29987.0
870,2026-05-14,Europe,Spain,Headphones,15,2517.78,1390.97
871,2026-04-01,Asia,Singapore,Monitor,3,1497.39,1077.64
872,2026-01-24,North America,Canada,Laptop,3,3052.84,1930.08
873,2025-01-01,Asia,Japan,Monitor,18,6223.53,4409.32
874,2026-04-03,Asia,Japan,Tablet,10,6421.66,4593.06
875,2025-11-08,South America,Chile,Tablet,3,1948.91,1274.5
876,2026-06-07,South America,Brazil,Tablet,2,1043.07,671.02
877,2025-02-24,Europe,Netherlands,Headphones,27,9294.7,4417.12
878,2025-10-16,Europe,France,Monitor,23,11386.88,7971.21
879,2026-01-27,South America,Argentina,Monitor,18,5500.94,3453.19
880,2025-05-23,Asia,Malaysia,Monitor,27,17880.51,13310.14
881,2025-06-07,North America,Mexico,Smartphone,5,2046.41,1378.75
882,2025-05-28,South America,Chile,Monitor,5,1211.66,851.5
883,2026-03-02,South America,Chile,Headphones,30,5848.2,2873.53
884,2026-06-06,South America,Chile,Monitor,13,4909.5,3091.64
885,2025-01-08,South America,Chile,Smartphone,23,18431.81,11902.05
886,2026-01-11,Europe,Germany,Headphones,16,4325.09,2058.86
887,2026-05-09,Europe,France,Headphones,28,9676.53,6862.02
888,2026-04-22,Europe,Spain,Headphones,3,438.64,296.1
889,2025-03-21,North America,Mexico,Laptop,29,33162.84,24360.24
890,2026-04-26,South America,Chile,Monitor,19,10771.24,7188.32
891,2025-10-29,North America,United States,Laptop,23,39625.88,28923.25
892,2025-09-24,Europe,Netherlands,Monitor,19,5406.25,3288.4
893,2025-10-26,Europe,United Kingdom,Monitor,3,790.23,483.86
894,2025-10-12,North America,United States,Headphones,9,1388.78,693.14
895,2025-04-25,Asia,Malaysia,Smartphone,22,16661.1,11983.57
896,2025-09-25,Asia,South Korea,Smartphone,26,21369.69,12721.26
897,2025-03-28,Asia,Malaysia,Smartphone,27,21512.48,16112.28
898,2026-01-28,Asia,South Korea,Smartphone,7,6035.44,4373.84
899,2025-02-25,North America,United States,Laptop,6,7584.09,5204.18
900,2026-05-03,Asia,South Korea,Monitor,16,5301.0,3683.51
901,2026-03-22,Europe,United Kingdom,Monitor,13,7010.21,5284.87
902,2025-02-12,Europe,Spain,Tablet,28,15654.0,11052.78
903,2025-10-07,North America,Canada,Tablet,26,9333.12,6078.08
904,2026-02-05,South America,Chile,Smartphone,24,22500.29,15823.99
905,2026-06-17,North America,Mexico,Smartphone,11,9218.99,6247.23
906,2025-03-11,Europe,Italy,Laptop,17,15366.42,10623.59
907,2025-08-13,North America,Canada,Smartphone,2,837.92,489.94
908,2025-08-11,Europe,Netherlands,Laptop,3,4969.32,3184.27
909,2025-07-09,Europe,Netherlands,Smartphone,9,5720.89,3922.68
910,2025-03-19,South America,Argentina,Monitor,23,14989.0,10839.76
911,2025-11-28,North America,United States,Laptop,9,14193.95,9527.66
912,2025-12-07,Europe,United Kingdom,Tablet,6,3386.07,2145.39
913,2025-07-25,South America,Brazil,Monitor,4,1087.75,786.43
914,2025-08-12,Europe,Italy,Tablet,4,1283.67,721.38
915,2025-09-14,South America,Brazil,Monitor,5,2632.16,1579.66
916,2025-02-08,South America,Argentina,Smartphone,23,15268.89,9811.98
917,2025-01-04,South America,Argentina,Monitor,13,8086.32,5862.18
918,2025-03-13,Asia,India,Monitor,23,14006.73,9624.45
919,2026-01-03,North America,Mexico,Tablet,13,4330.52,3072.47
920,2025-04-03,North America,Mexico,Tablet,3,2414.13,1615.72
921,2025-10-24,Asia,Japan,Headphones,2,682.46,417.64
922,2025-11-03,South America,Brazil,Tablet,16,5614.68,3692.07
923,2025-07-14,Asia,India,Smartphone,1,975.79,668.29
924,2026-05-16,South America,Brazil,Headphones,21,3424.83,1961.77
925,2026-04-06,Europe,Germany,Tablet,2,1005.26,756.53
926,2026-02-20,Europe,France,Headphones,15,5007.36,3255.52
927,2025-06-02,Asia,India,Laptop,24,22598.17,16600.91
928,2026-04-28,Europe,France,Smartphone,1,537.8,359.25
929,2025-11-11,Europe,Italy,Headphones,6,1833.27,851.94
930,2025-04-19,Europe,Italy,Headphones,26,6401.71,2973.69
931,2025-07-27,South America,Argentina,Monitor,11,2864.41,2032.17
932,2025-05-21,North America,United States,Laptop,19,18495.51,11469.35
933,2025-10-08,Asia,South Korea,Smartphone,23,16006.66,9866.52
934,2025-09-07,Europe,France,Laptop,26,42831.53,30752.64
935,2025-06-11,Europe,Italy,Laptop,1,807.22,620.09
936,2025-10-18,South America,Chile,Monitor,23,6059.26,3774.28
937,2025-10-05,South America,Argentina,Smartphone,6,5330.58,3123.82
938,2025-07-04,South America,Chile,Laptop,21,34156.16,22822.87
939,2026-03-05,Europe,Spain,Smartphone,7,3458.04,2299.02
940,2025-04-08,North America,Mexico,Headphones,8,1642.71,959.48
941,2025-08-02,North America,United States,Smartphone,4,4149.16,2819.93
942,2026-05-01,South America,Brazil,Smartphone,22,25039.05,14739.09
943,2026-01-08,North America,United States,Monitor,9,3304.33,2375.23
944,2026-04-10,Europe,Germany,Laptop,30,40120.82,29099.12
945,2025-01-30,South America,Chile,Laptop,3,5085.24,3739.81
946,2025-11-30,South America,Brazil,Tablet,8,6139.08,3716.86
947,2025-04-11,Asia,South Korea,Smartphone,13,14470.2,8707.65
948,2026-05-12,Europe,Italy,Smartphone,7,7996.17,5859.58
949,2026-02-01,North America,United States,Monitor,24,7129.86,4615.69
950,2025-10-04,Asia,Singapore,Smartphone,2,1907.54,1143.65
951,2025-05-20,Europe,Italy,Monitor,14,3998.41,2618.85
952,2025-10-30,Asia,Malaysia,Smartphone,19,22346.06,16241.13
953,2025-03-30,South America,Chile,Monitor,28,19539.3,13573.03
954,2026-04-19,North America,United States,Monitor,24,15271.18,9615.55
955,2026-03-21,Asia,Malaysia,Smartphone,30,25768.82,15224.54
956,2025-02-15,Europe,Italy,Headphones,2,389.88,210.8
957,2025-04-11,South America,Argentina,Smartphone,3,2540.37,1478.46
958,2026-02-21,Asia,Japan,Tablet,10,4434.37,3236.3
959,2025-01-17,South America,Chile,Tablet,6,4331.9,3014.34
960,2025-01-25,South America,Argentina,Smartphone,28,26950.22,16428.62
961,2026-01-15,South America,Chile,Laptop,28,39964.54,27239.06
962,2025-12-07,Europe,United Kingdom,Monitor,25,8372.37,6290.79
963,2025-08-01,Europe,Spain,Tablet,24,20624.3,13148.1
964,2026-01-08,Europe,Germany,Monitor,12,5192.12,3149.23
965,2026-01-11,Asia,Malaysia,Laptop,18,27168.07,18005.75
966,2025-12-09,Asia,Malaysia,Laptop,21,26848.36,20948.8
967,2025-08-03,Asia,Singapore,Tablet,29,13352.03,9021.14
968,2025-10-11,Europe,Germany,Tablet,12,6857.36,4356.11
969,2025-05-06,South America,Chile,Headphones,22,6662.75,4376.59
970,2026-04-08,North America,Mexico,Laptop,7,11843.32,8092.07
971,2025-03-24,South America,Brazil,Tablet,3,1096.86,654.73
972,2025-06-01,South America,Brazil,Smartphone,17,19748.62,11525.9
973,2026-03-03,Asia,South Korea,Tablet,14,7928.42,5308.84
974,2025-10-26,Asia,India,Laptop,28,44855.69,34251.43
975,2026-06-17,North America,Canada,Headphones,11,2827.61,1755.86
976,2026-05-13,South America,Argentina,Tablet,19,7204.28,4929.09
977,2025-06-25,North America,United States,Monitor,12,8224.34,5865.27
978,2025-02-18,Asia,Singapore,Tablet,15,13105.92,8717.63
979,2025-06-14,North America,United States,Smartphone,27,26095.2,18651.64
980,2025-06-07,Asia,Japan,Laptop,2,3587.55,2589.94
981,2026-03-28,North America,Canada,Smartphone,7,5949.93,3424.48
982,2025-11-21,North America,United States,Tablet,15,9358.8,5312.44
983,2025-11-05,Europe,Germany,Monitor,30,13491.25,8408.58
984,2026-04-15,North America,United States,Laptop,24,32307.49,22330.47
985,2025-10-30,South America,Argentina,Headphones,22,2633.68,1527.54
986,2026-03-29,North America,Mexico,Laptop,24,30695.55,18921.13
987,2025-04-30,North America,United States,Monitor,20,12408.77,8206.61
988,2025-04-05,North America,United States,Headphones,21,2786.5,1563.45
989,2025-10-12,Asia,India,Laptop,18,29690.12,21921.11
990,2025-03-31,South America,Brazil,Monitor,11,5517.45,3762.06
991,2025-02-27,North America,Canada,Smartphone,23,24909.99,15671.89
992,2026-01-17,Europe,United Kingdom,Tablet,12,5818.21,3640.74
993,2025-03-31,Asia,South Korea,Monitor,26,10952.56,6968.09
994,2026-03-11,South America,Brazil,Headphones,20,2064.82,1027.85
995,2026-05-02,North America,United States,Headphones,25,4536.46,2002.95
996,2025-10-07,South America,Brazil,Headphones,15,4076.5,2542.54
997,2025-05-21,Asia,Japan,Monitor,10,4769.33,2941.52
998,2025-11-06,North America,Canada,Headphones,24,4923.17,2196.59
999,2025-01-03,Asia,Singapore,Tablet,21,16811.46,10764.92
1000,2025-10-22,South America,Brazil,Monitor,30,16317.65,10429.59
1001,2025-05-03,North America,Canada,Laptop,20,30911.31,21729.74
1002,2026-03-23,North America,Mexico,Monitor,23,14010.23,9102.62
1003,2025-01-18,North America,United States,Headphones,2,238.91,130.46
1004,2025-05-19,North America,United States,Laptop,9,10450.47,7438.64
1005,2025-12-31,Europe,United Kingdom,Tablet,17,11617.25,6541.22
1006,2025-07-18,Asia,India,Headphones,25,3128.17,1671.07
1007,2025-11-20,North America,Canada,Tablet,4,2482.61,1489.01
1008,2025-05-28,Europe,France,Headphones,10,1807.14,1014.76
1009,2025-12-15,Asia,India,Smartphone,5,4013.53,2901.99
1010,2026-06-23,Europe,Italy,Monitor,30,7146.0,5795.52
1011,2025-01-18,South America,Argentina,Tablet,23,11903.45,8200.24
1012,2026-06-20,North America,United States,Tablet,1,746.68,418.26
1013,2025-05-12,Asia,Japan,Tablet,5,2129.52,1547.71
1014,2026-03-12,Europe,Germany,Laptop,25,32106.37,22121.28
1015,2025-07-21,Europe,Germany,Headphones,19,1824.03,870.7
1016,2025-09-17,Europe,Germany,Tablet,22,6735.6,3815.08
1017,2025-05-07,Asia,Malaysia,Smartphone,6,5618.88,3341.45
1018,2025-05-30,North America,Mexico,Tablet,12,4756.01,2973.02
1019,2025-09-05,Europe,Germany,Headphones,25,2094.39,1047.01
1020,2025-07-16,North America,United States,Headphones,1,342.87,158.64
1021,2025-08-08,South America,Argentina,Headphones,6,1192.26,799.15
1022,2025-07-05,North America,Canada,Monitor,7,3199.88,2096.6
1023,2025-11-18,Europe,Italy,Laptop,17,15910.51,11805.02
1024,2025-10-23,Europe,Germany,Tablet,16,5910.94,3536.0
1025,2025-11-16,South America,Brazil,Headphones,14,2218.43,1434.73
1026,2025-07-13,Europe,Italy,Tablet,6,1846.03,1226.88
1027,2025-04-18,South America,Argentina,Headphones,22,5778.52,2758.78
1028,2026-02-09,South America,Chile,Headphones,4,1120.75,734.38
1029,2025-06-22,Europe,United Kingdom,Smartphone,11,6162.32,4406.33
1030,2026-02-18,Europe,France,Monitor,24,10789.32,7793.89
1031,2025-10-07,South America,Argentina,Monitor,22,11034.82,7334.97
1032,2026-05-12,North America,United States,Monitor,4,1044.38,697.95
1033,2025-08-25,Asia,India,Laptop,24,20468.46,13118.57
1034,2025-01-28,Asia,South Korea,Headphones,22,3702.12,1960.76
1035,2025-04-09,Europe,Netherlands,Headphones,25,5322.27,2965.49
1036,2025-10-28,South America,Argentina,Headphones,9,2038.12,1296.62
1037,2025-01-19,Europe,Italy,Laptop,13,16251.5,12293.61
1038,2026-03-30,South America,Brazil,Laptop,6,8140.0,6167.33
1039,2025-11-07,Asia,South Korea,Monitor,5,1781.15,1197.38
1040,2025-04-23,South America,Chile,Headphones,22,4963.99,2770.2
1041,2025-06-10,Europe,Italy,Tablet,16,10474.03,6433.42
1042,2025-12-28,North America,Canada,Laptop,1,1390.46,876.7
1043,2026-01-11,North America,Mexico,Headphones,1,286.6,167.31
1044,2026-01-25,Europe,Italy,Tablet,12,6565.89,3674.25
1045,2025-09-08,Asia,Japan,Tablet,19,6668.34,4514.19
1046,2025-11-09,Europe,United Kingdom,Smartphone,1,830.73,486.79
1047,2026-03-09,South America,Argentina,Laptop,23,29203.1,18209.82
1048,2025-11-21,South America,Chile,Monitor,11,5348.96,3901.17
1049,2025-04-13,Asia,Singapore,Monitor,17,10297.39,7380.98
1050,2025-06-20,North America,Canada,Monitor,7,3139.33,2277.82
1051,2025-03-19,Asia,Singapore,Tablet,2,956.78,629.08
1052,2025-08-20,Europe,Netherlands,Headphones,4,959.21,491.96
1053,2026-06-28,South America,Argentina,Smartphone,12,12438.26,8510.83
1054,2025-11-06,North America,Canada,Headphones,11,1474.23,785.07
1055,2026-06-12,South America,Chile,Headphones,6,1907.05,1133.56
1056,2026-06-13,Asia,Malaysia,Monitor,7,3712.82,2754.27
1057,2026-04-24,North America,Mexico,Headphones,26,6393.24,3943.98
1058,2026-03-21,Europe,Spain,Smartphone,12,9239.87,5714.49
1059,2025-11-04,South America,Argentina,Tablet,28,22347.6,12535.95
1060,2025-07-28,South America,Argentina,Tablet,21,8323.36,5549.73
1061,2025-08-30,South America,Brazil,Laptop,5,4959.58,3269.82
1062,2025-11-14,South America,Argentina,Headphones,14,2715.23,1787.44
1063,2025-07-26,Asia,Singapore,Smartphone,1,606.72,435.97
1064,2025-06-30,Europe,Netherlands,Monitor,26,5458.81,4026.06
1065,2025-03-27,North America,Mexico,Tablet,28,9468.17,6650.11
1066,2026-01-08,Europe,Italy,Smartphone,8,3916.37,2731.73
1067,2025-05-04,North America,Canada,Laptop,8,11198.57,8216.51
1068,2025-11-17,North America,Mexico,Monitor,26,14928.86,9371.6
1069,2026-03-10,Asia,Japan,Laptop,6,6084.65,4100.61
1070,2026-02-23,North America,Mexico,Laptop,16,21335.52,15402.94
1071,2025-04-26,North America,Mexico,Monitor,16,8661.91,6445.59
1072,2025-05-29,North America,Canada,Tablet,27,13092.38,8506.35
1073,2025-02-05,Europe,Netherlands,Smartphone,9,7579.64,4771.25
1074,2026-01-07,Europe,Spain,Smartphone,28,21109.82,12270.27
1075,2026-02-07,North America,Canada,Laptop,30,48681.23,31529.55
1076,2025-08-04,Asia,South Korea,Tablet,29,22833.11,15287.98
1077,2025-02-04,North America,United States,Monitor,16,9095.54,6714.68
1078,2025-12-07,South America,Brazil,Smartphone,23,14001.85,8269.75
1079,2026-03-07,North America,Canada,Laptop,25,21302.47,15181.31
1080,2026-03-31,Asia,India,Monitor,7,3599.04,2376.07
1081,2025-03-26,Europe,France,Smartphone,17,16504.47,11599.62
1082,2025-05-14,South America,Argentina,Monitor,16,10188.05,6330.46
1083,2025-06-27,North America,Canada,Smartphone,3,2194.79,1314.9
1084,2026-01-22,Asia,India,Laptop,30,40755.9,29667.06
1085,2025-08-23,Europe,Italy,Smartphone,9,8649.08,5250.0
1086,2026-02-15,South America,Chile,Tablet,5,1767.18,1082.48
1087,2025-05-01,Europe,Netherlands,Headphones,14,4043.3,2682.75
1088,2026-05-22,Europe,France,Smartphone,7,8097.89,6398.52
1089,2025-09-30,North America,Mexico,Monitor,13,3446.3,2505.51
1090,2025-08-09,North America,Mexico,Smartphone,14,7620.14,5309.67
1091,2025-01-30,North America,Canada,Smartphone,20,15215.63,9277.44
1092,2026-04-15,Europe,Germany,Monitor,5,3178.61,2657.01
1093,2026-02-12,Asia,South Korea,Monitor,24,11966.35,7439.35
1094,2025-03-02,Europe,United Kingdom,Smartphone,16,18025.3,13329.32
1095,2025-02-16,Europe,United Kingdom,Headphones,20,3657.06,2467.9
1096,2026-01-15,Asia,Malaysia,Laptop,19,18608.07,12228.83
1097,2026-05-20,North America,Canada,Smartphone,3,1961.56,1284.56
1098,2025-05-26,North America,United States,Tablet,2,1774.22,1108.65
1099,2025-10-15,North America,Canada,Tablet,29,23958.69,15434.15
1100,2025-09-28,North America,Canada,Smartphone,11,10884.45,7059.7
1101,2025-06-04,South America,Brazil,Smartphone,5,2218.27,1351.6
1102,2026-04-27,North America,United States,Monitor,14,3612.17,2648.54
1103,2026-05-22,Europe,Italy,Tablet,23,14639.79,10362.33
1104,2025-04-26,Asia,India,Tablet,3,1266.72,770.55
1105,2025-06-22,North America,Mexico,Headphones,7,1662.9,1103.29
1106,2026-06-23,Asia,South Korea,Laptop,8,12546.03,9262.8
1107,2025-12-03,Europe,United Kingdom,Laptop,13,15256.26,11726.93
1108,2025-04-19,North America,United States,Laptop,3,3780.7,2734.33
1109,2026-05-07,South America,Chile,Tablet,20,13896.08,8421.06
1110,2025-02-14,South America,Argentina,Headphones,5,685.35,316.08
1111,2025-10-17,North America,United States,Laptop,18,31534.2,21160.16
1112,2026-02-13,North America,United States,Smartphone,25,27310.31,15956.6
1113,2025-08-02,Asia,South Korea,Monitor,10,5235.84,3993.42
1114,2025-06-07,Europe,United Kingdom,Monitor,26,10820.66,7888.44
1115,2025-11-14,Asia,Singapore,Laptop,27,31521.33,20866.47
1116,2026-04-02,South America,Argentina,Tablet,19,12543.88,7091.53
1117,2026-03-09,North America,Mexico,Smartphone,14,12663.69,7406.63
1118,2026-06-10,North America,Canada,Smartphone,21,19928.77,11853.86
1119,2026-05-23,Europe,United Kingdom,Monitor,14,3354.28,2711.09
1120,2025-11-04,Asia,Japan,Tablet,27,12128.19,7673.68
1121,2025-02-18,Europe,Germany,Headphones,4,871.5,474.96
1122,2026-04-21,North America,Canada,Tablet,19,6632.17,4148.99
1123,2025-04-27,South America,Brazil,Smartphone,27,19287.88,11444.01
1124,2025-11-01,North America,Mexico,Monitor,25,13378.25,9228.44
1125,2025-09-29,North America,United States,Smartphone,6,2775.46,2018.17
1126,2025-09-23,Europe,Italy,Headphones,1,81.58,38.9
1127,2025-06-25,South America,Argentina,Monitor,28,14808.04,10648.16
1128,2026-05-14,North America,Mexico,Headphones,12,3197.75,2115.38
1129,2026-02-09,North America,United States,Smartphone,5,2055.5,1208.44
1130,2025-01-17,Asia,India,Smartphone,16,14702.38,10202.84
1131,2026-03-23,Asia,India,Tablet,25,14451.38,9257.24
1132,2025-01-23,Europe,France,Smartphone,24,23089.88,16953.02
1133,2026-04-28,Europe,Italy,Headphones,8,1074.89,710.47
1134,2026-02-06,Europe,United Kingdom,Laptop,4,5721.64,4200.23
1135,2026-03-02,South America,Chile,Headphones,20,5547.82,3771.28
1136,2025-02-07,South America,Argentina,Monitor,17,8423.83,5878.48
1137,2026-05-15,Asia,India,Headphones,1,193.94,103.3
1138,2025-03-07,North America,Mexico,Monitor,29,12663.4,8473.92
1139,2025-12-22,South America,Chile,Monitor,1,280.67,201.01
1140,2026-04-26,North America,Canada,Smartphone,17,9787.95,7002.8
1141,2025-12-14,South America,Brazil,Tablet,24,17443.95,12440.44
1142,2026-01-04,South America,Brazil,Headphones,7,1093.84,680.73
1143,2026-05-10,Asia,Japan,Smartphone,6,5307.6,3217.17
1144,2026-03-02,South America,Argentina,Smartphone,7,5918.25,4378.81
1145,2026-01-03,North America,Canada,Smartphone,6,6374.15,4545.49
1146,2025-02-02,Europe,United Kingdom,Monitor,4,2035.13,1260.37
1147,2025-08-18,South America,Argentina,Tablet,26,13341.76,7443.83
1148,2025-10-01,Asia,Malaysia,Headphones,22,2378.6,1121.74
1149,2026-03-25,South America,Brazil,Laptop,26,36674.89,27328.11
1150,2025-04-15,Europe,Spain,Laptop,6,8579.56,6514.79
1151,2026-01-06,Asia,Singapore,Monitor,25,11323.71,8234.69
1152,2025-04-12,Asia,Singapore,Tablet,27,10331.91,7276.37
1153,2026-03-26,South America,Brazil,Smartphone,27,28277.54,17945.24
1154,2026-06-02,Asia,India,Tablet,12,8749.44,5516.97
1155,2025-09-09,Asia,Malaysia,Monitor,26,8166.37,6029.09
1156,2026-02-28,South America,Argentina,Headphones,26,6869.03,4582.06
1157,2026-03-30,Asia,India,Headphones,3,308.67,164.34
1158,2025-06-18,South America,Brazil,Monitor,25,5463.67,4084.66
1159,2025-06-04,Europe,Netherlands,Headphones,10,1932.12,1263.09
1160,2025-11-08,North America,Canada,Laptop,27,29154.08,20245.95
1161,2025-05-31,South America,Argentina,Smartphone,29,24230.67,17110.11
1162,2026-03-29,North America,Mexico,Monitor,25,7466.2,4765.26
1163,2025-02-07,North America,Canada,Smartphone,17,20290.17,12487.15
1164,2025-04-06,North America,Mexico,Tablet,25,17035.28,9266.88
1165,2025-09-22,Asia,Singapore,Monitor,17,4338.76,2688.26
1166,2026-01-17,North America,Mexico,Headphones,12,1361.15,835.76
1167,2025-05-08,South America,Argentina,Headphones,24,1953.78,1031.53
1168,2025-08-30,Asia,Singapore,Tablet,10,7001.53,4891.02
1169,2025-05-24,South America,Chile,Smartphone,4,2649.11,1783.33
1170,2026-01-05,South America,Brazil,Smartphone,23,17032.74,11001.93
1171,2025-04-05,Europe,Italy,Smartphone,16,9149.24,5420.85
1172,2026-06-23,South America,Chile,Headphones,17,4934.81,3210.4
1173,2026-05-26,South America,Argentina,Monitor,24,16479.27,12059.69
1174,2025-05-28,Asia,South Korea,Monitor,5,3420.08,2367.07
1175,2026-06-26,Europe,Netherlands,Smartphone,15,11680.27,9104.06
1176,2026-01-14,Europe,Spain,Monitor,4,1041.73,720.34
1177,2025-02-11,Asia,India,Tablet,10,8946.12,5471.04
1178,2026-05-13,Europe,France,Smartphone,26,22664.18,15134.78
1179,2025-11-09,North America,United States,Smartphone,27,26776.66,15271.63
1180,2025-12-24,Europe,Germany,Monitor,16,7784.47,5375.35
1181,2025-12-12,South America,Argentina,Headphones,5,1428.63,808.74
1182,2026-04-17,South America,Chile,Monitor,5,3165.86,2064.25
1183,2026-02-24,South America,Brazil,Monitor,11,5175.47,3898.64
1184,2026-03-30,North America,Mexico,Laptop,28,27037.21,16600.0
1185,2025-11-13,Europe,Netherlands,Headphones,3,395.87,234.47
1186,2025-02-24,Asia,South Korea,Headphones,29,2466.14,1507.79
1187,2026-06-29,Asia,India,Tablet,26,11010.56,7718.92
1188,2026-03-31,Europe,Spain,Headphones,11,2073.34,954.45
1189,2025-01-24,North America,Canada,Smartphone,14,5869.44,3841.34
1190,2026-01-27,North America,United States,Laptop,4,5367.12,3518.98
1191,2025-07-07,North America,United States,Smartphone,10,11617.32,7883.25
1192,2025-03-02,North America,United States,Laptop,23,19745.54,13276.71
1193,2025-11-24,Asia,South Korea,Tablet,9,4727.77,3312.83
1194,2025-05-04,Europe,France,Smartphone,25,21940.09,13555.44
1195,2026-06-05,South America,Brazil,Tablet,2,982.0,632.44
1196,2025-03-09,South America,Brazil,Monitor,21,6654.27,4936.04
1197,2025-10-03,Europe,France,Headphones,21,6132.16,3189.1
1198,2026-02-21,South America,Brazil,Headphones,7,2039.65,984.63
1199,2025-06-22,Asia,Malaysia,Monitor,30,14327.28,8835.45
1200,2026-04-21,North America,Mexico,Smartphone,1,448.14,321.54
1201,2025-10-07,North America,Mexico,Monitor,12,7454.63,4651.99
1202,2026-06-07,North America,United States,Smartphone,24,19854.51,11539.24
1203,2025-04-02,South America,Chile,Laptop,27,25370.56,17988.65
1204,2025-10-14,South America,Brazil,Headphones,17,5754.54,3010.83
1205,2025-12-17,North America,Mexico,Monitor,9,2906.68,2172.11
1206,2025-12-16,Asia,South Korea,Headphones,11,927.15,574.02
1207,2025-01-03,South America,Brazil,Laptop,22,21417.79,15183.64
1208,2026-05-16,South America,Chile,Laptop,26,43594.73,31571.42
1209,2025-02-01,South America,Chile,Laptop,12,21264.47,14464.52
1210,2026-01-02,South America,Brazil,Laptop,4,5050.77,3888.08
1211,2026-04-01,Europe,France,Laptop,25,27028.36,22904.48
1212,2026-01-02,Asia,India,Headphones,21,3399.02,2124.72
1213,2025-08-28,South America,Argentina,Laptop,9,11635.54,8524.75
1214,2025-08-03,Europe,France,Monitor,4,2539.83,1755.17
1215,2026-05-21,Asia,Malaysia,Smartphone,22,21803.14,15208.74
1216,2025-06-29,Europe,Spain,Smartphone,24,10848.95,6743.05
1217,2025-08-22,North America,United States,Laptop,23,33987.89,24074.07
1218,2026-04-10,Europe,Italy,Laptop,28,48685.26,37449.08
1219,2026-02-21,North America,United States,Headphones,15,3207.08,1792.66
1220,2025-02-14,Asia,India,Tablet,30,16561.12,10537.95
1221,2025-01-06,South America,Brazil,Tablet,3,2484.18,1707.39
1222,2025-08-20,South America,Brazil,Smartphone,7,3721.1,2343.28
1223,2025-04-10,Europe,Italy,Monitor,26,5512.31,4010.51
1224,2025-12-09,North America,United States,Laptop,16,16613.75,11040.31
1225,2025-02-25,North America,Mexico,Smartphone,3,3061.8,2048.74
1226,2025-04-08,South America,Chile,Laptop,3,5323.58,4081.45
1227,2026-01-22,North America,Mexico,Laptop,26,24115.93,18257.17
1228,2026-03-29,Europe,United Kingdom,Headphones,21,4128.53,1954.53
1229,2025-02-27,Europe,United Kingdom,Monitor,13,3222.9,2321.5
1230,2025-08-27,Europe,Italy,Monitor,15,8963.74,6640.25
1231,2025-04-14,North America,Mexico,Laptop,15,19758.19,13910.76
1232,2025-04-21,Europe,Germany,Headphones,23,2259.45,1426.99
1233,2025-07-18,Asia,Malaysia,Tablet,12,6631.25,4530.38
1234,2026-04-01,Asia,Japan,Smartphone,26,11316.67,6908.02
1235,2026-03-23,North America,Canada,Headphones,29,6557.16,3104.77
1236,2026-04-26,North America,Mexico,Tablet,10,5212.98,2822.17
1237,2025-05-29,Europe,France,Headphones,27,8248.43,5340.87
1238,2026-03-09,North America,United States,Smartphone,21,23662.8,16460.85
1239,2025-12-16,Asia,South Korea,Monitor,20,10924.14,8152.92
1240,2025-12-10,North America,Canada,Tablet,6,2177.45,1500.13
1241,2025-02-13,South America,Brazil,Laptop,21,21483.53,14111.32
1242,2025-08-07,Asia,South Korea,Tablet,26,19345.27,11508.57
1243,2025-07-08,Europe,United Kingdom,Laptop,3,3473.66,2461.96
1244,2025-05-26,North America,Canada,Smartphone,21,18239.53,12630.61
1245,2025-02-14,Europe,France,Smartphone,10,5393.17,3892.04
1246,2025-06-28,North America,Mexico,Smartphone,6,3340.74,1998.34
1247,2025-09-26,Europe,Germany,Smartphone,13,12010.64,8666.9
1248,2025-12-13,Asia,Singapore,Monitor,8,3078.56,2061.33
1249,2025-06-25,South America,Chile,Laptop,4,3777.73,2900.79
1250,2025-07-14,Asia,Malaysia,Monitor,23,8903.94,6285.54
1251,2025-09-08,Europe,Spain,Headphones,7,2174.88,1125.85
1252,2025-06-02,North America,United States,Laptop,21,33507.85,25119.37
1253,2026-06-05,South America,Brazil,Laptop,26,33037.35,23990.41
1254,2025-03-08,Asia,Malaysia,Monitor,25,16030.28,11705.02
1255,2026-01-19,South America,Chile,Monitor,6,2165.47,1428.82
1256,2026-05-10,South America,Argentina,Tablet,19,10270.79,7257.35
1257,2025-02-07,Asia,Japan,Smartphone,15,16358.02,10687.41
1258,2025-11-10,South America,Argentina,Headphones,6,1995.51,1069.68
1259,2025-03-28,Asia,India,Tablet,15,9169.39,5493.66
1260,2025-02-12,South America,Chile,Headphones,11,2145.52,1196.21
1261,2026-02-23,North America,Canada,Tablet,9,4764.8,2718.44
1262,2025-08-28,North America,Mexico,Laptop,12,20417.71,13416.94
1263,2026-05-29,Europe,United Kingdom,Smartphone,4,1979.48,1420.55
1264,2025-07-25,North America,United States,Tablet,9,4334.66,2941.7
1265,2025-10-09,Asia,Malaysia,Smartphone,28,28053.39,19872.22
1266,2025-09-25,Europe,United Kingdom,Tablet,27,13715.44,9867.76
1267,2026-02-20,Europe,Italy,Headphones,25,8422.55,5466.72
1268,2025-08-22,Asia,Japan,Monitor,8,3663.3,2695.3
1269,2026-04-25,South America,Argentina,Laptop,11,18103.82,12466.41
1270,2026-03-04,Asia,South Korea,Monitor,28,13418.26,8989.59
1271,2025-05-12,North America,Mexico,Laptop,16,25766.42,19157.02
1272,2025-12-14,Asia,South Korea,Monitor,22,12678.89,9281.64
1273,2025-11-03,North America,Mexico,Laptop,19,30121.8,22818.56
1274,2025-06-07,North America,Mexico,Headphones,30,7323.48,4682.61
1275,2026-01-26,Asia,South Korea,Laptop,18,21355.81,15076.44
1276,2025-12-03,South America,Chile,Tablet,3,1208.56,803.37
1277,2025-07-01,Europe,Netherlands,Headphones,16,1395.94,692.07
1278,2026-01-31,North America,United States,Smartphone,10,9276.56,5391.51
1279,2025-02-28,North America,Mexico,Laptop,6,6760.63,5108.13
1280,2026-02-05,Asia,India,Smartphone,18,13225.15,9375.35
1281,2026-02-03,Asia,Japan,Smartphone,10,7457.61,5246.78
1282,2026-05-02,Asia,Malaysia,Headphones,10,2386.23,1373.44
1283,2026-04-15,North America,United States,Laptop,5,6228.66,4621.25
1284,2025-09-10,North America,Mexico,Monitor,15,6470.22,3857.89
1285,2025-04-04,North America,Mexico,Monitor,12,6601.9,4646.84
1286,2025-11-01,South America,Chile,Smartphone,14,8390.31,6074.54
1287,2026-03-19,South America,Argentina,Smartphone,23,19662.52,12642.38
1288,2025-02-14,Asia,Japan,Tablet,29,19628.65,11966.04
1289,2025-03-10,Asia,South Korea,Monitor,25,11910.3,9162.0
1290,2025-03-20,Europe,Spain,Tablet,14,7987.86,4736.57
1291,2026-06-03,Europe,Italy,Laptop,3,4316.6,3488.24
1292,2026-04-18,South America,Argentina,Monitor,28,8321.65,5043.29
1293,2025-09-14,Europe,Netherlands,Smartphone,11,10298.6,6738.16
1294,2026-04-18,Europe,Germany,Headphones,22,3199.22,2394.63
1295,2025-05-24,South America,Argentina,Smartphone,6,6424.78,4350.34
1296,2025-07-01,North America,United States,Headphones,24,4452.7,2038.65
1297,2025-01-12,North America,United States,Monitor,12,3467.64,2442.28
1298,2026-06-30,Asia,South Korea,Laptop,27,38739.34,27646.71
1299,2025-04-16,South America,Chile,Tablet,15,4971.74,2738.4
1300,2026-01-22,Asia,Japan,Tablet,30,13293.73,7651.01
1301,2026-03-08,Europe,Germany,Tablet,27,11212.86,7442.21
1302,2025-08-14,Europe,Netherlands,Smartphone,24,12807.31,8280.04
1303,2025-04-21,North America,Canada,Headphones,21,2754.73,1343.31
1304,2026-02-09,South America,Brazil,Smartphone,7,3392.96,2143.46
1305,2025-01-16,South America,Chile,Tablet,1,533.51,335.04
1306,2025-03-09,North America,Mexico,Headphones,12,1102.36,709.54
1307,2026-02-25,North America,Mexico,Monitor,4,2225.06,1594.48
1308,2025-06-25,North America,United States,Headphones,11,3794.81,2277.46
1309,2025-05-17,North America,United States,Tablet,28,19595.03,10806.21
1310,2025-01-19,South America,Argentina,Headphones,21,5886.08,3330.27
1311,2025-01-14,Asia,India,Headphones,25,8053.26,4276.57
1312,2026-03-15,Asia,Malaysia,Laptop,2,1875.11,1330.95
1313,2025-07-26,Asia,South Korea,Smartphone,21,9036.83,6666.88
1314,2026-03-31,North America,United States,Tablet,11,7547.77,5051.6
1315,2026-06-18,South America,Chile,Tablet,25,7855.4,5451.48
1316,2025-12-06,North America,United States,Smartphone,18,7978.67,5719.33
1317,2025-09-12,Asia,Malaysia,Monitor,17,6133.91,4175.83
1318,2025-01-07,Europe,Italy,Laptop,7,5964.75,4644.88
1319,2025-07-29,Asia,India,Smartphone,19,15942.48,11434.54
1320,2025-07-29,Asia,Malaysia,Laptop,14,21349.85,14514.35
1321,2025-07-22,Asia,South Korea,Smartphone,20,11983.51,7617.4
1322,2026-04-05,Asia,Singapore,Monitor,3,2026.52,1352.77
1323,2026-01-22,Asia,South Korea,Monitor,14,6337.05,4610.76
1324,2025-06-09,South America,Brazil,Monitor,14,8778.3,6332.81
1325,2025-11-04,Asia,Malaysia,Smartphone,9,6339.24,4050.37
1326,2025-10-18,South America,Chile,Headphones,16,1590.78,765.85
1327,2026-04-26,Asia,Japan,Smartphone,1,410.27,274.93
1328,2026-01-19,South America,Argentina,Monitor,13,8908.2,5876.77
1329,2026-05-17,North America,Mexico,Headphones,3,571.12,256.39
1330,2025-05-08,South America,Chile,Smartphone,7,7072.52,5185.12
1331,2025-12-23,South America,Chile,Tablet,23,7696.32,4737.14
1332,2026-03-11,Asia,Japan,Monitor,2,1321.47,882.51
1333,2025-01-29,Asia,Singapore,Headphones,15,5024.27,2481.46
1334,2025-09-11,Asia,India,Laptop,25,22307.65,16593.71
1335,2026-01-29,South America,Chile,Headphones,29,2949.13,1944.33
1336,2026-03-10,Asia,South Korea,Tablet,23,11070.63,8020.74
1337,2026-01-27,North America,Mexico,Monitor,25,15955.01,11271.0
1338,2025-04-02,Europe,Netherlands,Headphones,25,7383.35,4705.21
1339,2025-10-03,Asia,South Korea,Tablet,1,892.22,623.47
1340,2025-01-02,Europe,Germany,Monitor,17,6943.16,4486.21
1341,2026-03-18,Asia,Japan,Tablet,6,4334.57,2573.28
1342,2025-07-06,Europe,Italy,Headphones,27,3709.66,1840.79
1343,2025-07-07,Asia,Singapore,Monitor,15,7701.28,5467.2
1344,2025-06-20,Europe,United Kingdom,Laptop,13,12020.86,7576.53
1345,2025-01-31,Asia,South Korea,Monitor,22,12765.87,7806.6
1346,2025-09-30,Europe,Netherlands,Headphones,26,9013.08,4256.64
1347,2026-06-19,Europe,Italy,Headphones,17,5889.86,4153.02
1348,2026-05-13,South America,Argentina,Headphones,14,2392.16,1451.63
1349,2025-12-18,North America,United States,Tablet,22,11859.82,7635.8
1350,2025-12-31,North America,United States,Laptop,15,25058.12,16896.42
1351,2025-05-23,Europe,Spain,Laptop,28,37257.62,28769.21
1352,2025-09-12,North America,Canada,Headphones,22,5673.72,3116.55
1353,2026-02-28,Asia,India,Tablet,1,680.27,481.96
1354,2025-11-30,South America,Brazil,Headphones,16,3008.71,1777.84
1355,2025-03-25,North America,Canada,Monitor,22,13828.1,10161.34
1356,2026-01-30,North America,Mexico,Smartphone,23,11834.17,7730.18
1357,2026-06-01,Europe,France,Monitor,26,6332.17,5149.17
1358,2026-04-24,Asia,South Korea,Laptop,16,23402.27,15645.46
1359,2025-08-05,Asia,India,Laptop,14,25107.06,15934.84
1360,2025-12-01,South America,Argentina,Smartphone,24,14546.47,9545.51
1361,2025-05-07,Asia,Malaysia,Monitor,3,1793.31,1189.41
1362,2025-08-18,Europe,Netherlands,Tablet,13,10999.3,7438.88
1363,2026-01-26,South America,Brazil,Smartphone,9,4432.97,2633.31
1364,2025-04-02,North America,Mexico,Headphones,30,3924.07,2576.78
1365,2026-01-12,Asia,Singapore,Monitor,19,10800.72,7125.54
1366,2025-07-14,South America,Argentina,Tablet,25,12975.36,8634.86
1367,2025-05-10,Asia,India,Monitor,1,469.15,320.75
1368,2025-05-29,North America,United States,Monitor,22,9413.63,6459.96
1369,2025-05-30,Europe,Spain,Tablet,10,6014.27,4011.89
1370,2025-10-08,South America,Chile,Smartphone,16,10131.14,7442.73
1371,2025-03-02,North America,United States,Smartphone,28,27611.54,19318.88
1372,2025-02-23,Asia,South Korea,Monitor,10,6921.95,4952.52
1373,2025-06-13,Europe,Spain,Monitor,11,4523.41,3056.68
1374,2025-12-23,South America,Argentina,Laptop,17,25954.83,17264.59
1375,2025-07-19,South America,Brazil,Smartphone,11,11019.95,7414.9
1376,2025-02-25,North America,Canada,Smartphone,19,9690.93,6602.94
1377,2025-10-26,Asia,Japan,Smartphone,26,25966.36,18375.12
1378,2025-01-10,North America,Mexico,Headphones,4,1052.58,702.44
1379,2025-06-01,South America,Argentina,Smartphone,30,13351.96,8503.77
1380,2026-05-01,Asia,India,Laptop,17,24651.66,17871.04
1381,2025-06-02,South America,Brazil,Laptop,4,4163.42,2906.82
1382,2025-06-26,South America,Chile,Laptop,25,31591.84,23722.67
1383,2026-01-27,North America,Mexico,Monitor,12,2469.61,1503.16
1384,2025-05-05,South America,Chile,Headphones,8,689.74,401.28
1385,2026-05-07,North America,Mexico,Laptop,26,36214.85,24315.87
1386,2026-03-21,North America,Mexico,Smartphone,4,2640.73,1806.8
1387,2025-07-09,South America,Chile,Laptop,13,17628.78,12442.86
1388,2026-06-27,South America,Brazil,Headphones,27,6422.62,3944.53
1389,2025-05-08,Asia,India,Smartphone,28,24619.9,15234.55
1390,2026-04-03,North America,United States,Laptop,5,6875.41,4911.94
1391,2025-03-31,North America,United States,Laptop,4,5224.59,3490.91
1392,2025-06-25,South America,Chile,Laptop,8,8804.8,6791.97
1393,2026-06-16,North America,Mexico,Headphones,15,1766.41,976.48
1394,2025-11-17,North America,Mexico,Headphones,17,2323.16,1075.1
1395,2025-02-15,Asia,India,Smartphone,5,3198.84,2313.46
1396,2025-05-18,Asia,Malaysia,Tablet,9,3393.86,2259.61
1397,2025-03-18,North America,Canada,Monitor,21,13688.43,8952.36
1398,2025-03-27,North America,Mexico,Monitor,23,6247.31,3889.59
1399,2025-10-03,Asia,Singapore,Headphones,22,5607.76,3239.2
1400,2025-06-17,South America,Brazil,Tablet,26,14564.58,8074.67
1401,2025-09-11,Europe,United Kingdom,Laptop,18,16379.82,11592.64
1402,2025-03-09,North America,Mexico,Laptop,12,20510.94,15065.11
1403,2025-05-30,Asia,Singapore,Laptop,4,4708.62,3696.29
1404,2026-01-23,Europe,Germany,Smartphone,17,16705.25,10508.4
1405,2026-05-17,Europe,Spain,Tablet,23,14795.78,10030.64
1406,2025-10-05,Europe,Germany,Smartphone,11,12729.29,8176.41
1407,2025-12-20,South America,Argentina,Headphones,5,749.73,455.79
1408,2025-06-09,Asia,Japan,Monitor,19,10786.51,6671.01
1409,2026-01-15,Asia,Malaysia,Monitor,23,9864.55,6710.2
1410,2025-12-29,South America,Chile,Tablet,9,7844.13,5008.48
1411,2025-08-23,North America,Mexico,Laptop,10,12065.15,7963.45
1412,2025-04-03,Europe,Germany,Smartphone,3,1596.27,940.5
1413,2025-10-20,South America,Brazil,Monitor,22,9995.51,7166.05
1414,2026-05-07,South America,Chile,Headphones,23,2614.33,1184.81
1415,2025-07-14,Europe,Netherlands,Monitor,23,10744.74,7040.05
1416,2026-06-25,Europe,Spain,Monitor,6,3223.57,2646.9
1417,2026-06-21,Asia,Japan,Laptop,12,19672.91,14010.84
1418,2025-02-22,South America,Argentina,Monitor,6,2319.85,1433.94
1419,2025-09-13,Europe,United Kingdom,Tablet,16,7618.03,4465.85
1420,2026-02-08,Asia,Singapore,Headphones,27,8673.02,5855.55
1421,2026-05-15,Europe,United Kingdom,Laptop,20,25207.08,18848.24
1422,2025-04-20,Europe,United Kingdom,Smartphone,13,8887.14,5298.64
1423,2026-05-19,Asia,India,Headphones,17,5484.16,3040.78
1424,2026-05-15,Europe,France,Tablet,8,4659.35,3231.88
1425,2026-01-09,South America,Brazil,Headphones,26,3971.76,2691.09
1426,2026-03-26,Asia,Japan,Tablet,24,13449.03,8352.79
1427,2025-07-23,Europe,France,Tablet,2,760.42,472.66
1428,2025-12-06,Europe,France,Smartphone,16,18684.15,13775.23
1429,2025-05-02,South America,Argentina,Headphones,16,4735.22,2908.82
1430,2025-11-29,South America,Chile,Monitor,5,1274.33,786.6
1431,2025-01-22,Asia,Japan,Tablet,17,5239.22,3543.57
1432,2025-02-23,North America,Canada,Headphones,24,1972.03,1085.49
1433,2025-10-16,South America,Brazil,Monitor,8,4070.45,2917.21
1434,2025-07-11,Asia,Singapore,Laptop,28,29778.86,22100.47
1435,2026-03-16,Asia,South Korea,Laptop,23,35200.5,25618.08
1436,2025-07-13,Asia,Japan,Laptop,5,6006.42,4047.23
1437,2025-07-16,Asia,South Korea,Laptop,20,19992.87,15360.44
1438,2026-01-25,South America,Chile,Tablet,23,15639.68,9217.13
1439,2025-12-11,South America,Argentina,Laptop,17,20860.24,13105.75
1440,2025-04-23,North America,Canada,Tablet,12,8723.42,5076.89
1441,2025-02-18,Asia,India,Laptop,2,2920.86,1990.46
1442,2025-10-20,South America,Argentina,Headphones,4,785.38,398.99
1443,2026-05-19,North America,Canada,Tablet,4,1432.53,776.89
1444,2025-05-14,North America,Canada,Tablet,24,18414.84,11599.63
1445,2026-01-16,Asia,Singapore,Smartphone,19,13437.55,9835.63
1446,2025-05-14,Europe,Germany,Headphones,30,9560.74,6099.79
1447,2025-07-17,South America,Brazil,Laptop,18,25542.19,17068.21
1448,2026-05-01,Asia,Malaysia,Smartphone,2,1004.53,659.89
1449,2025-09-16,North America,Canada,Monitor,21,11731.92,8631.6
1450,2025-03-11,South America,Argentina,Headphones,30,10114.8,6391.58
1451,2025-06-20,North America,Mexico,Smartphone,10,4363.56,2882.52
1452,2025-07-14,South America,Argentina,Headphones,28,6121.97,2860.47
1453,2026-03-25,South America,Chile,Monitor,13,6546.92,4144.91
1454,2025-01-04,Asia,Malaysia,Smartphone,19,18190.17,13290.92
1455,2026-06-10,South America,Chile,Headphones,9,1457.29,729.63
1456,2025-10-02,Europe,France,Smartphone,2,1653.71,1036.37
1457,2025-06-01,North America,United States,Tablet,28,21682.44,14076.46
1458,2025-09-12,Asia,Malaysia,Laptop,1,1448.65,1059.29
1459,2026-01-13,North America,United States,Headphones,9,2474.65,1321.26
1460,2025-10-29,North America,United States,Laptop,27,31198.05,22677.12
1461,2025-10-14,Asia,Singapore,Laptop,18,26231.72,20168.97
1462,2025-04-19,South America,Chile,Tablet,28,18920.66,12350.23
1463,2025-07-31,South America,Brazil,Tablet,9,3801.16,2497.61
1464,2026-02-09,Asia,South Korea,Smartphone,24,23544.69,15280.09
1465,2026-05-06,Europe,Italy,Smartphone,15,8220.34,6559.63
1466,2025-07-13,South America,Chile,Smartphone,21,13138.34,8272.24
1467,2025-07-01,South America,Chile,Headphones,7,691.27,322.53
1468,2025-09-09,South America,Chile,Monitor,4,2248.61,1398.56
1469,2025-01-13,Europe,Italy,Monitor,1,255.02,153.56
1470,2025-02-14,Asia,Japan,Laptop,9,8483.72,6196.35
1471,2025-01-14,Europe,Germany,Headphones,24,7222.29,4666.51
1472,2025-03-29,Asia,Japan,Monitor,25,12035.64,8197.38
1473,2025-06-17,North America,Canada,Monitor,5,1609.52,1089.59
1474,2025-10-01,Europe,Germany,Laptop,4,5378.57,3422.98
1475,2026-03-02,Asia,India,Smartphone,1,581.34,378.84
1476,2025-12-28,North America,United States,Monitor,22,14126.46,10194.3
1477,2025-04-26,South America,Brazil,Laptop,8,7213.89,5575.87
1478,2026-01-01,Europe,Spain,Tablet,4,2065.18,1460.5
1479,2025-03-28,Europe,Spain,Smartphone,6,4457.42,2824.11
1480,2025-07-05,South America,Brazil,Tablet,20,15810.75,9632.31
1481,2025-04-17,North America,Canada,Tablet,30,13777.22,9563.97
1482,2025-03-20,Europe,France,Smartphone,11,5700.47,3713.69
1483,2026-05-05,Europe,Germany,Headphones,14,4747.23,2820.09
1484,2025-04-03,North America,United States,Smartphone,25,17700.35,10993.52
1485,2026-03-11,South America,Chile,Monitor,20,11935.02,7797.8
1486,2025-09-09,South America,Argentina,Headphones,16,3607.39,2032.04
1487,2025-08-24,South America,Brazil,Headphones,23,4459.63,2599.57
1488,2025-08-13,Europe,France,Tablet,1,421.97,293.1
1489,2026-01-07,South America,Brazil,Laptop,2,3422.72,2319.71
1490,2025-05-23,North America,Canada,Smartphone,27,29231.54,21207.23
1491,2026-03-08,Asia,Japan,Smartphone,2,1995.19,1214.59
1492,2025-05-27,South America,Chile,Laptop,23,40593.0,27581.71
1493,2025-04-19,Europe,Italy,Headphones,28,3435.79,1662.18
1494,2025-05-25,Europe,France,Laptop,1,1369.18,1027.15
1495,2025-06-03,Asia,South Korea,Smartphone,24,19727.04,14633.57
1496,2026-04-27,South America,Chile,Tablet,15,11532.57,7705.97
1497,2025-10-21,Europe,France,Laptop,29,41831.17,29979.05
1498,2025-06-27,Asia,India,Monitor,27,11118.88,8469.46
1499,2026-04-11,North America,Mexico,Headphones,10,2715.25,1459.3
1500,2025-06-10,North America,United States,Headphones,13,4472.52,2096.63
1501,2025-08-05,South America,Chile,Laptop,8,9538.33,7169.01
1502,2025-03-21,South America,Argentina,Tablet,21,14387.82,9936.71
1503,2025-06-18,Europe,United Kingdom,Monitor,7,2344.72,1446.0
1504,2026-01-07,North America,United States,Smartphone,10,5302.08,3112.5
1505,2025-08-05,Europe,United Kingdom,Smartphone,18,10104.85,7363.13
1506,2025-09-04,North America,United States,Headphones,19,1750.21,1167.2
1507,2026-05-11,Europe,Germany,Tablet,3,2598.32,1640.68
1508,2026-01-01,North America,Canada,Headphones,7,1154.35,611.63
1509,2025-12-31,Asia,India,Tablet,14,11730.69,7573.43
1510,2026-05-30,Asia,India,Headphones,26,4762.42,2832.99
1511,2025-02-08,North America,United States,Smartphone,22,16950.67,12062.65
1512,2025-04-06,Asia,Japan,Smartphone,25,24371.09,18252.65
1513,2026-05-29,North America,Canada,Smartphone,11,6959.41,4661.1
1514,2026-03-18,Europe,Netherlands,Monitor,8,2435.28,1699.0
1515,2025-03-18,Asia,Malaysia,Monitor,4,2409.45,1524.75
1516,2025-11-13,Europe,Italy,Laptop,15,16705.78,12854.25
1517,2025-06-15,Europe,United Kingdom,Headphones,12,2104.91,981.65
1518,2026-04-17,North America,Canada,Tablet,25,20649.87,13433.76
1519,2025-05-24,Europe,Spain,Monitor,2,763.47,493.1
1520,2026-02-23,Asia,South Korea,Tablet,17,13717.32,9901.82
1521,2026-01-18,Europe,Netherlands,Monitor,17,7225.78,5349.87
1522,2025-02-13,Europe,Netherlands,Smartphone,23,24310.72,14131.12
1523,2025-04-18,North America,Canada,Smartphone,19,13669.06,7950.97
1524,2026-02-02,South America,Chile,Laptop,12,15190.53,10979.68
1525,2026-04-22,Europe,Germany,Smartphone,24,11680.29,9502.24
1526,2026-02-11,South America,Brazil,Monitor,11,2554.59,1672.72
1527,2026-05-13,Asia,South Korea,Laptop,9,11291.21,8098.2
1528,2026-04-27,Asia,Japan,Tablet,19,6057.09,4010.9
1529,2026-01-25,Europe,United Kingdom,Monitor,16,4907.37,3110.48
1530,2025-01-24,South America,Argentina,Tablet,21,8518.93,4890.68
1531,2025-10-08,South America,Brazil,Tablet,28,20365.07,14217.25
1532,2026-06-22,Asia,Singapore,Smartphone,27,11960.83,8769.6
1533,2026-03-15,North America,Canada,Smartphone,7,4755.95,3029.81
1534,2026-05-02,Asia,South Korea,Tablet,30,21472.23,13444.91
1535,2025-01-11,Asia,India,Headphones,20,2380.93,1458.88
1536,2025-11-21,Europe,France,Monitor,30,8212.3,6063.04
1537,2025-04-27,South America,Argentina,Headphones,24,1943.83,1076.16
1538,2025-05-09,South America,Chile,Headphones,4,359.4,223.37
1539,2025-07-12,South America,Chile,Headphones,25,3121.18,1675.57
1540,2025-12-23,Asia,Japan,Headphones,1,179.97,97.84
1541,2025-11-06,North America,Mexico,Laptop,23,29880.01,23003.05
1542,2026-02-28,South America,Argentina,Tablet,27,16887.97,10790.38
1543,2025-12-10,Europe,France,Monitor,14,5411.85,3725.74
1544,2025-06-16,South America,Argentina,Tablet,28,19481.37,12967.74
1545,2025-10-18,Europe,Germany,Laptop,3,4348.87,3125.11
1546,2026-02-26,Europe,Italy,Headphones,30,6812.34,4058.19
1547,2026-05-31,Europe,Netherlands,Tablet,28,15466.77,10330.09
1548,2026-04-11,South America,Brazil,Smartphone,28,21718.46,13029.13
1549,2026-04-21,South America,Chile,Monitor,1,669.81,485.71
1550,2026-06-04,North America,Canada,Tablet,10,8030.91,5422.25
1551,2026-03-01,Asia,India,Monitor,2,415.53,263.67
1552,2026-01-19,North America,Canada,Smartphone,19,22691.0,13811.85
1553,2026-02-05,Asia,Malaysia,Monitor,27,6096.34,4627.8
1554,2026-03-16,Asia,South Korea,Smartphone,13,14603.38,9824.63
1555,2026-03-24,Asia,India,Smartphone,17,8409.87,5738.13
1556,2026-02-06,North America,Mexico,Smartphone,11,6193.11,3622.49
1557,2026-03-24,Europe,Netherlands,Headphones,5,437.55,268.11
1558,2025-03-22,South America,Brazil,Smartphone,15,13613.56,9589.59
1559,2025-07-11,Asia,Japan,Tablet,7,4348.75,2616.61
1560,2026-01-23,North America,Mexico,Laptop,9,7946.67,5030.27
1561,2025-01-24,Europe,Germany,Monitor,30,14938.42,9218.98
1562,2025-10-17,North America,United States,Laptop,3,3882.74,2592.98
1563,2025-08-01,South America,Brazil,Monitor,26,5485.44,3355.84
1564,2025-03-20,Asia,South Korea,Monitor,29,10346.98,7815.37
1565,2025-06-14,Asia,Singapore,Laptop,29,28381.64,20456.55
1566,2025-02-02,Europe,United Kingdom,Tablet,16,14351.19,9356.96
1567,2025-01-06,Asia,Malaysia,Tablet,30,11188.68,7418.53
1568,2025-01-24,Asia,Japan,Tablet,4,3356.57,1896.51
1569,2025-05-22,Asia,India,Smartphone,9,5570.4,3464.11
1570,2025-04-05,North America,Mexico,Headphones,21,3348.8,2047.44
1571,2026-05-23,South America,Chile,Monitor,30,8895.81,5583.67
1572,2025-10-15,South America,Brazil,Headphones,26,7460.47,3891.86
1573,2025-07-30,South America,Argentina,Monitor,14,6974.31,4487.74
1574,2025-11-23,Europe,Spain,Monitor,14,4198.05,2755.88
1575,2025-03-07,South America,Brazil,Laptop,17,17902.08,12273.12
1576,2026-06-28,North America,Canada,Laptop,4,3919.62,2593.33
1577,2025-07-10,North America,United States,Laptop,7,10198.68,6828.16
1578,2025-11-18,Europe,Germany,Tablet,23,7050.43,4271.91
1579,2026-04-22,North America,United States,Headphones,3,552.33,319.47
1580,2026-06-24,Asia,India,Headphones,9,2460.53,1667.36
1581,2025-03-18,South America,Chile,Monitor,11,6673.67,4215.78
1582,2025-02-20,South America,Argentina,Laptop,9,10991.14,7032.73
1583,2025-06-25,North America,Mexico,Monitor,8,3905.66,2482.46
1584,2025-01-05,South America,Argentina,Smartphone,27,31684.04,18564.35
1585,2026-06-25,Europe,United Kingdom,Laptop,3,3809.68,3172.61
1586,2026-03-02,North America,Canada,Tablet,25,12687.37,7023.22
1587,2025-11-17,South America,Chile,Laptop,13,14279.77,11101.59
1588,2026-05-21,Europe,United Kingdom,Headphones,4,351.63,190.23
1589,2025-01-11,Asia,India,Tablet,28,19951.66,12650.67
1590,2025-06-24,Europe,France,Tablet,27,22726.67,16322.88
1591,2025-02-23,North America,United States,Laptop,2,3494.29,2173.47
1592,2025-12-04,South America,Argentina,Smartphone,30,15306.32,10005.91
1593,2025-05-10,North America,United States,Headphones,29,8976.7,5798.59
1594,2026-04-03,Europe,Spain,Headphones,8,1888.23,1287.95
1595,2025-10-15,North America,Mexico,Monitor,8,1967.2,1401.81
1596,2025-03-26,North America,Mexico,Smartphone,22,20189.56,14272.77
1597,2025-03-21,Europe,Italy,Laptop,7,5691.9,3725.81
1598,2026-01-30,Asia,South Korea,Laptop,11,11095.28,8038.35
1599,2026-06-25,North America,Canada,Monitor,21,5816.99,3901.58
1600,2025-05-14,Asia,Singapore,Monitor,15,9508.94,6581.65
1601,2026-02-14,Asia,India,Tablet,14,5579.25,3415.7
1602,2025-04-15,Asia,South Korea,Laptop,24,21844.78,13820.19
1603,2026-04-17,Asia,Singapore,Laptop,16,23390.17,16429.78
1604,2025-09-29,Europe,Spain,Laptop,12,14777.68,9518.29
1605,2026-05-30,South America,Chile,Tablet,2,1129.61,692.3
1606,2025-02-20,South America,Chile,Monitor,7,2429.02,1613.92
1607,2025-10-10,South America,Chile,Monitor,4,2162.32,1521.01
1608,2025-04-24,Asia,India,Laptop,29,24234.95,16300.15
1609,2025-03-09,Europe,United Kingdom,Smartphone,29,25989.12,18050.27
1610,2026-02-06,South America,Brazil,Smartphone,24,25422.12,17558.28
1611,2026-05-23,Asia,Japan,Smartphone,12,10914.23,7672.01
1612,2025-10-22,Europe,Germany,Smartphone,17,19145.84,13010.34
1613,2025-11-09,Asia,Japan,Tablet,22,7516.8,4448.81
1614,2026-04-12,Asia,India,Monitor,14,5138.38,3280.35
1615,2025-09-28,Europe,France,Laptop,20,23042.87,16033.53
1616,2025-01-02,South America,Brazil,Monitor,4,890.35,536.69
1617,2025-10-25,Asia,Malaysia,Headphones,6,1703.09,1087.1
1618,2025-04-13,North America,Mexico,Tablet,15,8915.96,5346.3
1619,2025-09-21,South America,Argentina,Tablet,15,4622.05,2819.2
1620,2025-12-08,South America,Brazil,Tablet,22,13454.88,8863.62
1621,2025-06-01,South America,Brazil,Smartphone,12,9579.19,5930.47
1622,2026-03-18,North America,United States,Laptop,7,12044.53,8075.19
1623,2025-04-21,North America,Mexico,Headphones,29,9464.02,6313.32
1624,2026-06-24,Asia,Singapore,Tablet,29,14462.8,9547.69
1625,2025-10-10,North America,United States,Laptop,19,25081.48,16677.27
1626,2025-05-06,South America,Argentina,Headphones,26,7642.23,3945.94
1627,2025-01-09,South America,Chile,Smartphone,15,14171.08,9405.48
1628,2025-10-24,Asia,Singapore,Monitor,10,2323.08,1526.63
1629,2026-04-10,Europe,France,Tablet,27,17707.76,11316.02
1630,2025-11-10,Europe,Italy,Tablet,22,17610.25,9835.03
1631,2025-05-22,North America,Canada,Headphones,22,7453.63,4240.91
1632,2025-03-30,North America,United States,Smartphone,14,12154.52,7085.05
1633,2025-08-13,Europe,Italy,Tablet,8,6296.2,4144.78
1634,2026-03-09,South America,Brazil,Tablet,30,14436.41,8702.63
1635,2026-03-23,North America,Mexico,Smartphone,22,22310.82,13609.67
1636,2026-03-03,Asia,Singapore,Tablet,3,1435.2,1029.92
1637,2026-04-18,Asia,South Korea,Monitor,4,1077.22,733.27
1638,2025-11-17,North America,Canada,Tablet,14,8119.04,5711.31
1639,2026-04-18,Europe,Spain,Laptop,25,30522.97,25057.43
1640,2025-11-06,Asia,Malaysia,Headphones,12,1372.37,802.77
1641,2025-10-28,Europe,Italy,Smartphone,13,12168.82,7959.01
1642,2026-06-15,South America,Brazil,Laptop,2,2140.35,1664.74
1643,2025-04-20,North America,Mexico,Laptop,27,29445.58,20230.14
1644,2025-12-06,Europe,Germany,Headphones,22,4794.28,2947.99
1645,2025-07-29,Asia,Malaysia,Monitor,5,1558.86,1119.43
1646,2025-06-08,North America,Mexico,Tablet,24,21443.88,11603.21
1647,2026-05-12,Asia,India,Laptop,1,953.02,734.57
1648,2026-06-17,Europe,France,Smartphone,4,3115.98,2471.7
1649,2026-03-31,South America,Brazil,Laptop,10,12045.57,9362.2
1650,2025-08-29,North America,Mexico,Monitor,28,14814.23,9032.41
1651,2025-05-30,Europe,France,Smartphone,27,26883.33,16627.58
1652,2026-06-08,Asia,South Korea,Monitor,10,3447.25,2157.99
1653,2026-05-20,North America,Mexico,Tablet,13,6909.4,4670.59
1654,2026-04-21,South America,Argentina,Smartphone,1,626.74,375.55
1655,2026-02-03,Europe,Spain,Tablet,2,1374.13,964.43
1656,2026-04-01,Europe,United Kingdom,Smartphone,15,16589.09,12165.38
1657,2025-01-10,Asia,Singapore,Headphones,28,8749.33,4448.85
1658,2026-06-22,South America,Chile,Laptop,6,8735.52,5907.82
1659,2025-12-14,South America,Chile,Smartphone,9,9251.72,6340.67
1660,2026-02-08,Europe,Netherlands,Monitor,13,8856.61,6172.48
1661,2025-07-04,North America,United States,Tablet,19,16589.22,9939.86
1662,2026-02-18,Europe,Germany,Laptop,28,42920.57,28201.93
1663,2025-04-19,South America,Chile,Monitor,11,6379.5,4829.36
1664,2025-08-31,Europe,France,Monitor,25,17166.5,12833.33
1665,2025-03-05,North America,United States,Laptop,28,43398.18,29538.73
1666,2026-01-19,Europe,France,Tablet,4,2876.94,1767.01
1667,2025-07-24,Asia,Singapore,Monitor,15,8091.37,5227.67
1668,2025-06-15,South America,Chile,Smartphone,3,2597.06,1767.71
1669,2025-04-09,Asia,India,Smartphone,29,11721.48,8367.99
1670,2025-03-15,North America,United States,Headphones,16,2101.39,1024.89
1671,2026-05-01,North America,Canada,Headphones,29,6694.6,3157.92
1672,2025-03-10,South America,Argentina,Monitor,28,6592.15,4037.71
1673,2026-06-14,North America,United States,Laptop,16,16489.18,11645.29
1674,2025-12-05,Europe,France,Tablet,30,23906.67,14735.42
1675,2026-01-02,Europe,France,Tablet,3,1861.96,1100.49
1676,2026-06-15,North America,Canada,Headphones,2,454.81,293.4
1677,2026-04-28,North America,Mexico,Laptop,2,2276.09,1483.42
1678,2025-12-09,Europe,France,Smartphone,18,18961.38,11997.57
1679,2025-03-05,Asia,South Korea,Laptop,26,45447.94,35208.15
1680,2025-02-06,North America,United States,Monitor,20,11392.89,8415.91
1681,2026-05-06,Asia,Singapore,Laptop,4,3342.4,2377.17
1682,2025-12-25,South America,Argentina,Tablet,26,21057.4,15059.18
1683,2025-01-22,Europe,Germany,Smartphone,18,15957.2,10223.81
1684,2025-01-19,South America,Brazil,Monitor,25,9715.35,6023.88
1685,2026-03-14,Asia,India,Monitor,4,2594.29,1990.36
1686,2026-01-12,North America,United States,Tablet,14,11911.78,6914.65
1687,2025-04-05,Europe,France,Monitor,24,13830.83,10085.96
1688,2025-02-16,Europe,Netherlands,Smartphone,27,12028.69,7085.68
1689,2026-03-26,Asia,Singapore,Laptop,11,12646.34,9292.95
1690,2025-09-08,North America,United States,Headphones,13,2720.24,1273.47
1691,2025-03-20,Europe,United Kingdom,Headphones,7,1495.42,925.81
1692,2026-01-01,Asia,South Korea,Tablet,12,9217.5,5620.43
1693,2025-09-08,North America,Canada,Headphones,17,1839.1,955.83
1694,2026-02-25,South America,Argentina,Laptop,7,11984.34,9043.72
1695,2026-06-18,Asia,Singapore,Headphones,7,791.99,496.37
1696,2025-05-26,Europe,France,Monitor,21,12224.02,9198.42
1697,2025-01-22,South America,Brazil,Tablet,9,5876.5,3532.19
1698,2025-03-28,Europe,United Kingdom,Headphones,13,2778.7,1801.82
1699,2026-01-29,South America,Brazil,Smartphone,7,4924.23,3375.99
1700,2026-06-30,Europe,Netherlands,Tablet,2,1249.86,861.31
1701,2025-01-27,North America,Canada,Headphones,7,1991.21,1032.28
1702,2026-03-21,South America,Chile,Laptop,26,23639.47,16124.42
1703,2025-10-22,South America,Argentina,Headphones,24,5602.6,3189.84
1704,2025-06-16,South America,Argentina,Smartphone,5,5630.85,3518.79
1705,2025-10-08,Europe,France,Headphones,10,1711.34,925.42
1706,2025-10-08,North America,Canada,Tablet,26,17987.29,12072.45
1707,2025-01-13,Europe,United Kingdom,Headphones,22,3666.68,1873.08
1708,2025-07-03,South America,Argentina,Laptop,15,12133.06,7594.33
1709,2026-01-03,South America,Chile,Headphones,7,1332.27,777.12
1710,2025-03-23,North America,Mexico,Headphones,11,3711.28,2008.92
1711,2025-09-22,North America,Canada,Monitor,5,1568.55,969.24
1712,2025-02-20,Asia,India,Laptop,6,8906.65,6837.56
1713,2025-11-21,Europe,Spain,Smartphone,2,2322.73,1715.83
1714,2025-09-21,Europe,Netherlands,Tablet,18,13157.85,8580.21
1715,2025-12-25,Europe,Germany,Headphones,15,1658.39,775.82
1716,2025-07-28,North America,Mexico,Tablet,27,21427.63,13086.17
1717,2026-03-13,North America,United States,Laptop,11,15476.63,10332.91
1718,2026-02-22,North America,Canada,Tablet,20,6373.89,3840.98
1719,2025-10-25,Asia,Malaysia,Laptop,4,5636.15,4279.45
1720,2026-06-08,North America,United States,Monitor,27,13266.26,9221.77
1721,2025-06-03,South America,Chile,Laptop,3,5275.88,4108.7
1722,2026-05-31,South America,Chile,Laptop,28,46997.43,35140.58
1723,2026-04-29,South America,Argentina,Tablet,7,5611.24,3365.74
1724,2025-09-07,North America,United States,Tablet,8,4587.94,3061.04
1725,2025-04-29,Asia,South Korea,Monitor,12,2878.14,2013.76
1726,2025-03-20,North America,Mexico,Monitor,20,6303.5,4512.1
1727,2025-08-24,Asia,Malaysia,Smartphone,25,28185.31,19669.31
1728,2025-05-22,North America,Canada,Tablet,11,4078.56,2485.66
1729,2026-06-02,Asia,Malaysia,Monitor,21,13455.13,8634.11
1730,2025-07-04,South America,Brazil,Smartphone,4,2939.6,2065.02
1731,2026-04-27,Europe,France,Laptop,27,33248.34,26944.7
1732,2025-03-16,Asia,Malaysia,Headphones,30,5543.72,3088.64
1733,2025-05-11,South America,Chile,Headphones,8,2177.88,1039.67
1734,2025-12-11,Europe,Netherlands,Laptop,3,4616.25,3124.24
1735,2026-04-05,South America,Chile,Monitor,24,14817.66,9576.45
1736,2026-05-04,Asia,Japan,Headphones,30,9042.86,5219.14
1737,2025-06-05,Europe,Spain,Headphones,12,3143.46,1742.45
1738,2025-11-25,South America,Brazil,Headphones,24,5730.76,3824.12
1739,2025-04-10,Asia,Singapore,Monitor,11,2465.58,1708.23
1740,2026-06-22,South America,Argentina,Tablet,13,6384.91,3705.36
1741,2025-05-27,Europe,Netherlands,Smartphone,14,11414.31,7670.67
1742,2025-11-18,Europe,United Kingdom,Tablet,6,2226.78,1328.4
1743,2026-03-26,Asia,Japan,Tablet,30,13669.72,9063.69
1744,2025-04-19,Asia,Singapore,Smartphone,4,2261.9,1638.08
1745,2025-06-22,Europe,Spain,Laptop,29,38855.06,29057.32
1746,2025-01-07,South America,Brazil,Tablet,7,3283.72,2335.18
1747,2026-03-13,South America,Chile,Smartphone,27,20603.15,14976.0
1748,2025-05-03,South America,Argentina,Monitor,9,2190.89,1362.49
1749,2025-10-13,Europe,United Kingdom,Laptop,24,38239.69,28158.86
1750,2025-12-01,Asia,Malaysia,Tablet,9,5148.71,3527.06
1751,2025-03-17,North America,United States,Monitor,4,2664.74,1910.81
1752,2025-11-22,Asia,Malaysia,Laptop,21,29972.99,20062.3
1753,2026-01-21,Asia,Japan,Tablet,16,6253.76,4367.36
1754,2026-05-24,North America,United States,Smartphone,21,23114.51,16691.76
1755,2025-08-08,Europe,Italy,Laptop,16,21723.79,14193.62
1756,2025-07-02,Europe,Italy,Tablet,20,10563.48,6858.48
1757,2025-12-24,South America,Chile,Smartphone,29,18562.33,11454.87
1758,2025-10-27,South America,Argentina,Monitor,20,7571.28,5125.4
1759,2025-04-09,Asia,India,Tablet,14,12342.64,7594.64
1760,2026-03-12,Europe,France,Monitor,11,5833.37,3824.43
1761,2026-02-12,Asia,South Korea,Monitor,20,8120.03,5258.35
1762,2025-10-25,North America,Mexico,Smartphone,29,31342.93,19916.58
1763,2025-11-27,North America,Mexico,Tablet,14,7487.58,4605.85
1764,2026-02-13,North America,United States,Tablet,16,11790.59,7048.1
1765,2025-02-16,North America,Canada,Monitor,8,3890.02,2398.77
1766,2025-07-31,Europe,Spain,Headphones,11,1263.77,725.59
1767,2025-01-22,South America,Brazil,Tablet,30,15348.61,10440.47
1768,2025-03-06,Europe,Spain,Smartphone,12,9940.54,7332.49
1769,2026-02-10,Asia,Singapore,Smartphone,30,20973.12,13761.37
1770,2025-09-12,Europe,Germany,Laptop,25,43508.88,27689.2
1771,2026-02-12,South America,Brazil,Smartphone,10,6411.73,3954.76
1772,2025-09-11,Europe,United Kingdom,Laptop,27,42769.45,31001.18
1773,2025-05-15,North America,United States,Laptop,3,3913.53,2827.75
1774,2026-03-02,Europe,Germany,Headphones,20,6562.46,3097.34
1775,2026-02-05,Asia,Malaysia,Tablet,26,12850.14,8315.33
1776,2025-01-24,North America,Canada,Monitor,7,1748.88,1303.06
1777,2026-04-28,South America,Argentina,Monitor,3,933.38,620.71
1778,2025-10-13,South America,Argentina,Headphones,17,2482.78,1127.08
1779,2026-05-24,South America,Argentina,Headphones,23,2512.57,1260.14
1780,2025-01-26,South America,Brazil,Monitor,12,5260.84,3248.21
1781,2025-11-15,North America,United States,Laptop,4,5443.54,3501.44
1782,2026-05-17,Asia,India,Smartphone,13,11611.48,7730.49
1783,2025-08-27,Europe,Italy,Tablet,14,6816.22,4140.43
1784,2025-06-04,Europe,United Kingdom,Headphones,20,3795.29,1712.74
1785,2025-08-03,South America,Chile,Monitor,11,7477.11,4768.29
1786,2026-04-18,South America,Chile,Headphones,28,7832.02,4844.93
1787,2025-04-18,South America,Chile,Laptop,13,12054.67,7500.18
1788,2026-06-17,Europe,France,Smartphone,15,16436.99,11147.34
1789,2026-03-11,South America,Brazil,Headphones,16,1884.22,1226.76
1790,2026-03-05,South America,Brazil,Tablet,4,2245.15,1347.13
1791,2025-10-05,North America,Mexico,Tablet,19,13112.52,7396.22
1792,2026-06-20,Asia,Malaysia,Tablet,17,11266.08,7213.21
1793,2025-08-04,North America,Mexico,Smartphone,6,4917.02,3455.21
1794,2025-01-11,North America,Canada,Smartphone,5,3881.97,2829.69
1795,2025-01-06,North America,Mexico,Smartphone,7,6686.65,4386.69
1796,2025-12-05,Europe,Germany,Headphones,15,3607.54,1678.8
1797,2025-08-20,North America,Mexico,Laptop,30,29779.22,19519.39
1798,2026-03-13,North America,Canada,Headphones,25,4722.06,2354.38
1799,2025-07-27,Europe,Spain,Smartphone,4,3938.11,2460.52
1800,2025-09-27,Europe,France,Headphones,19,4827.98,2597.83
1801,2025-10-11,South America,Brazil,Smartphone,1,1026.69,757.96
1802,2025-04-04,Asia,Japan,Smartphone,16,17595.06,11291.35
1803,2025-02-23,Asia,Malaysia,Monitor,14,7453.9,4936.97
1804,2026-05-28,Europe,France,Headphones,13,2364.36,1462.76
1805,2026-05-01,North America,Canada,Headphones,11,2456.14,1579.68
1806,2025-08-08,Asia,Singapore,Smartphone,27,20244.45,13374.77
1807,2025-09-14,Europe,Spain,Monitor,21,7855.9,4745.33
1808,2026-01-10,South America,Chile,Tablet,24,13306.72,8714.38
1809,2025-07-15,South America,Argentina,Smartphone,30,29943.08,17418.12
1810,2026-03-29,North America,Mexico,Smartphone,1,868.95,540.97
1811,2026-01-13,North America,Mexico,Laptop,20,21460.56,15313.29
1812,2026-05-06,South America,Brazil,Tablet,9,6076.46,4345.24
1813,2025-02-01,South America,Chile,Monitor,16,4590.17,3304.87
1814,2025-04-17,Europe,United Kingdom,Laptop,20,33885.3,21839.44
1815,2025-07-01,Asia,India,Monitor,27,16818.34,10410.01
1816,2025-03-05,North America,United States,Headphones,9,3109.67,1507.14
1817,2025-01-18,North America,Mexico,Tablet,29,21041.98,14602.57
1818,2026-01-11,Europe,Netherlands,Monitor,14,8664.02,6126.7
1819,2025-03-08,Asia,Malaysia,Smartphone,24,14719.41,9090.91
1820,2025-02-15,North America,Mexico,Smartphone,23,18500.57,11057.33
1821,2025-01-04,North America,Canada,Headphones,12,1341.4,734.06
1822,2025-03-30,South America,Brazil,Laptop,30,26716.85,19683.05
1823,2025-07-10,North America,Mexico,Laptop,25,24233.4,14822.85
1824,2026-01-19,South America,Brazil,Smartphone,10,10698.47,7304.6
1825,2025-07-15,Asia,Singapore,Laptop,13,19576.88,12891.0
1826,2025-05-24,North America,Canada,Smartphone,27,14866.1,10575.31
1827,2025-07-01,North America,Canada,Monitor,9,2215.85,1433.27
1828,2026-01-08,North America,Mexico,Headphones,15,4559.48,2726.65
1829,2025-06-24,Europe,Spain,Monitor,5,2344.87,1485.96
1830,2026-03-21,North America,Mexico,Tablet,7,3537.16,2492.44
1831,2025-10-03,Europe,Spain,Smartphone,9,5171.44,3215.26
1832,2025-04-29,Asia,South Korea,Smartphone,15,13041.85,8471.53
1833,2026-01-22,Europe,United Kingdom,Laptop,21,24336.57,18597.12
1834,2025-06-12,South America,Argentina,Tablet,11,7576.02,4295.87
1835,2026-01-02,North America,United States,Monitor,18,5275.45,3130.87
1836,2026-04-13,South America,Chile,Monitor,16,9872.77,6322.64
1837,2026-01-18,North America,Canada,Monitor,10,2200.64,1625.48
1838,2025-08-28,Europe,Italy,Monitor,25,8367.01,5793.3
1839,2025-01-30,Asia,Malaysia,Smartphone,30,19213.99,13171.11
1840,2026-06-21,Asia,Malaysia,Smartphone,5,4653.63,3332.79
1841,2025-02-25,Europe,United Kingdom,Smartphone,26,17598.93,11322.43
1842,2026-04-17,Europe,Netherlands,Smartphone,7,7744.55,5484.73
1843,2025-03-24,Asia,Japan,Smartphone,14,6609.87,4158.65
1844,2026-01-19,Europe,Italy,Smartphone,12,5759.17,3846.97
1845,2026-02-08,Asia,South Korea,Monitor,27,11657.03,7563.53
1846,2025-04-09,South America,Brazil,Tablet,25,21528.94,13304.46
1847,2025-12-01,North America,Mexico,Monitor,20,7938.5,4774.73
1848,2026-05-16,Europe,France,Headphones,6,1723.91,1060.03
1849,2025-12-15,Europe,Spain,Headphones,25,4687.72,2192.78
1850,2025-08-24,Asia,South Korea,Smartphone,2,1137.97,750.68
1851,2025-12-14,South America,Chile,Smartphone,14,7288.37,4590.03
1852,2026-05-08,Europe,United Kingdom,Monitor,6,1690.63,1334.2
1853,2025-04-19,South America,Brazil,Tablet,22,16271.25,10763.4
1854,2026-02-19,Europe,France,Tablet,5,3224.05,1983.69
1855,2026-04-11,Europe,Italy,Monitor,14,8199.52,5973.12
1856,2025-09-22,Europe,Spain,Monitor,17,6569.02,4439.13
1857,2025-12-10,North America,United States,Smartphone,14,11555.17,7295.42
1858,2025-03-23,Asia,India,Tablet,30,21736.16,13125.0
1859,2026-06-12,South America,Argentina,Laptop,15,16225.71,10375.5
1860,2026-05-17,South America,Argentina,Laptop,29,40580.52,27557.72
1861,2026-03-12,North America,Mexico,Tablet,25,19787.54,12511.01
1862,2025-07-03,North America,Canada,Monitor,1,423.39,269.96
1863,2025-02-06,Europe,United Kingdom,Laptop,18,27696.25,18273.44
1864,2025-03-28,Europe,France,Smartphone,21,16689.96,12064.09
1865,2025-12-20,South America,Chile,Headphones,8,2624.55,1726.49
1866,2026-06-21,South America,Brazil,Laptop,11,12900.75,8301.37
1867,2025-04-14,South America,Chile,Laptop,11,19001.85,14059.14
1868,2026-03-09,South America,Brazil,Smartphone,24,14531.67,9946.4
1869,2025-03-23,South America,Brazil,Smartphone,19,11566.83,7269.89
1870,2026-06-11,Asia,India,Tablet,19,11091.27,7645.46
1871,2026-03-24,North America,Mexico,Smartphone,9,7211.25,4163.19
1872,2026-02-13,Asia,Singapore,Tablet,1,544.31,306.55
1873,2026-03-01,Asia,Singapore,Tablet,15,9891.72,7180.42
1874,2025-11-22,Europe,France,Smartphone,1,967.21,595.19
1875,2025-10-22,South America,Chile,Monitor,21,10449.92,7175.26
1876,2026-05-03,Europe,United Kingdom,Tablet,11,5586.02,3941.19
1877,2026-04-19,South America,Brazil,Headphones,23,2895.78,1562.9
1878,2026-02-17,Europe,Netherlands,Headphones,3,751.42,435.15
1879,2025-12-20,Europe,France,Headphones,12,1945.07,1211.19
1880,2026-04-08,South America,Brazil,Smartphone,20,17358.99,11802.07
1881,2026-03-18,South America,Brazil,Tablet,18,13435.76,9650.18
1882,2026-01-20,Asia,South Korea,Headphones,28,3173.61,1748.73
1883,2025-08-05,Europe,Spain,Tablet,6,4913.62,3343.07
1884,2026-02-15,South America,Argentina,Smartphone,14,15685.14,9797.26
1885,2026-01-07,Europe,Netherlands,Tablet,17,10563.4,6514.12
1886,2026-02-18,South America,Argentina,Tablet,27,23077.72,13308.56
1887,2025-07-01,South America,Argentina,Laptop,18,29337.59,21770.54
1888,2025-06-26,Europe,Italy,Headphones,21,4050.63,2212.46
1889,2025-07-13,Europe,Spain,Smartphone,5,4438.82,2932.01
1890,2025-03-24,South America,Brazil,Tablet,20,8999.29,5820.58
1891,2026-04-29,Europe,United Kingdom,Laptop,24,33632.22,27793.02
1892,2026-02-03,Asia,Japan,Monitor,12,6738.36,4368.41
1893,2026-04-29,Asia,Singapore,Smartphone,10,4518.5,2688.25
1894,2026-04-18,South America,Brazil,Headphones,15,5208.34,3298.2
1895,2026-04-18,Europe,Spain,Tablet,28,23858.62,15676.91
1896,2026-04-19,Europe,Germany,Laptop,22,32491.19,27251.34
1897,2026-04-27,South America,Brazil,Monitor,9,5775.11,3961.58
1898,2025-01-25,South America,Argentina,Laptop,10,16116.62,12128.23
1899,2025-02-10,North America,Canada,Headphones,21,5363.4,2888.6
1900,2025-05-08,Europe,France,Tablet,25,19878.43,13479.73
1901,2025-04-25,Asia,Singapore,Monitor,22,8138.18,6153.08
1902,2026-05-10,Asia,Singapore,Laptop,11,15862.39,10181.29
1903,2026-05-19,Asia,Singapore,Tablet,10,7135.16,4396.78
1904,2026-04-07,North America,Mexico,Tablet,20,6428.94,3624.66
1905,2026-06-19,North America,United States,Smartphone,29,20203.75,12688.68
1906,2025-10-26,North America,Mexico,Smartphone,19,17235.2,11134.72
1907,2026-03-27,North America,United States,Smartphone,5,4429.8,3133.92
1908,2025-09-21,Asia,India,Smartphone,19,12204.94,8341.8
1909,2025-09-23,North America,Mexico,Headphones,24,7559.11,4224.54
1910,2026-05-04,Asia,Singapore,Smartphone,19,20559.68,13164.1
1911,2026-01-19,South America,Argentina,Smartphone,28,22965.31,13964.33
1912,2026-01-24,Europe,Netherlands,Laptop,11,11273.08,7361.64
1913,2025-06-03,North America,Mexico,Laptop,21,20935.79,14441.64
1914,2025-01-13,Asia,Japan,Tablet,22,7033.5,4687.74
1915,2025-12-04,Europe,United Kingdom,Headphones,18,5554.5,3186.49
1916,2025-03-23,Europe,Italy,Headphones,17,2498.19,1271.32
1917,2025-07-07,Asia,Japan,Monitor,6,1320.7,934.34
1918,2025-10-12,Europe,Netherlands,Smartphone,24,25549.29,15078.86
1919,2025-05-16,North America,United States,Smartphone,8,4761.22,3294.14
1920,2026-05-04,South America,Brazil,Headphones,29,8438.46,4416.16
1921,2025-03-16,Asia,South Korea,Laptop,15,13250.79,8766.5
1922,2025-08-09,South America,Argentina,Headphones,1,237.06,153.63
1923,2025-04-25,South America,Chile,Smartphone,19,19847.64,13462.78
1924,2026-04-13,Europe,United Kingdom,Monitor,20,6707.43,5238.37
1925,2025-12-03,South America,Chile,Tablet,21,10075.43,7026.95
1926,2025-09-12,North America,Canada,Headphones,17,2777.41,1503.16
1927,2025-07-06,South America,Brazil,Tablet,29,25653.77,16161.52
1928,2025-06-17,Asia,India,Monitor,22,7751.05,5875.66
1929,2026-03-30,North America,Mexico,Headphones,27,3491.56,2161.7
1930,2025-08-26,Asia,Singapore,Headphones,10,1664.04,968.46
1931,2025-04-16,North America,Mexico,Smartphone,19,17812.69,11075.97
1932,2025-07-16,South America,Brazil,Smartphone,20,18601.45,11758.15
1933,2026-06-13,South America,Chile,Headphones,26,5006.7,3089.57
1934,2025-08-23,North America,Canada,Tablet,12,4643.9,2771.17
1935,2025-12-29,North America,Canada,Tablet,14,8931.61,5981.12
1936,2025-01-06,South America,Brazil,Monitor,12,6274.76,3905.34
1937,2026-04-13,North America,United States,Smartphone,7,6507.51,3975.75
1938,2026-01-18,Europe,United Kingdom,Monitor,26,10171.28,7010.97
1939,2025-07-24,Asia,Malaysia,Headphones,15,4668.43,2262.19
1940,2025-09-06,Asia,Singapore,Monitor,24,11915.28,9083.35
1941,2025-02-17,South America,Chile,Monitor,8,2720.57,1896.44
1942,2026-01-20,Europe,Germany,Laptop,21,23996.53,16943.07
1943,2026-03-25,North America,United States,Monitor,5,3202.12,1927.16
1944,2026-02-28,Asia,Japan,Headphones,10,2350.04,1384.69
1945,2026-03-25,Asia,Singapore,Headphones,18,5147.15,2676.34
1946,2026-06-28,North America,Mexico,Laptop,5,7860.5,4880.43
1947,2025-11-18,North America,Canada,Smartphone,6,3942.08,2390.59
1948,2026-01-06,North America,United States,Tablet,9,5959.53,4163.07
1949,2025-05-24,Europe,Netherlands,Monitor,14,5574.16,3778.26
1950,2025-02-19,Europe,Spain,Tablet,1,639.43,459.92
1951,2026-06-01,North America,Mexico,Monitor,10,4874.08,3370.42
1952,2025-03-19,Europe,Spain,Laptop,18,17248.03,12110.88
1953,2025-03-31,South America,Chile,Smartphone,25,11461.67,7902.05
1954,2025-10-11,South America,Argentina,Smartphone,21,13951.21,8497.24
1955,2025-12-14,South America,Chile,Monitor,29,6111.51,4228.91
1956,2025-01-07,South America,Brazil,Laptop,8,8979.07,5783.23
1957,2025-08-17,North America,Mexico,Monitor,21,11186.72,7978.24
1958,2025-12-30,Asia,Japan,Smartphone,7,4527.5,2744.31
1959,2025-02-10,Asia,Malaysia,Tablet,3,1489.43,913.92
1960,2025-08-24,Asia,Japan,Tablet,6,3327.42,2016.69
1961,2025-08-11,North America,United States,Smartphone,29,32454.01,20781.68
1962,2026-01-20,Europe,Italy,Smartphone,13,5711.83,3713.65
1963,2025-07-23,Asia,South Korea,Headphones,27,3068.69,2095.69
1964,2026-06-03,Europe,France,Smartphone,4,4610.23,3589.07
1965,2026-01-02,North America,Canada,Smartphone,7,8316.85,5804.88
1966,2026-01-04,South America,Argentina,Headphones,4,1340.49,608.2
1967,2026-01-25,South America,Argentina,Laptop,12,13924.71,9323.94
1968,2025-03-08,South America,Chile,Tablet,8,7198.59,4062.57
1969,2026-02-04,South America,Brazil,Tablet,24,16521.98,9995.07
1970,2025-05-25,Asia,Japan,Headphones,1,114.55,56.79
1971,2026-04-27,Europe,Germany,Headphones,26,3552.98,2487.67
1972,2025-10-28,North America,Mexico,Monitor,27,7526.02,4647.97
1973,2026-06-16,Asia,Japan,Tablet,29,24794.21,17200.11
1974,2025-01-31,South America,Brazil,Tablet,13,8777.44,6183.94
1975,2025-09-29,North America,United States,Laptop,11,9113.47,6245.28
1976,2025-05-28,South America,Brazil,Headphones,13,3716.38,2289.96
1977,2025-06-23,Asia,India,Laptop,12,20366.26,13130.94
1978,2025-03-09,Europe,Italy,Monitor,14,8792.98,6030.9
1979,2025-05-18,Europe,United Kingdom,Monitor,16,10396.39,6665.1
1980,2025-11-27,North America,Mexico,Laptop,16,20684.83,15368.3
1981,2025-07-20,Asia,Japan,Headphones,5,1487.35,732.96
1982,2025-03-26,Europe,Netherlands,Monitor,10,6434.59,3969.09
1983,2025-08-20,North America,United States,Tablet,11,7989.04,4941.74
1984,2026-06-17,North America,United States,Tablet,14,7348.07,4149.37
1985,2025-02-05,South America,Chile,Laptop,26,25945.3,16842.33
1986,2025-05-27,Europe,France,Smartphone,13,8554.34,5744.53
1987,2026-05-11,North America,United States,Headphones,13,2626.89,1285.63
1988,2025-09-27,South America,Brazil,Tablet,21,15983.24,11301.12
1989,2025-12-12,Asia,Singapore,Tablet,26,21402.75,14794.46
1990,2026-04-13,Europe,Netherlands,Tablet,25,15286.09,9794.26
1991,2026-01-10,South America,Chile,Laptop,18,16672.11,10942.57
1992,2026-04-14,Europe,Germany,Headphones,23,3676.38,2686.92
1993,2025-11-11,South America,Argentina,Headphones,3,1022.7,688.77
1994,2025-07-06,South America,Chile,Smartphone,5,5360.05,3299.1
1995,2025-01-18,Asia,Singapore,Headphones,20,5811.66,3425.76
1996,2026-06-28,Europe,Spain,Tablet,18,7888.57,6240.0
1997,2026-06-28,Asia,Singapore,Smartphone,4,3777.27,2612.3
1998,2025-08-20,Asia,Malaysia,Headphones,14,4364.36,2287.08
1999,2026-02-15,North America,Canada,Headphones,14,4498.35,2463.48
2000,2025-05-20,North America,United States,Laptop,9,13575.07,9731.96
2001,2025-08-02,Europe,Germany,Monitor,5,1359.48,994.58
2002,2025-09-06,South America,Brazil,Monitor,13,6444.21,4122.82
2003,2025-12-25,Europe,France,Tablet,5,4177.92,2385.55
2004,2025-06-05,Asia,South Korea,Smartphone,22,13648.28,8767.59
2005,2025-05-01,North America,Mexico,Laptop,25,35713.64,24477.33
2006,2026-03-25,North America,United States,Headphones,24,5873.03,2791.72
2007,2025-12-16,North America,United States,Monitor,27,17430.08,10598.43
2008,2026-04-23,South America,Chile,Smartphone,29,28066.45,20165.21
2009,2026-05-14,North America,United States,Headphones,4,415.66,252.85
2010,2026-01-07,Asia,South Korea,Monitor,14,3196.57,2003.71
2011,2025-10-14,North America,Canada,Headphones,11,2126.35,1344.59
2012,2026-01-01,Europe,Germany,Laptop,23,36937.8,24336.07
2013,2026-05-22,Asia,Malaysia,Monitor,22,7323.3,5635.78
2014,2026-05-15,South America,Chile,Headphones,28,9234.84,4968.3
2015,2025-04-21,Europe,Spain,Laptop,4,7066.92,4651.29
2016,2026-03-08,South America,Chile,Laptop,12,17365.06,11989.52
2017,2026-04-17,Europe,Italy,Monitor,22,14388.89,10281.82
2018,2025-07-05,Europe,Netherlands,Tablet,4,1901.46,1179.03
2019,2025-01-30,South America,Argentina,Tablet,27,19164.79,11688.69
2020,2025-09-12,North America,Canada,Laptop,11,13840.25,10637.01
2021,2025-09-27,Asia,Japan,Headphones,25,7828.51,4768.39
2022,2026-02-15,North America,United States,Monitor,28,6844.17,4423.31
2023,2025-08-22,North America,Canada,Laptop,30,45658.22,32522.91
2024,2025-11-17,South America,Chile,Smartphone,25,17653.93,10986.9
2025,2026-05-13,North America,Canada,Monitor,29,11041.22,6795.59
2026,2025-06-22,North America,United States,Laptop,7,9672.93,7307.05
2027,2025-10-31,Asia,South Korea,Headphones,23,2311.56,1112.95
2028,2026-02-19,North America,United States,Tablet,18,9221.04,5187.9
2029,2026-01-30,Europe,Netherlands,Tablet,20,12841.28,7242.17
2030,2025-08-19,South America,Brazil,Smartphone,18,9432.17,6968.75
2031,2025-01-27,South America,Brazil,Smartphone,8,8800.87,5724.59
2032,2025-08-10,Asia,India,Tablet,8,7030.03,4961.66
2033,2026-05-10,South America,Argentina,Headphones,18,6292.09,3109.65
2034,2025-07-10,South America,Chile,Headphones,29,9385.34,5059.02
2035,2025-09-25,North America,Canada,Monitor,12,4587.09,3385.64
2036,2025-08-29,North America,Mexico,Tablet,3,2624.56,1477.27
2037,2025-09-10,Asia,India,Headphones,23,4794.33,2551.07
2038,2025-08-22,North America,Mexico,Headphones,27,9341.21,5109.79
2039,2025-02-24,South America,Chile,Monitor,16,7928.5,4839.12
2040,2025-06-25,Europe,Spain,Monitor,18,9452.5,7026.37
2041,2026-05-04,Asia,India,Tablet,3,2618.52,1589.27
2042,2025-09-16,Europe,Netherlands,Headphones,16,3141.19,1965.77
2043,2025-05-17,South America,Brazil,Monitor,10,4691.98,3321.67
2044,2025-12-05,Asia,Malaysia,Headphones,14,1665.2,972.66
2045,2025-11-19,Europe,Spain,Laptop,23,35752.73,25527.15
2046,2025-03-14,Europe,Spain,Monitor,24,6734.49,4250.4
2047,2025-07-03,Asia,India,Monitor,24,6234.0,3891.62
2048,2026-02-18,South America,Argentina,Monitor,23,10055.69,7396.59
2049,2025-07-07,Europe,United Kingdom,Tablet,6,4346.15,3039.87
2050,2026-05-27,Europe,France,Tablet,13,5464.74,3769.05
2051,2025-03-25,North America,Canada,Laptop,17,17982.05,13498.92
2052,2025-03-04,Europe,Netherlands,Tablet,4,1604.43,1145.26
2053,2026-06-26,Europe,Germany,Tablet,13,6288.86,4817.31
2054,2026-01-19,Europe,France,Smartphone,21,18830.66,11469.49
2055,2025-08-12,North America,United States,Smartphone,20,13986.69,8368.36
2056,2026-03-28,Asia,Malaysia,Smartphone,27,28490.3,16947.59
2057,2025-02-09,Europe,United Kingdom,Tablet,4,2037.73,1183.25
2058,2026-06-15,Asia,India,Monitor,7,3512.26,2702.95
2059,2025-12-12,South America,Chile,Headphones,27,4994.69,2762.19
2060,2025-04-30,Europe,United Kingdom,Smartphone,12,6157.26,4517.35
2061,2026-05-18,Asia,South Korea,Laptop,12,10303.49,8110.65
2062,2026-05-07,Europe,Spain,Laptop,22,32005.69,27073.57
2063,2026-06-29,South America,Chile,Smartphone,10,6562.53,4276.57
2064,2025-07-22,North America,Mexico,Monitor,13,5428.4,3274.32
2065,2025-01-25,South America,Brazil,Tablet,18,10628.33,6548.09
2066,2026-05-25,North America,Mexico,Laptop,17,27731.37,17750.65
2067,2025-04-02,North America,Mexico,Headphones,18,2282.52,1168.97
2068,2025-02-19,Europe,Germany,Tablet,13,5368.26,3832.47
2069,2025-02-23,South America,Chile,Headphones,17,5257.92,2981.3
2070,2025-02-15,Asia,India,Monitor,6,3877.07,2806.94
2071,2025-03-16,Asia,South Korea,Smartphone,19,17334.4,10270.54
2072,2026-01-26,Asia,India,Tablet,1,842.64,566.36
2073,2025-12-05,Asia,South Korea,Smartphone,12,13608.8,8904.42
2074,2025-06-09,Asia,Malaysia,Smartphone,20,18696.52,13669.24
2075,2026-03-09,North America,United States,Tablet,14,9998.36,6106.01
2076,2026-02-28,South America,Argentina,Smartphone,27,27631.27,17146.53
2077,2025-01-11,South America,Brazil,Monitor,5,2657.41,1689.25
2078,2025-04-28,Europe,France,Monitor,3,875.04,570.86
2079,2025-09-20,South America,Argentina,Headphones,10,1568.7,911.61
2080,2025-04-22,Europe,Italy,Smartphone,3,2531.4,1669.9
2081,2025-05-11,Europe,Italy,Monitor,4,1022.81,619.91
2082,2026-02-02,Asia,India,Laptop,8,9887.59,6815.95
2083,2025-05-27,South America,Chile,Laptop,22,38139.54,28325.72
2084,2025-07-13,Asia,Singapore,Laptop,19,15470.01,10124.1
2085,2025-09-14,Asia,Singapore,Monitor,7,4555.47,2819.97
2086,2026-01-25,Asia,Singapore,Headphones,3,422.44,255.26
2087,2025-12-10,South America,Brazil,Monitor,3,1865.13,1298.63
2088,2025-10-22,Asia,Japan,Headphones,11,1048.44,647.41
2089,2026-02-24,Europe,Spain,Smartphone,24,27509.77,17585.88
2090,2025-05-27,Europe,Netherlands,Smartphone,1,704.97,472.35
2091,2026-02-01,Europe,France,Laptop,19,25566.07,15931.93
2092,2026-05-03,South America,Argentina,Headphones,13,2618.35,1628.76
2093,2026-05-18,North America,Canada,Monitor,16,10555.41,6486.32
2094,2026-01-04,Asia,Japan,Tablet,21,15510.33,11225.09
2095,2026-02-02,North America,United States,Tablet,24,7501.49,5077.96
2096,2025-05-28,Europe,Italy,Monitor,23,14717.76,10836.23
2097,2026-02-16,Asia,Singapore,Smartphone,13,9579.86,6292.4
2098,2026-04-09,South America,Argentina,Monitor,12,4426.81,3127.36
2099,2025-05-17,Asia,Japan,Smartphone,23,12713.76,7896.98
2100,2026-01-08,South America,Chile,Monitor,12,6264.0,3972.39
2101,2025-05-25,South America,Brazil,Headphones,21,4244.65,2793.3
2102,2026-02-27,Europe,France,Smartphone,11,9254.9,5599.91
2103,2026-01-29,South America,Brazil,Monitor,1,546.98,361.97
2104,2025-06-26,North America,Mexico,Headphones,25,3052.03,1624.99
2105,2025-07-22,Asia,South Korea,Tablet,15,6711.29,4600.85
2106,2026-05-14,North America,Mexico,Headphones,17,4735.11,3037.39
2107,2025-04-10,Europe,Germany,Laptop,1,1720.17,1305.81
2108,2025-12-06,Europe,United Kingdom,Tablet,7,5223.05,3723.27
2109,2025-11-11,Europe,United Kingdom,Headphones,30,4955.55,3260.94
2110,2026-04-03,South America,Argentina,Smartphone,10,6425.92,4551.96
2111,2025-06-13,Asia,Japan,Monitor,4,1864.61,1321.87
2112,2025-06-12,South America,Chile,Tablet,23,18602.33,11019.95
2113,2025-04-27,Asia,South Korea,Laptop,25,20984.46,16175.6
2114,2026-04-30,South America,Argentina,Smartphone,25,10399.08,7176.4
2115,2026-01-07,South America,Chile,Headphones,6,1204.68,547.61
2116,2026-05-19,North America,Canada,Laptop,29,33929.08,21658.89
2117,2025-11-04,South America,Brazil,Laptop,30,47729.03,34700.18
2118,2025-11-25,North America,Mexico,Laptop,12,16833.75,12421.47
2119,2025-01-17,South America,Brazil,Tablet,28,12645.63,8058.83
2120,2026-06-17,Europe,Italy,Tablet,29,11603.75,8591.4
2121,2025-11-10,North America,Canada,Monitor,11,2422.51,1719.98
2122,2026-04-15,Europe,United Kingdom,Headphones,2,230.55,174.07
2123,2025-01-11,Europe,United Kingdom,Monitor,7,4565.87,3017.14
2124,2025-02-06,North America,Mexico,Monitor,11,4217.37,2834.13
2125,2026-03-11,South America,Chile,Tablet,5,4328.72,2909.98
2126,2025-07-17,South America,Argentina,Tablet,3,2544.04,1796.58
2127,2025-03-28,North America,Mexico,Laptop,1,1610.76,1190.34
2128,2025-04-20,Asia,India,Smartphone,12,5423.61,3696.22
2129,2025-08-31,Europe,Germany,Laptop,24,19522.73,14624.83
2130,2025-03-14,Asia,Malaysia,Monitor,21,13370.72,9837.92
2131,2025-04-19,Europe,Germany,Smartphone,7,7940.81,5782.9
2132,2025-07-10,Europe,Netherlands,Laptop,1,1232.97,899.69
2133,2025-08-04,Europe,Netherlands,Laptop,13,14565.26,10264.05
2134,2026-05-03,Asia,South Korea,Headphones,23,2995.46,1576.38
2135,2025-03-04,South America,Brazil,Headphones,1,101.48,68.4
2136,2025-09-27,Asia,Malaysia,Headphones,7,1882.94,1170.55
2137,2025-03-19,Asia,Japan,Tablet,25,22379.71,13150.58
2138,2025-10-31,South America,Chile,Tablet,7,3891.4,2685.69
2139,2025-09-04,Europe,Netherlands,Tablet,10,7525.78,4221.9
2140,2025-03-06,South America,Argentina,Laptop,20,31113.0,21431.11
2141,2026-04-02,Europe,Netherlands,Laptop,11,15269.52,12927.38
2142,2026-01-06,Europe,Spain,Tablet,24,19292.04,12089.05
2143,2026-05-07,North America,Canada,Tablet,25,14836.31,9388.51
2144,2025-07-14,Asia,Malaysia,Smartphone,2,1905.38,1249.09
2145,2026-04-18,North America,Canada,Monitor,28,18187.25,12046.3
2146,2025-05-26,South America,Argentina,Laptop,28,26304.1,17641.52
2147,2025-06-02,South America,Argentina,Laptop,14,22279.25,16172.14
2148,2025-06-26,Asia,Malaysia,Smartphone,7,3331.14,2173.92
2149,2025-06-03,North America,Canada,Smartphone,1,797.86,474.99
2150,2025-10-12,Asia,Japan,Monitor,20,11237.29,7633.01
2151,2025-06-13,South America,Chile,Laptop,12,21137.27,13331.38
2152,2025-11-28,South America,Chile,Tablet,5,2205.46,1566.69
2153,2025-08-10,South America,Argentina,Laptop,10,14315.09,9650.84
2154,2025-11-15,South America,Chile,Laptop,20,18588.56,12363.32
2155,2026-01-18,Asia,Singapore,Headphones,16,1552.7,873.9
2156,2026-03-04,Asia,Japan,Tablet,23,10121.45,7168.2
2157,2025-11-17,South America,Argentina,Headphones,11,2594.34,1365.0
2158,2025-07-19,Asia,Singapore,Headphones,30,4254.31,2537.06
2159,2025-08-31,Asia,South Korea,Headphones,16,5127.21,2728.17
2160,2025-04-08,South America,Brazil,Headphones,11,1121.48,631.3
2161,2025-09-30,Europe,Italy,Monitor,25,7414.77,5362.3
2162,2025-05-27,North America,United States,Monitor,8,2493.33,1472.28
2163,2025-12-31,South America,Chile,Smartphone,26,16073.36,10145.59
2164,2025-11-18,Asia,Japan,Headphones,20,2249.96,1414.52
2165,2025-07-19,North America,United States,Monitor,14,7704.52,5596.81
2166,2025-11-02,North America,United States,Smartphone,10,4202.27,2833.43
2167,2026-03-08,Europe,United Kingdom,Monitor,25,16372.58,10210.24
2168,2026-01-27,Asia,Malaysia,Monitor,25,8926.09,6782.97
2169,2026-04-12,North America,United States,Headphones,15,2353.29,1352.88
2170,2025-11-27,Europe,Germany,Laptop,28,31543.07,21964.58
2171,2025-05-26,North America,Mexico,Monitor,18,3829.19,2525.28
2172,2025-11-28,South America,Brazil,Tablet,20,16032.88,8912.21
2173,2025-10-17,North America,Mexico,Headphones,2,636.96,288.45
2174,2025-05-16,South America,Brazil,Laptop,5,4757.85,3347.84
2175,2025-08-29,Europe,United Kingdom,Tablet,11,3835.65,2333.64
2176,2025-03-13,South America,Argentina,Headphones,2,443.33,264.94
2177,2026-02-10,Asia,Malaysia,Laptop,27,27195.87,17825.53
2178,2025-09-25,Asia,Japan,Laptop,21,31153.96,19747.75
2179,2025-08-19,South America,Brazil,Laptop,8,12468.22,9625.4
2180,2025-05-21,North America,Canada,Monitor,25,12929.13,8446.98
2181,2026-06-07,North America,Canada,Laptop,22,33324.33,22540.25
2182,2025-03-11,Europe,France,Headphones,2,272.77,159.31
2183,2025-01-08,North America,Mexico,Laptop,19,31951.29,22093.16
2184,2025-06-18,South America,Brazil,Smartphone,18,7305.84,4971.1
2185,2025-10-16,North America,Mexico,Tablet,17,9061.88,6179.48
2186,2025-09-20,North America,United States,Tablet,29,13229.95,7412.19
2187,2025-10-20,South America,Brazil,Monitor,20,13677.35,9676.66
2188,2026-02-20,Asia,Japan,Laptop,2,2374.9,1536.75
2189,2025-07-30,Asia,Malaysia,Tablet,27,19273.95,11495.72
2190,2025-11-07,North America,Canada,Laptop,21,29948.47,20984.76
2191,2025-09-16,Asia,Malaysia,Laptop,10,8123.6,6196.15
2192,2025-12-08,Asia,South Korea,Monitor,24,8728.31,6698.77
2193,2025-06-19,South America,Argentina,Headphones,20,3140.85,2126.23
2194,2025-09-12,Europe,Spain,Laptop,29,23207.85,14504.72
2195,2025-02-21,Europe,United Kingdom,Laptop,10,12450.61,9171.11
2196,2025-06-13,Europe,Germany,Tablet,7,4812.24,3441.04
2197,2026-01-17,Europe,United Kingdom,Monitor,21,4435.14,3207.81
2198,2025-05-03,North America,United States,Tablet,15,12871.13,8892.04
2199,2025-07-29,Europe,Netherlands,Laptop,29,50200.25,34951.46
2200,2025-01-15,Europe,Germany,Smartphone,15,16437.5,11058.56
2201,2025-10-07,North America,United States,Headphones,16,1553.39,930.66
2202,2025-08-09,Europe,Italy,Monitor,1,218.58,146.27
2203,2026-04-22,South America,Brazil,Laptop,19,32250.75,23383.65
2204,2025-10-15,North America,Mexico,Monitor,7,4206.79,2498.44
2205,2025-10-06,Asia,Japan,Monitor,26,5225.33,3731.04
2206,2026-03-22,South America,Brazil,Laptop,10,11640.35,8330.86
2207,2026-04-13,South America,Chile,Smartphone,12,11122.57,7111.81
2208,2025-05-30,North America,Mexico,Tablet,14,5661.29,3443.77
2209,2026-04-24,North America,Canada,Smartphone,27,25329.41,18042.36
2210,2026-02-22,North America,Canada,Laptop,20,21064.01,13312.93
2211,2026-01-03,South America,Argentina,Headphones,28,7383.35,4833.44
2212,2025-12-18,Asia,Malaysia,Tablet,18,12233.13,8399.45
2213,2025-05-23,Asia,South Korea,Laptop,27,32912.35,21323.94
2214,2026-05-29,Europe,Spain,Laptop,19,15276.77,12977.93
2215,2025-06-18,Asia,Singapore,Monitor,4,1450.97,1079.29
2216,2026-01-18,South America,Chile,Monitor,8,3908.08,2813.71
2217,2025-04-19,Asia,South Korea,Smartphone,27,25789.17,18324.0
2218,2025-01-01,Europe,Italy,Smartphone,30,13732.96,10052.77
2219,2025-09-05,South America,Argentina,Smartphone,18,16390.78,12002.12
2220,2025-07-15,Europe,Germany,Laptop,10,9210.76,5984.36
2221,2025-03-15,Europe,United Kingdom,Monitor,4,1643.84,1080.33
2222,2026-02-17,Europe,Netherlands,Headphones,10,1726.56,925.83
2223,2025-11-08,South America,Chile,Headphones,30,6275.36,3711.28
2224,2025-02-12,South America,Brazil,Monitor,11,4133.23,2649.09
2225,2026-04-30,South America,Chile,Laptop,14,20840.28,14989.1
2226,2025-12-26,South America,Brazil,Monitor,2,1362.77,983.17
2227,2025-03-30,South America,Argentina,Headphones,3,307.2,189.42
2228,2025-04-07,South America,Argentina,Tablet,8,5297.32,3336.13
2229,2025-11-27,North America,Mexico,Monitor,7,3548.01,2147.23
2230,2025-05-12,Europe,Spain,Monitor,3,1353.11,912.14
2231,2026-02-02,Europe,United Kingdom,Headphones,4,1074.07,604.65
2232,2026-04-08,North America,United States,Laptop,10,14011.2,9503.48
2233,2025-06-08,Europe,France,Monitor,16,5192.34,3437.17
2234,2025-06-30,South America,Brazil,Tablet,6,2604.32,1815.59
2235,2026-05-21,Asia,South Korea,Laptop,4,3857.73,2511.85
2236,2025-01-25,South America,Argentina,Tablet,26,18703.17,10352.04
2237,2026-06-22,North America,Mexico,Headphones,4,772.11,345.69
2238,2026-03-23,South America,Brazil,Laptop,3,3188.33,2460.71
2239,2026-01-02,South America,Argentina,Headphones,30,4370.18,2899.22
2240,2025-05-21,Europe,Germany,Smartphone,3,2569.01,1763.22
2241,2026-04-02,North America,Mexico,Tablet,16,5441.46,3669.18
2242,2025-07-09,South America,Brazil,Headphones,2,285.41,138.11
2243,2025-05-17,South America,Brazil,Tablet,2,1212.24,669.24
2244,2026-06-22,North America,Mexico,Headphones,1,161.9,101.45
2245,2025-11-24,Asia,South Korea,Smartphone,7,6518.6,4344.81
2246,2025-08-08,Europe,France,Monitor,18,9300.57,6386.0
2247,2025-03-14,Asia,Japan,Headphones,5,1562.6,743.23
2248,2026-06-10,Europe,Spain,Smartphone,8,7212.42,5237.38
2249,2026-01-06,Asia,Singapore,Monitor,2,1152.37,710.86
2250,2025-11-25,South America,Brazil,Smartphone,22,21586.32,13810.69
2251,2026-04-06,Asia,Japan,Monitor,20,13493.88,9331.39
2252,2026-02-21,Asia,Japan,Headphones,17,2680.21,1709.47
2253,2026-03-20,Europe,Italy,Laptop,18,15927.17,12147.08
2254,2025-05-30,Europe,United Kingdom,Tablet,13,6090.5,4022.95
2255,2025-12-16,North America,Mexico,Headphones,11,3610.4,2298.88
2256,2026-04-27,South America,Argentina,Headphones,23,5318.77,3227.97
2257,2025-05-21,South America,Argentina,Laptop,23,29662.54,20015.85
2258,2026-06-14,Europe,United Kingdom,Tablet,30,13882.52,9427.91
2259,2026-06-10,Asia,Singapore,Tablet,30,13309.47,7886.06
2260,2025-11-10,Asia,Singapore,Headphones,22,4204.54,2189.3
2261,2026-03-11,Asia,Malaysia,Smartphone,26,26414.11,16831.13
2262,2026-01-06,North America,United States,Monitor,19,8741.07,5321.16
2263,2025-10-26,Asia,Japan,Headphones,26,6526.78,3508.77
2264,2026-05-24,North America,United States,Monitor,16,8936.33,6605.71
2265,2026-04-16,North America,United States,Tablet,20,6864.6,3852.09
2266,2026-01-21,South America,Brazil,Laptop,7,11283.94,7456.08
2267,2026-05-22,South America,Chile,Headphones,27,4180.0,2426.55
2268,2025-07-23,North America,United States,Monitor,21,14507.81,9941.39
2269,2026-05-03,South America,Argentina,Tablet,4,1535.35,876.52
2270,2025-02-25,Europe,Germany,Tablet,4,2516.38,1498.83
2271,2025-04-09,South America,Brazil,Laptop,29,42348.61,26661.87
2272,2025-04-25,North America,Mexico,Tablet,10,5578.82,3231.16
2273,2025-10-01,North America,United States,Smartphone,1,842.97,523.21
2274,2025-08-14,Asia,South Korea,Smartphone,18,16074.67,11938.91
2275,2025-04-04,North America,Canada,Laptop,4,4184.77,2824.82
2276,2025-09-05,South America,Chile,Smartphone,29,15626.2,9614.09
2277,2025-04-20,Europe,France,Tablet,14,9068.96,5912.52
2278,2026-01-31,South America,Brazil,Smartphone,4,4311.3,2782.37
2279,2026-03-31,South America,Brazil,Monitor,28,14210.74,9390.83
2280,2025-10-06,Asia,South Korea,Monitor,26,16576.91,11019.77
2281,2025-01-22,South America,Chile,Headphones,13,3982.15,2347.51
2282,2026-01-17,Asia,India,Headphones,27,7255.19,3967.59
2283,2026-02-18,Asia,Japan,Tablet,12,6516.74,3924.97
2284,2025-10-25,Asia,South Korea,Headphones,29,5997.85,2792.5
2285,2025-09-07,Europe,Italy,Laptop,13,17831.53,12081.28
2286,2025-01-21,South America,Argentina,Monitor,30,12362.07,8282.31
2287,2025-12-23,Asia,Singapore,Tablet,30,26947.78,17282.97
2288,2025-06-22,Asia,Malaysia,Headphones,20,4467.06,2255.93
2289,2025-02-07,South America,Argentina,Laptop,25,25714.5,18852.25
2290,2025-06-12,Europe,Spain,Headphones,2,295.21,168.51
2291,2025-09-19,South America,Brazil,Tablet,5,4075.5,2434.49
2292,2025-07-10,Asia,South Korea,Tablet,6,3673.83,2202.12
2293,2025-04-05,Europe,Spain,Smartphone,10,8383.51,6126.02
2294,2025-06-21,Asia,India,Smartphone,20,19400.47,11655.43
2295,2025-04-14,North America,United States,Headphones,4,1161.38,658.84
2296,2026-01-13,Asia,Japan,Headphones,30,3913.13,2508.28
2297,2025-11-30,Asia,Singapore,Headphones,27,2311.03,1331.24
2298,2025-02-28,South America,Brazil,Smartphone,2,1550.51,1109.3
2299,2025-09-05,North America,Mexico,Tablet,15,6712.1,3824.38
2300,2025-04-23,Asia,Japan,Headphones,25,2285.35,1567.88
2301,2025-05-20,Europe,United Kingdom,Monitor,17,10190.12,7218.72
2302,2026-02-09,South America,Chile,Monitor,21,14104.5,9261.43
2303,2026-02-19,North America,Mexico,Monitor,6,2709.46,1815.22
2304,2025-02-07,Asia,India,Headphones,12,3687.91,1794.44
2305,2026-02-27,South America,Argentina,Tablet,12,3771.91,2386.97
2306,2025-01-17,Asia,South Korea,Smartphone,15,16382.37,11737.7
2307,2025-05-24,North America,Canada,Smartphone,5,2065.51,1252.38
2308,2026-03-26,North America,Canada,Monitor,15,8346.68,5420.76
2309,2025-07-29,South America,Brazil,Monitor,2,645.37,402.25
2310,2025-04-14,North America,Canada,Laptop,12,15181.07,10199.39
2311,2026-03-20,Europe,Spain,Tablet,12,9511.88,6123.49
2312,2025-02-11,South America,Brazil,Tablet,11,4576.96,3234.71
2313,2025-06-19,Europe,Germany,Smartphone,24,23253.22,14489.95
2314,2025-01-26,Asia,Malaysia,Tablet,1,569.02,350.96
2315,2026-04-17,North America,Mexico,Tablet,10,5207.81,3521.56
2316,2025-05-07,South America,Argentina,Monitor,25,11424.65,8072.78
2317,2026-06-03,Europe,France,Monitor,11,5833.39,4377.25
2318,2025-10-01,Asia,Japan,Smartphone,3,2680.5,1699.76
2319,2025-08-14,Europe,Germany,Tablet,1,872.14,508.51
2320,2025-07-18,South America,Brazil,Monitor,18,8713.68,6609.05
2321,2025-08-04,Europe,Germany,Smartphone,28,12039.13,8383.54
2322,2025-03-09,Asia,South Korea,Smartphone,30,28142.68,17118.57
2323,2026-04-16,North America,Mexico,Tablet,28,16277.96,11437.04
2324,2025-12-05,North America,Mexico,Smartphone,22,20802.45,14242.4
2325,2026-06-17,North America,Mexico,Smartphone,8,8415.56,5381.08
2326,2025-10-06,North America,Mexico,Tablet,16,14138.51,10017.46
2327,2025-02-22,North America,Canada,Laptop,27,25595.24,16528.9
2328,2025-08-13,Asia,South Korea,Smartphone,30,14366.33,9722.47
2329,2026-01-07,South America,Chile,Monitor,14,6766.01,4383.38
2330,2025-09-06,Asia,Malaysia,Monitor,30,15943.24,11702.25
2331,2025-02-28,South America,Argentina,Monitor,5,2035.56,1539.98
2332,2025-12-08,North America,United States,Tablet,8,4735.3,3360.29
2333,2026-02-10,Asia,South Korea,Monitor,28,8891.56,5769.89
2334,2025-06-18,North America,United States,Headphones,11,2642.53,1681.27
2335,2025-04-14,Europe,Germany,Laptop,5,6701.85,4683.41
2336,2025-04-05,Asia,India,Laptop,16,15641.17,10187.99
2337,2026-01-11,North America,Mexico,Headphones,3,272.75,176.02
2338,2025-12-05,Europe,Germany,Headphones,3,1040.43,615.21
2339,2025-07-16,Asia,South Korea,Monitor,4,1334.66,876.38
2340,2026-06-23,Europe,Spain,Tablet,5,1694.83,1242.39
2341,2025-09-24,Asia,Malaysia,Laptop,16,22503.74,16658.28
2342,2025-02-02,South America,Argentina,Smartphone,23,17896.95,11675.99
2343,2026-06-06,North America,Canada,Monitor,14,8448.76,5302.61
2344,2025-11-13,North America,United States,Smartphone,15,7784.65,4630.58
2345,2025-03-23,Europe,Spain,Laptop,5,4538.37,3139.77
2346,2025-06-02,Europe,United Kingdom,Tablet,23,11315.32,6683.65
2347,2026-05-09,South America,Argentina,Laptop,30,43329.33,33398.79
2348,2025-11-06,Asia,South Korea,Laptop,12,11478.37,7583.05
2349,2025-03-09,Europe,Germany,Tablet,13,5355.19,3398.37
2350,2026-02-12,North America,Canada,Smartphone,27,17861.22,12943.52
2351,2026-03-09,North America,Mexico,Smartphone,1,1095.34,653.12
2352,2025-09-14,South America,Brazil,Monitor,29,20131.35,12556.06
2353,2025-05-24,Asia,Malaysia,Headphones,16,5414.51,3620.58
2354,2025-07-04,South America,Brazil,Laptop,21,24375.28,16450.24
2355,2026-01-17,North America,United States,Laptop,16,25145.09,19238.1
2356,2025-07-26,Asia,Japan,Tablet,22,15294.39,10479.91
2357,2026-06-02,North America,Mexico,Monitor,29,13466.66,9217.63
2358,2025-07-21,South America,Chile,Laptop,15,26462.14,18908.68
2359,2025-10-25,South America,Brazil,Tablet,11,3418.24,2222.49
2360,2025-03-06,South America,Argentina,Monitor,30,19265.52,13322.17
2361,2025-11-19,Asia,South Korea,Tablet,10,8349.08,5885.0
2362,2025-08-23,North America,Canada,Tablet,1,618.45,338.22
2363,2026-04-06,Asia,South Korea,Laptop,14,11868.69,7621.8
2364,2025-10-08,South America,Brazil,Headphones,28,9441.64,5974.33
2365,2025-11-10,Europe,Italy,Headphones,7,1569.43,905.63
2366,2025-04-29,Asia,South Korea,Headphones,24,4049.25,2370.29
2367,2025-07-25,Europe,Netherlands,Monitor,3,1093.16,698.85
2368,2026-05-07,Europe,Germany,Smartphone,30,29985.85,21029.4
2369,2025-10-27,North America,Canada,Smartphone,29,21493.63,14758.94
2370,2026-01-06,Europe,United Kingdom,Tablet,18,12868.82,8475.84
2371,2025-03-20,Asia,India,Laptop,8,6927.86,5218.44
2372,2025-10-04,Asia,India,Monitor,11,2867.91,2100.92
2373,2026-04-22,Europe,Italy,Headphones,9,2628.76,1608.64
2374,2025-04-05,North America,United States,Monitor,26,7660.9,5678.19
2375,2025-01-19,Europe,Germany,Smartphone,5,3368.4,2235.05
2376,2025-07-18,South America,Chile,Tablet,1,504.11,310.62
2377,2026-03-19,Europe,Spain,Monitor,7,1986.33,1389.18
2378,2026-05-11,Europe,Netherlands,Smartphone,27,24991.76,20144.89
2379,2026-05-22,South America,Argentina,Tablet,21,10947.77,7696.23
2380,2025-02-07,South America,Brazil,Laptop,19,21953.01,17080.01
2381,2026-01-17,North America,Canada,Laptop,11,18282.08,11401.36
2382,2025-04-09,Europe,Spain,Smartphone,16,12727.62,9410.57
2383,2025-12-15,Europe,Spain,Laptop,26,42515.89,28516.72
2384,2025-11-16,South America,Argentina,Laptop,28,25384.08,19552.03
2385,2025-05-21,North America,Canada,Smartphone,9,6047.58,3845.8
2386,2025-03-18,North America,United States,Monitor,10,5693.14,3729.57
2387,2025-01-27,North America,Canada,Smartphone,23,10912.6,6460.13
2388,2026-06-22,Europe,United Kingdom,Laptop,4,7098.56,5841.26
2389,2025-11-22,Europe,France,Headphones,7,1660.41,777.29
2390,2025-02-20,North America,Canada,Headphones,25,5653.82,3605.03
2391,2025-11-01,North America,United States,Monitor,25,16634.84,10644.68
2392,2026-03-07,Europe,Netherlands,Tablet,9,6701.91,3842.01
2393,2025-04-07,Europe,Germany,Monitor,2,869.22,571.76
2394,2025-04-20,North America,United States,Headphones,18,5789.82,2877.21
2395,2025-12-09,Asia,Japan,Headphones,23,7222.16,4370.08
2396,2025-01-18,South America,Brazil,Smartphone,6,5941.74,4227.83
2397,2026-06-06,Asia,South Korea,Laptop,22,29105.45,19609.23
2398,2025-07-12,South America,Chile,Smartphone,2,1487.56,1008.74
2399,2026-02-02,Asia,Malaysia,Tablet,12,4580.72,3323.46
2400,2026-02-26,North America,Canada,Smartphone,20,21698.24,12800.74
2401,2026-03-07,North America,Mexico,Headphones,16,1286.28,599.87
2402,2025-07-15,North America,Mexico,Smartphone,19,10402.24,6995.83
2403,2025-05-03,Asia,Japan,Laptop,8,14385.16,10777.09
2404,2025-03-15,South America,Brazil,Smartphone,9,10507.68,7060.45
2405,2025-08-04,Europe,Netherlands,Laptop,14,12697.35,8291.54
2406,2025-05-28,Asia,India,Tablet,11,9749.85,6087.64
2407,2026-06-16,North America,Canada,Smartphone,28,25425.16,15333.53
2408,2025-12-28,Asia,Japan,Monitor,16,10793.14,7339.25
2409,2025-09-16,Europe,Italy,Monitor,6,1384.21,1027.4
2410,2025-03-03,South America,Chile,Tablet,7,3836.3,2684.73
2411,2025-05-25,North America,Canada,Smartphone,14,14213.4,9177.84
2412,2026-06-27,Europe,Spain,Monitor,12,4219.17,3020.47
2413,2025-07-25,North America,Canada,Monitor,9,2522.06,1577.02
2414,2025-05-17,Europe,France,Monitor,13,4022.67,3024.1
2415,2026-06-06,Asia,India,Tablet,24,12540.01,7565.61
2416,2025-04-12,North America,Mexico,Headphones,26,4257.72,2268.75
2417,2025-03-06,Europe,France,Tablet,9,7072.43,4800.88
2418,2026-06-27,Asia,South Korea,Headphones,1,120.26,55.86
2419,2026-03-06,North America,United States,Monitor,7,2055.8,1453.9
2420,2026-03-12,North America,Mexico,Tablet,19,7973.92,4850.79
2421,2026-01-01,Europe,Italy,Monitor,20,5962.69,3811.24
2422,2025-02-16,North America,Canada,Monitor,25,8014.59,5156.18
2423,2025-08-22,South America,Chile,Laptop,23,20154.17,14318.04
2424,2025-05-21,Asia,South Korea,Laptop,7,8869.58,6347.04
2425,2025-03-16,Europe,Netherlands,Headphones,15,4109.65,2057.98
2426,2025-08-08,Asia,Singapore,Laptop,2,2112.91,1641.55
2427,2026-02-23,Europe,United Kingdom,Headphones,29,5842.22,2909.95
2428,2025-12-15,Asia,Malaysia,Laptop,3,4816.25,3643.86
2429,2025-09-04,Europe,Italy,Tablet,18,7204.01,4889.69
2430,2025-01-07,South America,Brazil,Monitor,29,10595.79,6507.87
2431,2025-08-23,North America,United States,Monitor,23,8613.03,5573.52
2432,2026-04-09,Asia,India,Laptop,21,28805.79,21223.18
2433,2025-07-17,Asia,Japan,Smartphone,24,10467.92,6476.53
2434,2025-08-03,Asia,Japan,Tablet,15,5051.48,3214.81
2435,2025-05-18,Europe,Germany,Smartphone,12,10820.45,7799.67
2436,2025-11-03,South America,Brazil,Laptop,27,45931.23,31958.8
2437,2025-01-08,Asia,Singapore,Laptop,18,17551.72,13424.7
2438,2026-03-07,Europe,Germany,Smartphone,7,3209.99,2074.97
2439,2026-03-22,Asia,Japan,Tablet,23,14079.61,9212.99
2440,2026-06-28,North America,Canada,Smartphone,27,32339.9,21190.9
2441,2025-08-09,South America,Argentina,Smartphone,20,21387.04,13927.5
2442,2025-11-20,North America,Mexico,Smartphone,30,29601.95,20528.64
2443,2025-01-21,Asia,South Korea,Tablet,13,9925.95,6342.96
2444,2025-04-04,Europe,Netherlands,Smartphone,29,12847.98,8966.87
2445,2025-04-26,South America,Argentina,Headphones,23,6420.57,3088.94
2446,2026-06-15,Asia,Malaysia,Smartphone,26,13029.68,9580.47
2447,2026-06-05,Europe,France,Headphones,18,1846.14,1201.41
2448,2025-04-06,North America,Canada,Tablet,18,6870.74,3918.47
2449,2026-03-14,South America,Brazil,Smartphone,26,26832.59,18562.89
2450,2025-04-02,Asia,Malaysia,Monitor,3,1233.18,877.31
2451,2025-03-24,North America,Canada,Smartphone,22,13663.08,9640.07
2452,2025-01-31,Europe,Germany,Laptop,25,36622.05,22847.52
2453,2025-02-01,Europe,United Kingdom,Smartphone,25,24843.96,16941.75
2454,2025-03-25,Europe,Netherlands,Smartphone,16,18599.53,11080.15
2455,2026-01-16,Europe,Netherlands,Headphones,1,274.19,185.72
2456,2025-11-17,South America,Chile,Laptop,26,44570.73,32237.88
2457,2025-10-27,North America,United States,Laptop,18,29029.79,20496.65
2458,2026-05-04,North America,Canada,Headphones,30,8620.7,4091.66
2459,2025-10-23,Europe,United Kingdom,Monitor,16,3523.07,2358.87
2460,2025-01-27,Europe,Spain,Laptop,1,1462.04,1113.67
2461,2026-01-22,North America,Mexico,Tablet,3,1550.64,973.34
2462,2026-06-27,Asia,South Korea,Monitor,19,4967.95,3358.71
2463,2025-10-03,Asia,Singapore,Tablet,22,7246.77,4440.25
2464,2025-06-24,South America,Chile,Laptop,18,27257.19,19625.25
2465,2025-02-24,South America,Brazil,Smartphone,14,12343.55,8372.3
2466,2026-04-17,North America,United States,Headphones,25,6294.65,4128.52
2467,2026-06-23,Asia,Japan,Laptop,2,2135.62,1361.5
2468,2025-05-06,South America,Argentina,Headphones,4,1281.42,846.38
2469,2025-01-06,North America,Mexico,Tablet,28,19215.46,12164.75
2470,2026-05-01,South America,Brazil,Headphones,7,1274.59,797.49
2471,2026-06-26,Europe,Italy,Tablet,8,3143.33,2015.32
2472,2026-02-14,North America,Mexico,Smartphone,17,14571.32,9866.52
2473,2025-11-11,South America,Argentina,Smartphone,1,594.17,384.53
2474,2025-05-14,North America,Mexico,Headphones,14,1928.44,985.83
2475,2025-09-15,Europe,Italy,Laptop,27,32134.97,24784.82
2476,2026-02-04,Asia,Singapore,Tablet,25,11859.18,8402.1
2477,2025-07-11,South America,Brazil,Tablet,11,6886.9,4006.68
2478,2025-07-16,Europe,Netherlands,Laptop,16,18836.34,12917.78
2479,2025-10-14,North America,Mexico,Headphones,27,6026.29,3921.57
2480,2025-01-24,Asia,India,Tablet,8,5069.23,3270.49
2481,2025-07-02,North America,Canada,Smartphone,15,13321.14,9079.03
2482,2025-12-15,Europe,United Kingdom,Laptop,28,30558.53,19946.85
2483,2025-08-10,Asia,Singapore,Smartphone,27,22166.19,15160.33
2484,2025-05-06,South America,Chile,Smartphone,26,13341.45,7956.15
2485,2025-04-07,South America,Chile,Monitor,24,15343.16,9509.76
2486,2025-02-19,Asia,Japan,Headphones,3,751.01,379.66
2487,2025-08-10,Asia,South Korea,Tablet,8,2588.21,1628.32
2488,2025-02-05,Europe,Germany,Headphones,25,5407.98,3376.92
2489,2025-12-02,South America,Brazil,Monitor,17,10696.22,7750.76
2490,2026-06-22,Europe,Germany,Smartphone,7,7393.95,6059.8
2491,2025-01-31,Europe,United Kingdom,Monitor,4,1899.48,1394.25
2492,2026-06-21,Europe,France,Monitor,11,4797.5,3801.8
2493,2025-09-28,North America,Mexico,Laptop,24,40990.48,31016.17
2494,2025-08-07,South America,Argentina,Headphones,26,4507.46,2946.77
2495,2025-03-20,North America,Mexico,Laptop,26,24002.51,16661.44
2496,2025-10-21,Europe,Spain,Tablet,8,3510.48,2246.99
2497,2025-12-18,Europe,Spain,Smartphone,25,29938.66,18297.1
2498,2025-06-11,Asia,Malaysia,Headphones,17,2038.78,1050.45
2499,2025-10-09,North America,Canada,Monitor,3,738.34,545.93
2500,2025-10-29,Asia,Malaysia,Headphones,14,4675.72,2196.92
2501,2026-01-11,Europe,United Kingdom,Smartphone,16,18375.58,11918.17
2502,2025-02-17,Europe,Germany,Smartphone,14,14339.44,8358.1
2503,2025-02-13,Asia,India,Headphones,29,3910.92,2150.36
2504,2025-04-01,Europe,Italy,Smartphone,22,16819.07,10617.21
2505,2025-08-06,Europe,France,Smartphone,9,10061.95,6408.73
2506,2026-03-17,Asia,South Korea,Headphones,4,844.22,552.89
2507,2026-03-11,Asia,Malaysia,Smartphone,17,18106.92,11524.41
2508,2025-02-11,Europe,France,Tablet,29,18348.83,12568.0
2509,2026-04-04,Asia,Singapore,Tablet,8,4689.06,3157.65
2510,2026-06-26,Asia,South Korea,Laptop,7,7236.23,4992.19
2511,2025-05-08,Europe,Germany,Tablet,15,10719.97,5928.89
2512,2025-02-18,North America,Mexico,Headphones,23,2242.66,1136.02
2513,2025-07-06,Europe,Netherlands,Monitor,9,4423.05,2771.02
2514,2026-03-07,South America,Chile,Tablet,27,17053.72,11132.53
2515,2026-04-13,Europe,Spain,Tablet,5,3105.79,2149.99
2516,2026-01-29,Asia,Japan,Tablet,19,6873.56,3874.05
2517,2026-05-28,North America,Mexico,Headphones,26,8923.47,4325.42
2518,2025-06-29,Asia,India,Smartphone,27,27655.24,19942.15
2519,2025-10-29,Asia,South Korea,Monitor,19,9118.56,6930.15
2520,2026-02-22,Europe,Spain,Monitor,5,1994.98,1234.57
2521,2026-03-04,Europe,Netherlands,Monitor,6,3447.83,2239.44
2522,2025-08-22,Asia,Singapore,Headphones,30,5330.59,2751.18
2523,2026-06-17,Asia,Malaysia,Laptop,27,43706.87,29526.27
2524,2025-01-04,North America,Canada,Laptop,5,8511.24,5963.0
2525,2026-03-21,North America,United States,Headphones,26,8039.78,3809.78
2526,2026-01-03,Asia,South Korea,Tablet,3,2310.48,1444.08
2527,2026-01-23,North America,Canada,Laptop,30,48876.44,29931.41
2528,2026-05-09,South America,Brazil,Smartphone,25,13805.73,9174.75
2529,2025-12-11,Europe,United Kingdom,Smartphone,25,15340.94,10226.81
2530,2025-09-04,North America,Mexico,Tablet,21,17627.32,12079.8
2531,2025-06-18,South America,Brazil,Laptop,1,1467.72,1030.67
2532,2026-02-05,South America,Brazil,Laptop,4,6534.84,4849.64
2533,2026-05-31,Asia,India,Laptop,22,21853.32,15907.09
2534,2025-01-27,Europe,Germany,Monitor,17,3875.88,2727.56
2535,2025-03-24,North America,Mexico,Headphones,3,934.85,480.44
2536,2026-04-10,South America,Brazil,Headphones,7,2207.78,1475.61
2537,2026-02-26,Asia,India,Tablet,8,5460.01,3308.34
2538,2026-05-23,South America,Argentina,Headphones,10,1854.99,859.57
2539,2026-04-05,Asia,South Korea,Monitor,22,5830.32,3684.47
2540,2025-01-20,Europe,Netherlands,Monitor,24,12304.68,8316.27
2541,2026-01-29,Europe,France,Headphones,23,7630.73,3551.06
2542,2025-09-27,Europe,Italy,Headphones,22,4929.2,2294.28
2543,2025-07-19,Asia,Japan,Monitor,8,1956.75,1235.15
2544,2025-11-18,North America,Mexico,Smartphone,7,4730.55,3423.79
2545,2025-04-22,South America,Chile,Laptop,15,12159.62,9191.79
2546,2025-06-18,Europe,Germany,Headphones,6,480.75,228.79
2547,2026-03-09,Asia,Malaysia,Tablet,5,2903.18,1895.31
2548,2025-12-20,South America,Brazil,Smartphone,7,5305.94,3834.2
2549,2025-10-31,North America,Canada,Headphones,2,552.03,264.31
2550,2025-11-27,Europe,France,Monitor,10,4551.34,3439.42
2551,2025-04-07,South America,Argentina,Tablet,2,883.81,516.88
2552,2025-09-14,Europe,Italy,Monitor,18,4574.54,2848.49
2553,2026-04-20,South America,Chile,Headphones,6,1962.58,917.09
2554,2025-06-15,Europe,Italy,Headphones,18,5460.79,2585.89
2555,2025-07-18,North America,Mexico,Monitor,6,2917.56,1880.14
2556,2026-05-19,South America,Brazil,Monitor,28,17168.67,12704.08
2557,2025-09-06,Europe,Spain,Smartphone,18,17014.06,10735.03
2558,2025-01-30,North America,United States,Headphones,25,5035.09,3071.01
2559,2026-05-20,South America,Argentina,Laptop,15,19174.82,12075.81
2560,2026-05-24,Asia,South Korea,Headphones,25,7451.34,4901.66
2561,2025-01-16,North America,United States,Monitor,18,4892.67,3402.49
2562,2025-06-25,Asia,Japan,Tablet,11,7747.63,4452.19
2563,2026-02-07,North America,United States,Tablet,18,16079.83,11244.63
2564,2025-09-29,South America,Chile,Smartphone,24,10998.95,7525.58
2565,2025-06-28,Europe,Spain,Smartphone,11,9397.23,6907.21
2566,2025-02-10,North America,United States,Monitor,20,10089.61,6419.1
2567,2025-01-17,Asia,Japan,Laptop,28,31664.69,20120.56
2568,2025-08-24,South America,Chile,Headphones,23,6133.63,3475.89
2569,2025-10-26,Asia,Singapore,Headphones,11,3393.02,2036.62
2570,2025-03-09,Europe,United Kingdom,Tablet,15,10134.59,6448.45
2571,2025-02-06,South America,Brazil,Tablet,30,12222.76,8582.62
2572,2026-02-16,South America,Argentina,Monitor,7,3287.45,2483.79
2573,2025-07-11,Europe,Spain,Monitor,9,3512.02,2151.04
2574,2025-03-07,South America,Argentina,Headphones,18,3833.41,2202.89
2575,2026-03-23,South America,Chile,Smartphone,27,28816.3,18189.39
2576,2025-07-20,South America,Chile,Laptop,26,37525.95,25176.93
2577,2026-06-21,Europe,Italy,Smartphone,22,19803.52,13822.8
2578,2025-02-23,North America,United States,Tablet,25,22417.1,13556.96
2579,2025-12-06,South America,Chile,Laptop,1,1473.01,952.84
2580,2025-06-30,North America,Canada,Tablet,9,3685.8,2318.4
2581,2026-04-17,South America,Brazil,Smartphone,12,12734.1,8631.45
2582,2025-07-10,Asia,Japan,Headphones,24,5652.82,2950.37
2583,2026-02-05,Asia,Japan,Headphones,29,9553.13,6447.82
2584,2025-12-15,South America,Brazil,Tablet,3,2132.04,1504.63
2585,2025-07-11,North America,Mexico,Monitor,6,3941.86,2542.25
2586,2025-06-21,Asia,South Korea,Headphones,8,2515.6,1285.78
2587,2026-06-27,North America,United States,Smartphone,28,33408.02,21739.16
2588,2026-02-05,North America,Canada,Laptop,21,27082.27,17659.16
2589,2026-01-31,North America,United States,Headphones,11,3125.28,1930.77
2590,2025-10-22,North America,United States,Laptop,7,7746.34,5497.64
2591,2026-06-09,Europe,Germany,Monitor,20,8842.49,6079.23
2592,2026-06-19,North America,Mexico,Smartphone,9,9312.85,5436.48
2593,2026-01-08,Asia,South Korea,Tablet,3,1485.44,946.41
2594,2025-12-01,North America,United States,Laptop,7,10702.53,7155.47
2595,2025-08-08,South America,Argentina,Headphones,4,577.2,316.33
2596,2025-11-21,Europe,Germany,Headphones,9,3035.14,1470.3
2597,2025-04-22,North America,United States,Laptop,25,28846.49,19703.92
2598,2026-06-26,Europe,Netherlands,Headphones,17,3530.55,1920.03
2599,2025-05-15,South America,Brazil,Tablet,12,4534.39,3145.05
2600,2026-06-24,North America,Canada,Smartphone,29,14774.91,9203.93
2601,2026-03-15,South America,Brazil,Tablet,28,21385.15,13602.98
2602,2026-04-06,South America,Argentina,Tablet,28,11215.51,7107.95
2603,2025-12-12,North America,Mexico,Tablet,18,12227.46,8126.26
2604,2026-03-09,North America,Canada,Headphones,10,1279.99,601.14
2605,2025-05-02,Europe,Netherlands,Monitor,11,2339.68,1752.91
2606,2025-01-07,Europe,Germany,Smartphone,26,16782.3,11450.0
2607,2025-08-26,Europe,France,Smartphone,21,23139.85,16690.62
2608,2025-04-29,North America,Canada,Laptop,7,5638.99,3746.48
2609,2025-02-04,Asia,South Korea,Headphones,24,3100.33,1497.72
2610,2025-11-07,North America,Mexico,Headphones,20,3668.56,2108.98
2611,2026-05-18,Asia,South Korea,Smartphone,14,10628.85,7354.86
2612,2026-03-28,North America,Mexico,Monitor,5,2867.25,1751.2
2613,2026-06-12,Asia,Singapore,Tablet,7,6088.75,3481.74
2614,2025-08-12,Asia,Malaysia,Laptop,24,22409.42,17116.63
2615,2025-05-10,Asia,Malaysia,Smartphone,29,31115.08,18393.16
2616,2025-11-09,Europe,Germany,Monitor,24,4897.38,3008.83
2617,2025-09-08,South America,Argentina,Monitor,6,1811.87,1247.36
2618,2025-12-20,Europe,Spain,Smartphone,25,19433.21,12884.01
2619,2025-03-31,South America,Brazil,Smartphone,29,19722.03,12903.77
2620,2025-09-24,North America,Mexico,Tablet,16,6102.4,3455.84
2621,2025-02-03,North America,United States,Headphones,3,653.85,404.32
2622,2026-04-10,South America,Chile,Headphones,8,2215.84,1197.16
2623,2025-07-06,South America,Brazil,Monitor,6,1389.97,986.87
2624,2025-07-23,South America,Chile,Smartphone,30,25547.64,17198.89
2625,2025-07-10,Europe,United Kingdom,Smartphone,6,3144.92,2304.69
2626,2025-08-08,South America,Brazil,Laptop,24,29450.4,19799.88
2627,2025-03-19,North America,United States,Headphones,18,2139.22,1382.46
2628,2025-11-29,North America,Mexico,Smartphone,26,22414.19,15984.08
2629,2025-07-28,North America,Mexico,Tablet,9,4956.53,3088.65
2630,2026-04-20,South America,Brazil,Smartphone,26,18576.1,11508.67
2631,2025-01-21,North America,Canada,Tablet,19,14942.7,10037.59
2632,2025-04-30,Asia,South Korea,Headphones,27,8341.51,4954.2
2633,2025-01-03,Asia,Malaysia,Smartphone,15,6838.59,4095.43
2634,2025-09-10,South America,Chile,Monitor,24,6150.16,4172.59
2635,2025-12-01,Asia,Malaysia,Headphones,30,6603.45,3236.05
2636,2025-01-29,Europe,France,Tablet,13,9587.78,6456.78
2637,2025-02-25,Asia,Japan,Laptop,29,24489.5,18410.22
2638,2026-05-16,South America,Chile,Headphones,17,5324.03,2932.61
2639,2025-08-04,North America,Mexico,Headphones,12,1558.29,914.1
2640,2026-02-08,Europe,Germany,Smartphone,1,622.5,391.14
2641,2026-02-02,Europe,Spain,Headphones,11,1205.16,560.73
2642,2025-06-16,Asia,Malaysia,Laptop,1,1578.94,1157.15
2643,2025-06-21,North America,Mexico,Laptop,3,3308.37,2271.11
2644,2026-06-08,Asia,India,Headphones,27,3591.26,1656.04
2645,2026-03-02,South America,Brazil,Smartphone,22,19245.34,11448.45
2646,2025-04-28,Asia,South Korea,Laptop,21,19969.57,13065.81
2647,2025-08-01,Asia,India,Monitor,14,6065.87,4340.91
2648,2025-02-24,Europe,Spain,Laptop,4,3650.84,2498.75
2649,2025-05-13,Asia,India,Laptop,20,30433.41,21347.17
2650,2025-12-18,South America,Brazil,Smartphone,30,26951.38,18778.34
2651,2025-02-07,North America,Mexico,Smartphone,14,9859.18,5948.48
2652,2025-01-14,Asia,South Korea,Tablet,25,15314.89,8965.91
2653,2025-10-16,Asia,India,Laptop,10,8227.09,5918.09
2654,2026-02-09,Asia,Singapore,Laptop,19,27833.55,21908.27
2655,2025-06-03,North America,Canada,Smartphone,1,1071.99,712.47
2656,2026-01-11,North America,Mexico,Monitor,27,16078.17,11571.05
2657,2025-01-02,Asia,Malaysia,Headphones,12,1375.38,852.39
2658,2026-05-24,Europe,Germany,Smartphone,15,7423.8,5226.91
2659,2026-03-11,North America,Mexico,Tablet,18,9360.26,5542.96
2660,2025-05-14,Asia,India,Tablet,3,2498.58,1729.89
2661,2025-01-27,Asia,South Korea,Laptop,14,12923.58,9411.99
2662,2026-05-06,Asia,Malaysia,Monitor,9,2071.39,1462.09
2663,2025-03-04,South America,Chile,Laptop,14,17166.78,12266.18
2664,2026-02-27,Asia,Japan,Smartphone,28,17503.33,12147.58
2665,2025-04-20,North America,Canada,Tablet,28,11064.45,7627.39
2666,2025-01-08,Asia,Singapore,Laptop,8,6869.18,4346.12
2667,2026-01-07,South America,Argentina,Headphones,30,8624.14,4776.39
2668,2026-03-10,North America,Mexico,Laptop,12,14913.75,10713.01
2669,2025-12-23,North America,Canada,Monitor,27,7728.51,4864.14
2670,2026-05-07,Europe,France,Tablet,15,8407.66,5454.85
2671,2025-03-02,Europe,Spain,Laptop,2,2014.44,1508.77
2672,2026-02-27,Asia,India,Monitor,13,4395.1,3344.29
2673,2026-05-16,Asia,South Korea,Headphones,2,453.96,262.79
2674,2026-01-11,South America,Brazil,Smartphone,19,8063.33,5605.36
2675,2025-12-17,Europe,Italy,Laptop,7,9158.54,6277.03
2676,2025-04-15,Asia,India,Monitor,23,7235.67,4506.04
2677,2025-02-18,North America,Canada,Headphones,9,1915.64,930.78
2678,2026-02-15,Asia,India,Smartphone,1,413.94,273.04
2679,2025-12-24,North America,Canada,Monitor,23,9539.08,6015.36
2680,2025-01-31,Asia,India,Headphones,1,170.12,117.37
2681,2025-07-25,South America,Brazil,Monitor,30,9813.32,6574.88
2682,2026-02-08,South America,Brazil,Laptop,12,16621.77,11700.7
2683,2025-05-22,South America,Brazil,Laptop,2,3559.65,2436.5
2684,2026-03-12,Europe,United Kingdom,Tablet,21,13725.36,9310.82
2685,2025-04-30,Europe,Italy,Headphones,16,4159.44,1990.68
2686,2025-09-16,Europe,Germany,Tablet,19,8389.85,5710.19
2687,2025-03-11,North America,Mexico,Laptop,11,11542.2,8882.85
2688,2025-03-09,North America,United States,Laptop,9,12695.03,8763.3
2689,2025-11-01,South America,Argentina,Headphones,17,5902.71,3523.58
2690,2025-03-08,Asia,South Korea,Headphones,15,3974.88,2572.32
2691,2026-01-27,North America,United States,Monitor,30,11730.06,7107.62
2692,2025-08-10,South America,Argentina,Laptop,16,20478.27,13568.65
2693,2025-08-27,Asia,Singapore,Monitor,6,1832.81,1320.03
2694,2026-06-12,North America,Mexico,Headphones,30,3322.9,1928.7
2695,2025-01-16,Europe,Netherlands,Tablet,6,4980.33,3457.25
2696,2025-05-23,Europe,France,Monitor,2,915.57,669.44
2697,2025-06-25,Europe,Germany,Monitor,2,1241.03,875.82
2698,2025-01-29,North America,United States,Headphones,26,2667.49,1400.32
2699,2026-06-10,South America,Brazil,Laptop,3,5328.03,4123.91
2700,2026-05-31,North America,Mexico,Headphones,1,300.14,190.83
2701,2026-02-13,North America,Canada,Headphones,5,616.97,288.53
2702,2025-12-31,Asia,Malaysia,Monitor,17,6577.29,4993.49
2703,2025-06-26,Europe,Germany,Tablet,18,5905.68,3724.31
2704,2026-04-30,Europe,France,Smartphone,13,11059.66,7829.45
2705,2026-02-17,Europe,Netherlands,Laptop,30,28734.93,21912.06
2706,2025-10-04,Asia,Malaysia,Monitor,18,11734.3,7440.37
2707,2026-02-06,South America,Chile,Laptop,9,7588.21,5135.27
2708,2025-05-01,North America,United States,Headphones,14,1545.22,831.71
2709,2026-05-22,Asia,Japan,Monitor,10,5370.96,3971.06
2710,2025-08-18,North America,Mexico,Monitor,12,3042.05,2247.96
2711,2026-02-12,Asia,Singapore,Laptop,29,40737.66,28412.94
2712,2025-10-17,South America,Argentina,Headphones,8,2195.97,1460.71
2713,2026-03-16,Europe,United Kingdom,Monitor,17,6055.35,3695.95
2714,2025-01-12,Asia,Malaysia,Tablet,4,2126.24,1248.46
2715,2025-12-31,Asia,South Korea,Tablet,18,11304.49,6331.17
2716,2025-08-16,North America,Mexico,Monitor,18,9870.19,6183.4
2717,2025-02-12,South America,Brazil,Tablet,13,7640.28,5488.79
2718,2026-06-24,South America,Chile,Headphones,3,584.18,346.62
2719,2025-03-06,Europe,United Kingdom,Laptop,7,12590.98,8033.94
2720,2025-09-12,North America,Mexico,Headphones,21,6300.28,4219.13
2721,2025-07-29,South America,Brazil,Smartphone,7,5460.62,3523.31
2722,2025-01-01,North America,United States,Smartphone,2,2269.36,1410.17
2723,2026-06-08,Europe,Italy,Tablet,25,19950.88,12643.44
2724,2025-06-19,North America,Canada,Tablet,16,6188.59,3472.89
2725,2025-04-10,South America,Argentina,Laptop,28,27810.96,18529.45
2726,2025-01-29,South America,Argentina,Laptop,16,24889.69,17360.02
2727,2025-03-08,Asia,Singapore,Headphones,18,4225.92,2475.22
2728,2025-02-12,Europe,Italy,Monitor,27,12840.56,7903.42
2729,2025-03-23,South America,Argentina,Monitor,17,10606.22,6541.22
2730,2025-08-20,North America,Mexico,Smartphone,30,21468.47,13530.4
2731,2025-09-29,South America,Chile,Headphones,20,5945.74,3016.06
2732,2026-02-10,South America,Argentina,Headphones,13,3030.95,1844.02
2733,2025-04-03,North America,Canada,Headphones,9,3098.72,1936.15
2734,2025-02-20,Europe,Germany,Headphones,5,1375.22,833.78
2735,2025-03-01,South America,Argentina,Smartphone,23,26288.97,18987.59
2736,2025-02-15,North America,United States,Laptop,16,14057.7,10110.9
2737,2025-03-05,Asia,Malaysia,Headphones,25,7206.22,4653.25
2738,2025-08-01,South America,Argentina,Smartphone,14,16529.68,11300.0
2739,2025-04-13,North America,Canada,Tablet,20,6669.74,4152.15
2740,2025-02-20,Europe,Spain,Headphones,10,2978.88,1545.16
2741,2025-09-14,Asia,India,Tablet,30,15774.04,9839.18
2742,2025-10-08,South America,Argentina,Monitor,14,3150.02,2287.76
2743,2025-09-26,Asia,India,Tablet,11,6095.7,3790.99
2744,2026-03-30,North America,Mexico,Laptop,19,23761.8,18117.87
2745,2025-11-23,Asia,Japan,Headphones,26,6352.45,3543.3
2746,2025-09-06,North America,Canada,Monitor,29,11328.28,6920.77
2747,2025-07-08,South America,Argentina,Tablet,2,730.08,480.06
2748,2025-12-22,Asia,India,Laptop,23,39834.05,27807.33
2749,2025-07-11,Europe,France,Smartphone,10,5448.35,3824.34
2750,2026-04-08,South America,Argentina,Monitor,10,4006.18,2893.3
2751,2025-03-10,South America,Brazil,Laptop,3,2930.63,2149.51
2752,2025-04-13,Europe,United Kingdom,Headphones,27,9133.22,5230.45
2753,2026-06-14,South America,Brazil,Laptop,25,42610.93,30078.89
2754,2025-04-21,South America,Chile,Headphones,13,2729.01,1538.46
2755,2025-05-11,Asia,India,Smartphone,19,16651.97,12333.83
2756,2026-03-31,Europe,United Kingdom,Monitor,5,3485.54,2319.17
2757,2025-09-27,Asia,South Korea,Laptop,5,7652.23,5946.73
2758,2025-02-24,Asia,Malaysia,Tablet,8,5930.0,4212.46
2759,2025-12-17,Asia,South Korea,Tablet,23,15024.64,9399.38
2760,2026-06-30,Europe,Italy,Headphones,12,4114.8,2782.34
2761,2026-01-13,North America,Mexico,Smartphone,10,5023.33,3403.21
2762,2025-08-27,North America,Canada,Tablet,26,19537.77,13705.83
2763,2025-02-18,Europe,Netherlands,Monitor,9,3174.76,2091.5
2764,2026-04-24,North America,Mexico,Smartphone,28,15608.53,11094.68
2765,2025-04-25,Asia,Japan,Smartphone,30,29110.21,19259.08
2766,2026-05-19,Europe,Italy,Monitor,29,17016.53,13651.77
2767,2025-09-06,North America,Mexico,Smartphone,16,8572.43,5149.12
2768,2026-01-24,Asia,India,Monitor,12,6685.3,4778.71
2769,2025-03-04,Europe,Spain,Monitor,8,4906.81,3144.23
2770,2025-07-19,Europe,Italy,Headphones,26,8951.6,4697.35
2771,2026-05-31,Asia,Singapore,Headphones,29,4116.49,2696.25
2772,2025-11-09,Europe,Germany,Laptop,17,14775.1,11223.37
2773,2026-03-28,South America,Chile,Tablet,17,14331.03,9934.78
2774,2025-12-20,Asia,Singapore,Tablet,9,7650.66,5527.12
2775,2025-09-25,North America,Canada,Laptop,27,35956.9,26648.08
2776,2026-01-06,Europe,Italy,Headphones,20,2774.19,1697.95
2777,2025-04-20,Europe,Netherlands,Tablet,8,5489.52,3134.33
2778,2026-04-13,North America,Mexico,Monitor,26,13287.29,9071.03
2779,2026-06-25,Asia,Malaysia,Laptop,10,17932.08,12199.56
2780,2025-05-17,South America,Brazil,Tablet,27,15380.51,8818.88
2781,2026-01-21,Asia,India,Laptop,28,42809.18,31067.26
2782,2026-01-26,North America,United States,Tablet,5,4213.68,2871.11
2783,2025-08-20,South America,Brazil,Headphones,8,1154.66,730.02
2784,2025-06-04,Europe,Netherlands,Headphones,16,1409.96,932.81
2785,2025-06-10,Asia,Japan,Headphones,28,6131.01,2889.89
2786,2025-08-06,Asia,Japan,Laptop,2,3232.43,2044.14
2787,2025-08-24,Asia,India,Laptop,3,4474.99,3095.58
2788,2026-03-21,South America,Brazil,Laptop,30,24894.01,18785.12
2789,2026-05-08,South America,Brazil,Laptop,18,15905.01,10613.02
2790,2026-01-17,South America,Brazil,Tablet,2,1700.72,1003.41
2791,2025-10-24,North America,Mexico,Smartphone,21,24249.21,16109.75
2792,2025-02-18,South America,Argentina,Monitor,26,14963.98,11028.37
2793,2025-05-22,Asia,Singapore,Tablet,14,11477.38,7575.98
2794,2025-04-11,Europe,Germany,Smartphone,24,24443.42,14243.28
2795,2026-02-18,Asia,India,Tablet,27,21312.4,15353.2
2796,2026-01-24,South America,Brazil,Tablet,1,841.76,469.56
2797,2026-03-20,South America,Argentina,Tablet,3,1032.89,726.99
2798,2026-02-07,North America,Canada,Laptop,23,20476.81,15245.31
2799,2025-08-19,North America,United States,Monitor,18,6515.38,4259.83
2800,2025-10-03,South America,Brazil,Headphones,20,1681.24,1055.47
2801,2025-07-19,South America,Argentina,Headphones,7,1116.04,538.37
2802,2026-02-19,Asia,South Korea,Headphones,15,4378.89,2546.02
2803,2026-03-20,Europe,Italy,Headphones,22,5682.85,3191.59
2804,2025-03-16,North America,United States,Tablet,26,17025.25,9716.37
2805,2026-04-10,Europe,Spain,Monitor,29,11267.29,8911.46
2806,2025-08-31,Asia,India,Laptop,5,6158.06,4570.8
2807,2026-01-03,South America,Chile,Headphones,19,4388.02,2855.36
2808,2026-01-25,Europe,United Kingdom,Laptop,18,29786.05,22094.35
2809,2026-01-13,Asia,India,Monitor,12,4413.69,2914.34
2810,2025-05-01,South America,Argentina,Monitor,10,5530.33,3911.9
2811,2025-05-22,South America,Argentina,Monitor,20,5848.78,3579.11
2812,2025-05-29,North America,United States,Headphones,23,5517.69,3620.66
2813,2026-03-23,North America,United States,Smartphone,5,4412.63,2852.35
2814,2026-06-09,Europe,Italy,Laptop,26,39185.46,33672.55
2815,2025-09-28,North America,Canada,Smartphone,4,4234.58,2648.55
2816,2025-10-28,North America,Canada,Laptop,11,13586.29,9387.15
2817,2025-01-03,Asia,Japan,Tablet,16,12772.84,8695.14
2818,2025-01-19,Europe,Germany,Monitor,8,5301.36,3942.92
2819,2026-02-24,North America,United States,Monitor,6,1833.82,1121.86
2820,2026-04-27,Asia,Malaysia,Smartphone,30,25439.76,16344.94
2821,2025-10-14,Europe,Germany,Laptop,16,21122.73,16290.93
2822,2026-06-14,Asia,Japan,Tablet,23,13146.21,7563.21
2823,2026-03-06,Europe,Italy,Headphones,30,9942.98,6240.8
2824,2025-01-07,South America,Brazil,Laptop,26,29937.24,21255.24
2825,2025-03-02,Europe,Germany,Headphones,12,4118.11,2431.32
2826,2026-04-20,Europe,Netherlands,Laptop,11,10845.23,7731.99
2827,2025-02-14,North America,United States,Monitor,2,1220.82,746.88
2828,2025-02-14,Europe,Italy,Laptop,26,31984.89,21437.09
2829,2025-01-16,Europe,Italy,Tablet,29,20891.5,14999.17
2830,2025-03-30,North America,Mexico,Tablet,23,10943.89,7418.03
2831,2025-05-25,South America,Argentina,Headphones,18,4225.19,2742.14
2832,2026-02-27,North America,United States,Headphones,9,1398.04,766.98
2833,2025-04-29,South America,Chile,Laptop,20,31860.63,22377.23
2834,2025-05-25,South America,Brazil,Tablet,26,16199.35,9496.82
2835,2025-03-14,Europe,United Kingdom,Tablet,2,784.47,534.77
2836,2026-02-17,Asia,Japan,Laptop,15,25386.03,16859.72
2837,2026-01-04,South America,Argentina,Headphones,25,7948.84,4019.33
2838,2025-06-05,South America,Chile,Laptop,13,21606.57,16780.58
2839,2026-03-22,Europe,Netherlands,Monitor,15,4453.17,3062.32
2840,2025-09-15,North America,Mexico,Headphones,7,1594.14,1056.22
2841,2025-11-22,Asia,South Korea,Tablet,13,11037.04,7194.3
2842,2025-12-05,North America,United States,Monitor,27,11398.5,7229.75
2843,2025-02-21,South America,Argentina,Monitor,20,7355.64,4507.61
2844,2026-02-11,Asia,Japan,Headphones,6,1661.28,767.91
2845,2025-02-04,North America,Canada,Laptop,2,2586.77,1867.58
2846,2025-01-29,Europe,France,Laptop,3,5390.34,3741.07
2847,2026-06-04,South America,Brazil,Headphones,22,1873.43,984.61
2848,2025-10-30,South America,Chile,Monitor,2,1086.74,682.84
2849,2025-01-25,South America,Chile,Headphones,12,3938.78,2057.93
2850,2025-10-02,Europe,Netherlands,Smartphone,1,1114.38,765.24
2851,2025-07-06,South America,Argentina,Headphones,12,3785.03,1755.08
2852,2025-06-11,South America,Chile,Laptop,3,3358.52,2263.52
2853,2025-07-07,North America,Mexico,Headphones,9,1789.58,1153.98
2854,2025-12-14,Europe,Italy,Tablet,2,1747.03,1107.08
2855,2026-03-30,Asia,Japan,Monitor,20,9507.45,7215.39
2856,2026-01-10,Europe,France,Laptop,2,1619.45,1105.8
2857,2025-08-10,North America,Mexico,Laptop,7,10430.21,7328.64
2858,2025-01-04,North America,Canada,Smartphone,2,2205.26,1408.16
2859,2026-06-03,North America,United States,Laptop,18,19798.05,14019.97
2860,2025-04-07,Asia,Singapore,Headphones,20,6416.3,4367.99
2861,2026-01-03,North America,United States,Tablet,22,14085.49,7956.98
2862,2026-01-06,South America,Brazil,Laptop,2,2415.11,1685.52
2863,2025-01-14,Europe,Italy,Headphones,14,4684.18,3087.02
2864,2025-03-02,Europe,Spain,Monitor,23,9651.17,6196.47
2865,2025-09-05,South America,Chile,Tablet,23,16287.01,10942.13
2866,2025-08-12,Asia,Malaysia,Tablet,10,6486.32,4694.41
2867,2026-01-19,Asia,India,Laptop,13,16780.09,11583.57
2868,2025-06-10,North America,Canada,Laptop,7,6724.76,4476.47
2869,2025-01-12,Europe,Italy,Smartphone,13,8456.28,5080.54
2870,2026-02-05,Asia,Singapore,Laptop,15,20058.58,13226.7
2871,2025-03-04,Asia,Malaysia,Smartphone,8,8251.37,5274.56
2872,2025-04-08,Europe,Germany,Laptop,19,15956.84,12178.34
2873,2026-03-08,Europe,United Kingdom,Smartphone,1,909.77,667.27
2874,2026-02-28,North America,United States,Laptop,5,8431.99,5300.89
2875,2026-01-29,South America,Argentina,Smartphone,26,13230.49,9637.13
2876,2025-10-16,North America,Canada,Tablet,25,20646.86,13123.92
2877,2026-04-07,North America,Mexico,Smartphone,3,1610.38,1107.8
2878,2026-03-10,North America,United States,Monitor,2,630.95,457.38
2879,2026-03-06,Asia,India,Smartphone,15,10440.53,7029.67
2880,2025-03-21,North America,Canada,Monitor,29,6157.63,4220.03
2881,2025-01-02,South America,Brazil,Laptop,26,29750.56,19216.97
2882,2025-01-07,Asia,Japan,Monitor,23,15610.5,9769.62
2883,2025-06-25,Europe,United Kingdom,Headphones,26,2953.94,1718.47
2884,2026-05-16,Europe,Netherlands,Tablet,19,6776.88,4392.03
2885,2025-04-25,South America,Brazil,Headphones,12,2036.7,1174.44
2886,2025-11-17,South America,Chile,Monitor,6,3311.93,2037.08
2887,2026-06-14,Europe,Netherlands,Laptop,25,44810.38,33802.58
2888,2025-08-31,South America,Chile,Headphones,28,3872.56,2230.29
2889,2026-01-20,Asia,Malaysia,Headphones,16,5164.61,3330.41
2890,2025-10-10,North America,Canada,Laptop,22,19711.44,13644.77
2891,2025-06-22,South America,Brazil,Laptop,2,1955.26,1279.13
2892,2025-10-29,Asia,Japan,Smartphone,22,25441.05,15251.03
2893,2025-04-01,North America,Canada,Monitor,9,4746.75,3355.87
2894,2026-06-22,Europe,Germany,Monitor,12,5863.65,4653.9
2895,2025-01-11,Asia,India,Smartphone,2,1814.47,1354.66
2896,2025-10-11,Asia,Japan,Smartphone,5,4867.76,3259.86
2897,2025-05-11,Europe,France,Tablet,23,9576.69,6729.99
2898,2025-05-14,Europe,Italy,Tablet,29,9518.41,5645.26
2899,2025-07-21,Europe,Netherlands,Laptop,12,18182.97,13004.08
2900,2026-03-27,South America,Argentina,Tablet,13,10944.13,6197.79
2901,2025-08-18,Asia,India,Laptop,21,20199.88,14659.34
2902,2026-03-02,Europe,Italy,Tablet,13,10648.48,5930.66
2903,2025-06-12,Asia,India,Laptop,9,9431.47,7398.59
2904,2025-10-10,Europe,Spain,Monitor,13,3654.32,2524.39
2905,2025-07-27,Europe,Italy,Monitor,1,450.54,296.77
2906,2026-01-13,South America,Argentina,Monitor,25,15962.66,9681.24
2907,2025-08-28,South America,Brazil,Laptop,19,24930.75,17027.57
2908,2026-01-06,Europe,United Kingdom,Headphones,10,2902.77,1829.15
2909,2025-11-04,Europe,Italy,Monitor,13,8968.03,6363.51
2910,2025-07-13,Asia,Malaysia,Monitor,12,2451.22,1749.08
2911,2026-01-21,Asia,South Korea,Smartphone,5,5386.04,3509.84
2912,2026-03-21,Europe,Germany,Tablet,5,2267.18,1549.82
2913,2025-05-21,North America,Mexico,Headphones,23,3830.69,2278.9
2914,2025-04-14,Europe,Spain,Monitor,20,13503.71,9436.82
2915,2026-02-22,Asia,Japan,Tablet,30,23771.89,13654.29
2916,2026-01-25,North America,United States,Smartphone,18,12079.23,7347.89
2917,2025-05-18,North America,Canada,Smartphone,29,20082.69,11632.23
2918,2026-06-29,Asia,Japan,Smartphone,9,10434.49,7741.33
2919,2025-02-05,Asia,India,Laptop,23,37592.44,28785.82
2920,2026-06-26,South America,Argentina,Laptop,12,21361.65,14157.06
2921,2026-04-24,South America,Chile,Headphones,22,3355.26,1765.17
2922,2026-04-10,South America,Chile,Tablet,24,18318.08,12882.24
2923,2025-12-10,Asia,Singapore,Smartphone,14,9752.05,6490.48
2924,2025-10-05,South America,Argentina,Headphones,25,5393.83,3621.0
2925,2025-03-07,South America,Brazil,Tablet,5,1737.24,1056.85
2926,2026-01-14,Europe,Spain,Laptop,19,21508.77,16221.99
2927,2025-11-10,Europe,United Kingdom,Smartphone,25,17982.02,10839.84
2928,2026-01-16,South America,Argentina,Tablet,28,15904.3,9052.46
2929,2025-09-03,Europe,Italy,Tablet,5,2218.79,1513.39
2930,2025-05-02,North America,United States,Monitor,4,2666.25,1695.06
2931,2025-09-29,Asia,Japan,Smartphone,14,14745.67,9410.09
2932,2025-11-21,North America,United States,Laptop,15,20498.57,13225.71
2933,2026-04-14,Asia,India,Laptop,1,1334.16,987.01
2934,2025-05-05,South America,Chile,Tablet,30,12006.22,8505.53
2935,2025-03-23,North America,Mexico,Headphones,15,1574.13,1030.24
2936,2025-10-15,North America,United States,Smartphone,12,12630.2,8528.8
2937,2025-06-30,South America,Chile,Monitor,9,3001.77,2127.79
2938,2026-05-26,Europe,Germany,Monitor,7,3649.86,2577.44
2939,2025-01-26,South America,Argentina,Smartphone,8,8991.6,5880.94
2940,2025-05-16,South America,Argentina,Tablet,14,5781.72,3639.97
2941,2025-04-25,North America,United States,Laptop,30,46895.76,33860.74
2942,2025-06-06,South America,Chile,Laptop,1,1727.57,1172.67
2943,2026-06-16,Europe,Germany,Laptop,30,28559.49,23904.68
2944,2025-07-02,Asia,India,Tablet,6,2951.24,1985.11
2945,2025-07-19,Europe,Italy,Laptop,20,22022.48,17063.58
2946,2025-05-07,Asia,South Korea,Headphones,26,6485.38,3112.81
2947,2025-06-18,Europe,France,Laptop,7,8246.58,5569.23
2948,2025-06-07,South America,Brazil,Laptop,20,28897.51,20577.86
2949,2026-05-12,Asia,Singapore,Smartphone,24,16771.75,11546.67
2950,2025-08-07,Asia,Japan,Smartphone,5,4559.75,3252.64
2951,2026-03-30,Asia,Malaysia,Smartphone,29,23715.33,16298.78
2952,2025-01-02,North America,Canada,Monitor,23,12575.17,9218.91
2953,2025-08-16,North America,United States,Smartphone,8,5908.65,3450.28
2954,2025-12-25,Europe,Italy,Monitor,3,1961.1,1349.62
2955,2026-04-16,Europe,Spain,Smartphone,13,11514.2,9050.92
2956,2025-05-04,Asia,Japan,Monitor,2,498.67,343.4
2957,2025-06-09,South America,Brazil,Tablet,21,16951.05,11696.51
2958,2025-08-16,Asia,India,Monitor,22,13131.31,9334.3
2959,2025-09-26,North America,Canada,Monitor,7,2535.09,1801.44
2960,2025-05-15,Asia,Japan,Smartphone,23,27277.48,16711.86
2961,2025-06-15,Europe,Netherlands,Laptop,25,35185.7,23243.71
2962,2025-06-07,North America,Mexico,Headphones,5,1368.43,811.41
2963,2025-07-08,Asia,Singapore,Monitor,2,777.03,576.06
2964,2025-12-12,Asia,Singapore,Laptop,29,34498.73,26332.83
2965,2026-05-06,Asia,India,Laptop,18,15397.59,10678.1
2966,2026-05-19,North America,United States,Smartphone,1,788.45,489.19
2967,2025-11-09,Europe,Netherlands,Headphones,11,1321.04,864.42
2968,2025-03-15,Asia,South Korea,Smartphone,13,12075.42,8107.38
2969,2025-10-21,South America,Brazil,Headphones,27,7409.49,4453.67
2970,2026-01-31,Europe,United Kingdom,Tablet,26,15227.84,9311.22
2971,2025-09-15,Europe,France,Laptop,12,10637.74,8258.89
2972,2025-10-02,Europe,Germany,Headphones,25,8198.61,4334.69
2973,2026-03-15,North America,United States,Headphones,30,7831.25,4483.65
2974,2026-01-20,Asia,Malaysia,Tablet,15,9424.1,5850.65
2975,2025-07-09,Europe,Italy,Laptop,26,24364.28,16094.54
2976,2026-03-22,Asia,India,Laptop,20,33337.54,23649.02
2977,2025-05-20,Europe,France,Tablet,3,2593.44,1678.39
2978,2026-03-17,South America,Argentina,Headphones,19,4840.48,2630.2
2979,2026-06-20,South America,Brazil,Laptop,6,7358.17,5613.64
2980,2025-08-25,Europe,Spain,Smartphone,5,3751.4,2409.54
2981,2025-01-29,South America,Argentina,Headphones,17,3814.57,2133.43
2982,2026-03-07,North America,United States,Smartphone,21,19906.95,14213.91
2983,2025-11-13,Asia,India,Headphones,3,750.27,411.08
2984,2025-11-13,Asia,India,Headphones,22,6066.98,3597.66
2985,2025-12-09,Asia,Japan,Laptop,5,4228.4,2745.79
2986,2025-03-12,North America,United States,Tablet,16,12552.52,7359.4
2987,2025-10-17,South America,Argentina,Monitor,1,555.48,333.4
2988,2026-03-07,South America,Argentina,Tablet,10,6268.53,4260.27
2989,2026-05-24,South America,Argentina,Headphones,15,3602.0,2385.86
2990,2025-04-02,South America,Brazil,Monitor,29,10839.6,7701.54
2991,2025-02-04,North America,Canada,Laptop,1,1206.71,804.25
2992,2025-08-14,South America,Brazil,Laptop,19,29243.18,22692.95
2993,2026-03-13,Asia,South Korea,Monitor,3,764.86,544.28
2994,2026-01-02,Asia,Malaysia,Monitor,8,2884.38,1782.34
2995,2026-01-15,South America,Chile,Laptop,6,7008.04,4468.46
2996,2026-06-26,Asia,South Korea,Monitor,22,6670.07,4388.6
2997,2025-03-22,North America,Mexico,Tablet,30,18441.36,12622.92
2998,2025-12-10,South America,Argentina,Tablet,14,9722.66,5757.39
2999,2025-12-05,North America,Canada,Smartphone,10,9672.29,6728.92
3000,2025-11-09,Europe,Italy,Headphones,30,7288.19,3689.69
3001,2025-09-06,North America,Canada,Headphones,15,2354.61,1347.38
3002,2025-10-04,South America,Argentina,Laptop,17,26504.2,19981.08
3003,2025-06-25,Asia,Japan,Laptop,19,21435.57,14945.32
3004,2026-05-04,Asia,Malaysia,Headphones,21,6048.94,3509.29
3005,2025-10-04,Europe,France,Smartphone,4,4695.48,3472.93
3006,2026-04-02,Asia,India,Smartphone,4,4353.35,3099.02
3007,2026-05-06,North America,Canada,Headphones,12,1584.4,926.82
3008,2026-02-27,North America,Canada,Monitor,26,12812.87,9320.89
3009,2025-05-09,Europe,France,Laptop,2,2203.54,1565.99
3010,2025-11-08,South America,Brazil,Smartphone,24,21330.02,14305.01
3011,2025-01-29,Asia,Singapore,Laptop,5,7893.93,5230.88
3012,2026-04-18,North America,Canada,Tablet,17,12311.18,7467.63
3013,2025-12-05,North America,Mexico,Monitor,1,477.69,314.72
3014,2025-03-22,Asia,India,Tablet,23,11874.85,7252.19
3015,2025-09-23,North America,Canada,Monitor,8,1938.57,1212.87
3016,2026-01-15,Europe,France,Tablet,29,11894.07,8217.59
3017,2025-06-11,Asia,India,Smartphone,7,4536.15,2888.81
3018,2025-09-29,South America,Brazil,Laptop,1,1101.26,799.65
3019,2026-03-02,South America,Chile,Laptop,2,2704.34,2066.81
3020,2025-11-18,Asia,Malaysia,Tablet,13,9775.45,7068.38
3021,2025-06-06,Europe,Netherlands,Monitor,15,9669.51,5901.36
3022,2025-09-27,Asia,India,Tablet,7,5634.18,3211.12
3023,2025-08-22,North America,United States,Smartphone,6,6312.32,4213.6
3024,2025-10-15,South America,Argentina,Tablet,6,3414.44,2073.42
3025,2025-06-13,Asia,Japan,Smartphone,17,20318.62,14015.33
3026,2025-08-28,Europe,France,Laptop,5,5650.95,4022.22
3027,2025-04-21,Asia,Japan,Laptop,8,6575.73,4350.26
3028,2026-02-23,South America,Argentina,Laptop,24,35814.19,26045.96
3029,2026-03-15,South America,Argentina,Laptop,15,24838.54,15964.21
3030,2026-05-05,North America,Canada,Smartphone,29,28962.71,17313.03
3031,2026-01-15,Asia,India,Laptop,29,28218.21,18819.65
3032,2025-09-22,South America,Brazil,Smartphone,1,573.43,398.35
3033,2025-05-15,Europe,France,Headphones,10,2037.82,1360.67
3034,2025-01-17,Europe,Italy,Smartphone,6,5577.2,3352.93
3035,2025-02-23,North America,United States,Monitor,27,17262.1,11326.94
3036,2025-09-23,South America,Chile,Laptop,27,46368.3,33512.73
3037,2026-05-23,North America,Canada,Monitor,4,2044.6,1478.62
3038,2025-07-07,North America,United States,Monitor,12,6238.91,3907.95
3039,2026-03-28,Asia,South Korea,Smartphone,11,8850.95,6540.68
3040,2025-07-04,Asia,Singapore,Headphones,2,593.44,352.82
3041,2025-12-18,South America,Argentina,Headphones,10,2724.05,1799.01
3042,2025-05-31,Asia,South Korea,Smartphone,21,11552.12,7875.6
3043,2025-03-20,Asia,India,Smartphone,3,1406.29,840.32
3044,2026-06-28,South America,Chile,Laptop,8,11975.11,9307.1
3045,2026-03-02,Europe,Netherlands,Laptop,15,24825.87,18819.81
3046,2026-05-12,North America,Mexico,Laptop,26,37161.27,24009.36
3047,2025-06-04,North America,United States,Headphones,20,4933.15,2958.52
3048,2025-07-02,North America,Mexico,Laptop,16,14432.38,9209.02
3049,2026-05-20,South America,Chile,Tablet,8,3457.5,2168.71
3050,2025-06-17,Europe,United Kingdom,Tablet,5,1933.03,1186.62
3051,2026-01-21,North America,Mexico,Tablet,19,15721.4,9511.84
3052,2025-07-16,Asia,India,Headphones,27,3585.21,2454.14
3053,2025-10-29,North America,Canada,Laptop,10,13022.03,9023.88
3054,2026-06-05,North America,United States,Tablet,15,4687.29,2663.58
3055,2026-01-19,South America,Chile,Tablet,3,2001.74,1398.7
3056,2025-07-14,South America,Argentina,Tablet,20,14423.89,8378.58
3057,2026-03-14,Asia,Japan,Headphones,24,3971.13,2039.69
3058,2025-07-09,South America,Argentina,Monitor,11,6571.35,4111.05
3059,2026-01-03,Asia,India,Monitor,3,1928.73,1284.32
3060,2025-03-27,Asia,Malaysia,Smartphone,1,923.3,629.35
3061,2025-06-11,Asia,Malaysia,Tablet,4,1371.21,983.28
3062,2026-02-25,Asia,India,Smartphone,19,12429.74,8839.93
3063,2026-02-16,Asia,South Korea,Smartphone,15,14020.5,10094.46
3064,2026-02-23,Asia,Malaysia,Tablet,22,16684.08,9853.29
3065,2026-03-18,South America,Brazil,Tablet,22,10021.56,6388.17
3066,2025-12-14,Europe,France,Smartphone,24,11653.81,7979.97
3067,2025-02-11,Europe,United Kingdom,Headphones,18,5579.1,2798.61
3068,2025-06-10,Europe,Netherlands,Laptop,6,9903.02,6289.39
3069,2025-06-27,Europe,United Kingdom,Tablet,17,11860.01,8304.19
3070,2026-01-17,Asia,South Korea,Headphones,14,3145.27,2164.04
3071,2025-11-02,Europe,Germany,Headphones,4,893.31,455.85
3072,2025-03-01,South America,Argentina,Tablet,25,9503.48,6578.87
3073,2025-01-01,Europe,Italy,Smartphone,19,21706.64,15769.67
3074,2026-05-25,South America,Chile,Headphones,16,2336.46,1219.98
3075,2025-12-02,South America,Chile,Monitor,10,6728.66,4467.07
3076,2025-11-15,Europe,Spain,Monitor,24,6351.61,4111.98
3077,2025-07-04,Europe,Spain,Smartphone,23,26314.98,18667.48
3078,2025-07-03,Europe,France,Smartphone,1,644.51,380.41
3079,2025-10-19,Asia,Malaysia,Tablet,18,7743.15,5616.4
3080,2025-10-16,South America,Chile,Headphones,25,7817.64,5074.77
3081,2025-04-03,South America,Chile,Monitor,5,3063.46,2037.2
3082,2025-10-12,Europe,Netherlands,Smartphone,17,16297.0,9741.42
3083,2025-01-21,Europe,France,Monitor,14,5668.75,4070.16
3084,2025-06-22,Europe,Germany,Laptop,12,20834.95,15411.18
3085,2025-12-11,Asia,Malaysia,Monitor,7,4455.39,2720.53
3086,2025-02-17,North America,United States,Tablet,8,6654.22,4610.41
3087,2025-01-02,North America,Mexico,Smartphone,30,22030.32,15413.53
3088,2025-06-25,Europe,Germany,Monitor,13,6070.88,4062.34
3089,2026-04-14,South America,Brazil,Smartphone,6,6450.41,4766.02
3090,2025-07-31,South America,Chile,Smartphone,7,7361.52,4749.66
3091,2025-03-27,North America,Mexico,Laptop,29,41502.07,28917.52
3092,2026-02-17,Asia,South Korea,Monitor,4,1295.66,904.82
3093,2025-04-22,Europe,Germany,Smartphone,5,4655.3,3289.32
3094,2025-07-25,Asia,Malaysia,Smartphone,4,3753.69,2724.66
3095,2025-08-18,North America,United States,Monitor,24,12001.04,8724.54
3096,2026-06-26,South America,Argentina,Laptop,13,22784.68,15884.67
3097,2026-01-30,Europe,Netherlands,Laptop,14,21777.25,16022.31
3098,2025-06-21,Europe,Netherlands,Headphones,17,1821.07,1093.49
3099,2025-09-30,Asia,India,Headphones,5,1030.57,579.44
3100,2026-02-24,Europe,Italy,Headphones,23,2527.25,1701.06
3101,2026-03-06,Asia,Malaysia,Tablet,12,8357.34,4933.28
3102,2025-01-18,Asia,South Korea,Monitor,12,6575.59,4875.9
3103,2026-01-29,Asia,Malaysia,Tablet,19,15155.54,8843.59
3104,2026-04-04,Asia,Singapore,Headphones,17,4082.68,2714.8
3105,2025-06-16,North America,Canada,Smartphone,20,12365.26,7909.13
3106,2025-01-10,South America,Chile,Tablet,29,11075.16,7713.64
3107,2025-01-24,South America,Argentina,Monitor,5,2912.08,1939.22
3108,2025-11-08,Europe,Italy,Headphones,20,3740.33,1701.72
3109,2025-01-04,South America,Argentina,Monitor,9,4316.17,3063.16
3110,2025-10-19,South America,Argentina,Laptop,17,16890.2,12115.71
3111,2026-06-01,North America,United States,Monitor,15,4818.99,3490.02
3112,2026-06-16,North America,United States,Monitor,24,11778.3,8472.7
3113,2025-04-20,South America,Argentina,Headphones,18,1575.86,814.25
3114,2025-01-11,Asia,Malaysia,Monitor,29,5943.74,4543.25
3115,2025-05-02,Europe,France,Monitor,5,3402.95,2063.05
3116,2026-02-14,North America,Mexico,Headphones,29,2799.25,1772.4
3117,2025-07-03,North America,Mexico,Tablet,12,7344.6,4927.71
3118,2025-01-01,Asia,India,Tablet,16,7729.16,5398.95
3119,2025-08-31,South America,Argentina,Laptop,18,20657.39,16060.7
3120,2025-08-31,Europe,France,Monitor,26,10017.25,6030.75
3121,2025-01-01,Asia,India,Tablet,24,12821.43,8659.6
3122,2025-04-15,North America,Mexico,Smartphone,1,1128.93,815.14
3123,2026-02-01,North America,United States,Headphones,9,2584.43,1251.03
3124,2026-03-25,North America,Canada,Monitor,19,4291.97,3054.97
3125,2025-01-20,Europe,Spain,Monitor,6,2443.34,1717.27
3126,2025-02-05,Europe,Germany,Smartphone,14,9770.45,6742.28
3127,2025-02-18,Asia,Singapore,Tablet,10,8698.16,5243.7
3128,2025-02-14,South America,Argentina,Tablet,22,11126.86,6917.9
3129,2026-02-15,North America,United States,Tablet,2,1053.4,709.84
3130,2025-05-10,Europe,United Kingdom,Tablet,20,13168.28,9195.16
3131,2025-05-21,North America,Canada,Smartphone,6,6906.92,4136.75
3132,2025-01-09,North America,United States,Smartphone,30,27244.85,18406.22
3133,2026-03-27,Europe,United Kingdom,Monitor,10,4402.0,2915.04
3134,2025-10-23,North America,Canada,Headphones,8,1937.69,997.99
3135,2025-04-09,Asia,Malaysia,Smartphone,11,4453.74,3219.47
3136,2025-05-21,North America,Canada,Tablet,7,2526.83,1665.84
3137,2025-02-27,Europe,Netherlands,Smartphone,13,6528.35,3979.51
3138,2025-04-04,Europe,Netherlands,Monitor,8,5292.54,3717.56
3139,2026-04-20,South America,Brazil,Monitor,25,8383.75,5892.15
3140,2025-09-10,North America,Mexico,Tablet,23,16216.47,10284.56
3141,2025-06-25,Asia,Malaysia,Tablet,6,4252.56,2631.77
3142,2025-11-17,Europe,Italy,Laptop,17,19170.76,13015.39
3143,2025-03-28,South America,Brazil,Laptop,11,18878.61,13302.9
3144,2025-02-18,North America,Canada,Headphones,3,449.24,244.59
3145,2025-10-03,South America,Brazil,Tablet,21,9006.78,6136.36
3146,2025-11-01,South America,Chile,Tablet,4,3199.84,2219.08
3147,2025-05-02,North America,Mexico,Tablet,23,18019.73,11480.06
3148,2025-07-24,North America,Canada,Headphones,7,629.26,310.36
3149,2026-06-07,Europe,France,Smartphone,4,3295.52,2397.18
3150,2025-03-12,Asia,Japan,Headphones,30,7267.09,3647.43
3151,2025-02-08,South America,Chile,Headphones,29,3690.9,2436.47
3152,2025-03-11,North America,United States,Monitor,18,7876.96,4659.56
3153,2026-03-22,Asia,Singapore,Laptop,11,10796.93,7571.1
3154,2025-11-10,South America,Argentina,Smartphone,30,19858.5,12237.37
3155,2026-06-09,Europe,Germany,Headphones,19,5949.64,3640.79
3156,2026-05-05,Asia,Singapore,Tablet,28,14809.47,8513.9
3157,2026-05-06,South America,Chile,Monitor,30,8438.78,6155.68
3158,2025-03-08,North America,United States,Smartphone,27,19354.76,12852.06
3159,2025-09-21,South America,Chile,Monitor,9,6172.51,4040.73
3160,2025-01-30,Europe,Germany,Laptop,18,25120.39,16942.34
3161,2025-08-22,Europe,Spain,Smartphone,27,30912.27,21435.16
3162,2025-06-17,Europe,Netherlands,Laptop,18,25100.12,18226.99
3163,2025-10-25,North America,United States,Tablet,13,6060.1,4238.67
3164,2026-06-14,North America,Mexico,Headphones,24,4886.68,2566.8
3165,2025-06-24,North America,Canada,Tablet,21,15245.73,9136.01
3166,2026-06-17,Asia,Malaysia,Laptop,27,37593.07,24761.2
3167,2025-03-15,South America,Chile,Headphones,15,4161.07,2455.52
3168,2025-03-17,Asia,Singapore,Headphones,18,2351.4,1410.7
3169,2026-04-08,Europe,Italy,Laptop,30,33844.99,26835.55
3170,2025-11-03,North America,Canada,Laptop,26,27712.77,21010.56
3171,2026-03-12,South America,Brazil,Headphones,13,4486.97,2127.3
3172,2025-07-06,Asia,India,Smartphone,17,13637.77,9687.15
3173,2025-04-27,Europe,Spain,Smartphone,20,23777.14,15661.28
3174,2025-03-23,North America,Canada,Headphones,1,319.63,142.3
3175,2025-06-20,Europe,Italy,Monitor,19,4246.44,2762.31
3176,2026-03-12,South America,Chile,Smartphone,8,8467.92,5417.67
3177,2025-11-17,Europe,Netherlands,Monitor,24,4942.66,3626.84
3178,2025-11-23,Asia,Japan,Monitor,1,573.06,360.71
3179,2025-09-04,Europe,Germany,Smartphone,28,23131.1,16572.34
3180,2026-05-01,North America,United States,Tablet,12,4473.09,2965.64
3181,2025-02-13,Europe,Netherlands,Headphones,11,3334.26,2112.08
3182,2026-05-30,Europe,Germany,Tablet,11,3702.58,2417.99
3183,2025-08-06,South America,Brazil,Monitor,3,1958.67,1467.48
3184,2026-06-28,South America,Brazil,Monitor,25,10025.71,7483.21
3185,2025-03-22,Asia,Singapore,Headphones,24,5805.3,3429.31
3186,2025-08-03,North America,United States,Headphones,2,540.33,315.62
3187,2025-11-26,South America,Brazil,Tablet,21,18340.89,11491.7
3188,2025-09-10,Europe,Netherlands,Tablet,28,14882.01,9135.29
3189,2026-05-15,Asia,Singapore,Tablet,26,21484.64,12401.25
3190,2025-10-25,Asia,South Korea,Headphones,2,516.41,337.12
3191,2025-09-03,South America,Argentina,Smartphone,15,6338.08,3836.72
3192,2026-03-08,South America,Argentina,Laptop,11,18855.24,12580.17
3193,2026-06-18,Europe,Italy,Tablet,9,3070.92,2302.62
3194,2026-02-27,Europe,Germany,Laptop,20,35983.52,24968.69
3195,2025-11-28,Asia,Singapore,Headphones,28,8425.1,5656.45
3196,2026-02-24,North America,United States,Tablet,4,1289.94,843.33
3197,2025-01-02,Asia,South Korea,Smartphone,1,611.25,408.23
3198,2025-08-02,South America,Brazil,Headphones,28,3014.51,1795.94
3199,2025-10-05,South America,Brazil,Headphones,25,5908.33,3463.2
3200,2025-08-05,Europe,Spain,Monitor,19,11374.23,7585.96
3201,2026-02-16,North America,Mexico,Headphones,21,7152.63,4660.43
3202,2025-06-27,Asia,Malaysia,Headphones,25,7792.82,5266.79
3203,2026-06-06,South America,Argentina,Tablet,25,21913.74,12469.37
3204,2025-08-31,North America,Mexico,Monitor,5,3114.65,1899.08
3205,2025-09-30,Asia,India,Monitor,26,12386.35,8665.39
3206,2025-05-03,Europe,Italy,Tablet,25,18312.65,12652.76
3207,2025-07-27,North America,United States,Headphones,17,4848.43,3138.21
3208,2026-06-04,South America,Brazil,Headphones,16,3194.57,1986.72
3209,2026-06-09,Asia,Japan,Smartphone,13,8153.23,5429.92
3210,2025-01-15,North America,United States,Smartphone,23,9355.09,5351.05
3211,2025-04-26,North America,United States,Headphones,27,6803.11,3649.19
3212,2025-01-24,Asia,Malaysia,Smartphone,13,6585.7,4164.28
3213,2025-06-20,Europe,United Kingdom,Laptop,21,34595.03,26222.24
3214,2025-08-27,Europe,Spain,Laptop,24,34856.95,24122.18
3215,2025-05-18,Europe,United Kingdom,Tablet,3,935.42,626.96
3216,2026-05-22,North America,United States,Headphones,7,861.57,452.65
3217,2025-09-03,Europe,Germany,Headphones,16,4367.02,2276.09
3218,2025-05-28,Asia,Singapore,Headphones,15,1314.05,825.15
3219,2026-05-02,Asia,South Korea,Tablet,28,24079.47,15150.05
3220,2025-07-07,Asia,Singapore,Laptop,16,26271.71,19886.43
3221,2025-07-09,North America,United States,Tablet,27,22519.2,14632.22
3222,2025-08-08,Asia,South Korea,Laptop,4,5334.28,3891.34
3223,2025-02-06,Asia,Singapore,Monitor,17,7068.78,5089.57
3224,2025-08-09,Europe,Italy,Laptop,5,6730.78,4656.24
3225,2025-06-23,Europe,France,Laptop,2,2789.11,2077.08
3226,2025-08-31,South America,Argentina,Smartphone,3,2570.98,1572.04
3227,2025-02-01,Europe,United Kingdom,Monitor,16,8039.32,4862.21
3228,2025-04-09,South America,Brazil,Smartphone,11,12806.77,8581.74
3229,2025-01-13,Europe,Italy,Smartphone,20,15383.67,9388.98
3230,2025-02-05,South America,Brazil,Smartphone,3,1461.98,974.39
3231,2026-01-25,Europe,Netherlands,Headphones,16,5101.47,3064.3
3232,2026-05-23,Asia,Japan,Laptop,1,1604.26,1075.85
3233,2025-10-14,South America,Brazil,Monitor,4,1938.96,1333.12
3234,2025-03-12,South America,Brazil,Monitor,9,3178.77,2114.29
3235,2025-05-29,Asia,Singapore,Tablet,28,21613.51,15419.22
3236,2025-07-08,North America,United States,Laptop,21,25143.54,15917.15
3237,2025-07-05,Asia,Malaysia,Tablet,25,8734.23,6308.21
3238,2025-01-18,North America,Canada,Monitor,26,16153.41,11813.45
3239,2026-01-20,Europe,France,Smartphone,14,12785.39,8137.9
3240,2025-04-07,Asia,Japan,Monitor,14,3352.32,2294.66
3241,2025-11-04,Europe,Netherlands,Smartphone,9,10425.73,7426.73
3242,2026-01-03,North America,United States,Monitor,2,531.41,322.57
3243,2025-04-24,North America,Mexico,Headphones,30,9216.91,4417.37
3244,2026-03-17,South America,Chile,Tablet,24,15935.76,10216.36
3245,2026-02-28,North America,Canada,Headphones,14,4110.6,2667.41
3246,2026-06-11,South America,Brazil,Smartphone,15,10552.43,6219.67
3247,2025-01-10,North America,Canada,Monitor,9,1906.36,1353.27
3248,2026-03-25,Europe,Spain,Laptop,19,15818.05,10545.14
3249,2025-05-14,Europe,Italy,Tablet,2,660.42,427.37
3250,2026-06-26,Asia,South Korea,Headphones,24,5972.12,3892.21
3251,2025-11-30,Asia,Singapore,Headphones,9,1958.96,1022.96
3252,2025-02-10,Asia,India,Smartphone,19,22275.06,14604.31
3253,2025-10-08,South America,Brazil,Smartphone,23,24944.57,15139.05
3254,2025-06-20,Asia,South Korea,Smartphone,28,11525.8,8464.85
3255,2025-01-02,Asia,Japan,Laptop,2,1641.24,1178.03
3256,2026-01-21,Asia,Singapore,Monitor,15,4794.55,3010.0
3257,2025-01-05,Europe,Spain,Headphones,19,5460.45,3170.71
3258,2025-04-03,Europe,United Kingdom,Laptop,13,20778.18,12959.41
3259,2025-04-05,South America,Chile,Smartphone,27,15878.09,10950.83
3260,2025-07-26,South America,Chile,Headphones,22,4919.68,3088.9
3261,2026-04-16,Europe,Italy,Laptop,18,28712.82,21646.43
3262,2025-03-26,South America,Argentina,Tablet,13,5810.56,3245.85
3263,2026-06-12,North America,Mexico,Smartphone,8,5981.2,4261.31
3264,2025-09-08,South America,Brazil,Laptop,17,28600.47,19189.04
3265,2026-01-14,North America,Canada,Headphones,5,1424.96,942.55
3266,2025-11-13,Asia,India,Smartphone,21,12764.21,9262.45
3267,2025-01-13,Europe,United Kingdom,Smartphone,11,11111.22,6938.26
3268,2026-02-25,Europe,Italy,Tablet,13,11258.91,7354.61
3269,2025-09-14,North America,Mexico,Tablet,28,15194.29,9345.63
3270,2025-02-24,Europe,Germany,Headphones,5,760.45,454.83
3271,2025-01-17,Asia,Malaysia,Laptop,23,30060.9,23366.46
3272,2025-08-16,South America,Chile,Tablet,1,389.58,273.25
3273,2025-05-25,Europe,Spain,Tablet,17,14149.87,8977.67
3274,2025-11-29,Asia,South Korea,Smartphone,26,29385.05,20332.92
3275,2025-07-17,South America,Argentina,Smartphone,30,17334.46,12815.7
3276,2025-01-18,Europe,United Kingdom,Laptop,6,8518.53,6634.22
3277,2025-05-23,North America,United States,Headphones,4,1061.55,696.17
3278,2025-06-30,North America,Canada,Headphones,1,157.45,100.65
3279,2026-02-12,Europe,Germany,Laptop,15,21024.23,13771.92
3280,2025-09-28,South America,Argentina,Laptop,2,1770.51,1256.79
3281,2026-06-19,Asia,South Korea,Laptop,1,889.73,685.66
3282,2025-06-29,Asia,Japan,Headphones,24,8336.53,5037.3
3283,2025-03-12,North America,United States,Smartphone,1,923.89,565.72
3284,2026-06-30,North America,United States,Monitor,24,9952.6,7068.62
3285,2025-08-18,North America,Canada,Monitor,24,5352.04,3907.26
3286,2025-07-01,Asia,South Korea,Monitor,8,5008.52,3295.48
3287,2025-01-26,Europe,Spain,Laptop,11,11402.58,7737.24
3288,2025-07-29,North America,Canada,Smartphone,9,5291.12,3488.62
3289,2026-03-08,Europe,Italy,Monitor,18,5121.69,3843.48
3290,2025-04-14,Asia,South Korea,Smartphone,13,9911.86,5854.01
3291,2026-02-06,South America,Chile,Monitor,30,11266.24,8019.38
3292,2026-02-14,Asia,Japan,Tablet,3,2621.51,1744.98
3293,2026-03-29,South America,Chile,Monitor,17,10678.2,6867.47
3294,2025-10-28,South America,Argentina,Laptop,22,21112.16,13292.52
3295,2025-08-01,North America,United States,Laptop,14,24849.54,15591.01
3296,2026-06-07,North America,Mexico,Headphones,16,5571.58,3699.07
3297,2025-05-09,Asia,Singapore,Tablet,26,11067.81,6298.91
3298,2026-03-06,South America,Chile,Smartphone,4,2082.61,1319.97
3299,2026-03-20,North America,Mexico,Tablet,6,3084.9,1967.31
3300,2025-06-26,Europe,Italy,Tablet,26,12215.66,8418.07
3301,2025-05-07,Europe,Netherlands,Headphones,16,4624.16,2662.32
3302,2025-03-24,Asia,South Korea,Smartphone,1,1085.74,715.12
3303,2025-11-11,Asia,Singapore,Headphones,26,4098.25,2709.43
3304,2026-05-30,Asia,India,Headphones,17,2632.47,1696.14
3305,2025-01-24,South America,Argentina,Tablet,28,21405.41,13036.83
3306,2025-04-11,Europe,Germany,Smartphone,3,1586.39,1143.01
3307,2025-11-15,Asia,Singapore,Laptop,26,39681.39,26568.34
3308,2025-01-31,Europe,Netherlands,Monitor,2,710.96,511.2
3309,2026-06-25,South America,Brazil,Smartphone,16,8221.15,5706.84
3310,2026-06-02,South America,Brazil,Laptop,7,6742.09,5258.29
3311,2025-07-26,Europe,Spain,Monitor,18,11052.65,7733.14
3312,2025-02-20,Europe,Germany,Tablet,2,1726.03,1010.89
3313,2026-05-02,Europe,France,Laptop,25,37246.47,30527.44
3314,2026-04-23,South America,Brazil,Laptop,29,41479.89,28292.29
3315,2025-06-09,North America,Mexico,Headphones,25,8686.71,5264.19
3316,2025-09-22,Europe,Spain,Tablet,28,24833.47,15628.5
3317,2026-06-21,North America,Canada,Laptop,21,19330.09,12428.57
3318,2026-03-25,North America,United States,Tablet,17,6789.61,3804.18
3319,2026-04-29,Asia,Malaysia,Headphones,22,6911.34,3884.43
3320,2025-01-04,South America,Brazil,Monitor,20,11604.53,8290.38
3321,2026-04-25,Europe,Italy,Laptop,14,11584.87,9388.86
3322,2025-04-24,South America,Brazil,Smartphone,29,16305.02,11011.03
3323,2026-01-29,North America,Canada,Monitor,25,6507.68,4045.66
3324,2025-12-13,Asia,India,Monitor,29,11878.77,8886.82
3325,2025-01-08,Asia,Singapore,Headphones,1,261.91,163.63
3326,2026-01-11,North America,Canada,Headphones,2,167.95,99.06
3327,2025-10-28,Asia,Japan,Smartphone,29,20770.06,12873.2
3328,2025-05-05,South America,Chile,Laptop,26,46626.17,33402.73
3329,2026-01-27,North America,Canada,Tablet,13,9097.78,4943.61
3330,2026-03-30,North America,United States,Monitor,20,10900.94,6860.45
3331,2026-01-09,Asia,India,Tablet,2,1482.96,1041.9
3332,2025-11-02,Asia,South Korea,Laptop,1,1280.34,808.59
3333,2025-07-22,North America,United States,Headphones,25,3741.69,2319.12
3334,2025-10-16,Asia,India,Headphones,18,5647.31,3348.37
3335,2025-10-23,North America,Mexico,Laptop,8,6588.68,4336.86
3336,2025-04-20,South America,Chile,Laptop,27,22017.7,16674.1
3337,2025-02-17,Asia,India,Tablet,30,10282.83,6590.94
3338,2026-01-09,South America,Chile,Tablet,13,9460.74,5597.56
3339,2025-12-04,Asia,Singapore,Headphones,3,315.71,168.89
3340,2025-05-02,North America,Canada,Monitor,9,5259.18,3233.74
3341,2026-06-02,South America,Brazil,Tablet,16,7169.11,4353.68
3342,2025-04-24,Asia,Malaysia,Laptop,29,36222.16,25675.31
3343,2025-04-11,Asia,Japan,Headphones,12,3438.85,1975.56
3344,2025-04-11,North America,Canada,Tablet,5,2629.14,1839.38
3345,2025-02-16,South America,Brazil,Smartphone,24,16960.37,10253.58
3346,2025-10-27,South America,Chile,Tablet,25,11702.75,7974.7
3347,2026-04-25,Asia,India,Tablet,3,1694.78,956.95
3348,2025-07-28,Europe,Spain,Monitor,4,1523.31,1110.31
3349,2026-05-08,Asia,South Korea,Laptop,7,6283.92,4278.64
3350,2025-08-22,Europe,France,Monitor,10,6106.69,4485.28
3351,2026-05-31,North America,Mexico,Monitor,22,6391.75,3822.07
3352,2025-06-26,North America,Canada,Monitor,22,10208.85,7626.04
3353,2026-04-07,Asia,Malaysia,Headphones,27,4348.88,2046.19
3354,2026-03-03,South America,Argentina,Smartphone,1,756.26,546.61
3355,2025-07-31,Asia,South Korea,Laptop,28,45775.38,30351.1
3356,2025-12-13,Asia,Malaysia,Monitor,16,6540.55,4134.53
3357,2025-05-09,Asia,Malaysia,Monitor,24,10847.4,7441.63
3358,2025-02-23,South America,Chile,Laptop,26,27644.4,21202.25
3359,2026-06-20,South America,Chile,Smartphone,6,2676.17,1695.45
3360,2026-01-15,Asia,Singapore,Laptop,12,19058.48,14102.68
3361,2025-05-29,South America,Brazil,Headphones,14,3925.53,2630.53
3362,2025-12-02,South America,Argentina,Tablet,25,7632.52,4446.82
3363,2025-11-26,South America,Argentina,Laptop,24,30568.56,21864.49
3364,2026-04-20,South America,Chile,Tablet,12,5433.78,3391.64
3365,2025-03-20,Europe,France,Headphones,9,1077.61,529.77
3366,2025-08-04,South America,Chile,Smartphone,15,14743.71,8976.59
3367,2025-06-30,Asia,Japan,Monitor,4,1012.83,629.98
3368,2026-04-21,North America,Mexico,Monitor,14,7047.23,5250.14
3369,2025-04-20,South America,Brazil,Laptop,25,27363.2,19665.55
3370,2026-01-16,Europe,United Kingdom,Tablet,27,17050.29,11050.48
3371,2025-08-27,Europe,United Kingdom,Smartphone,4,4273.75,3132.04
3372,2025-01-09,Asia,Malaysia,Smartphone,6,2542.02,1573.08
3373,2026-02-28,Europe,Germany,Tablet,6,4242.99,2527.41
3374,2025-03-21,Europe,Italy,Headphones,1,314.45,174.09
3375,2025-01-20,Asia,India,Monitor,30,8910.27,6699.95
3376,2025-02-10,North America,Mexico,Laptop,2,2182.41,1400.51
3377,2025-07-09,South America,Argentina,Smartphone,9,10201.11,6531.54
3378,2025-08-18,Europe,Italy,Smartphone,19,11835.28,7704.49
3379,2025-09-05,Europe,Spain,Smartphone,19,8094.17,5209.67
3380,2025-11-29,North America,United States,Smartphone,29,19715.22,13535.77
3381,2025-11-29,Europe,Netherlands,Headphones,8,2234.43,1121.05
3382,2026-04-19,Asia,South Korea,Smartphone,18,19600.98,12066.57
3383,2025-05-01,South America,Brazil,Tablet,21,6901.75,4939.86
3384,2026-03-16,Europe,France,Monitor,23,9427.48,6252.51
3385,2025-12-06,Asia,South Korea,Smartphone,18,16481.11,10662.35
3386,2025-07-30,South America,Argentina,Headphones,24,5980.38,3205.1
3387,2026-04-09,Europe,Spain,Headphones,14,2259.11,1198.78
3388,2026-05-23,North America,Canada,Laptop,6,5067.57,3099.51
3389,2025-04-16,Asia,Malaysia,Laptop,6,5917.02,3801.34
3390,2026-01-16,North America,United States,Headphones,2,310.93,175.58
3391,2025-02-05,Asia,Japan,Smartphone,12,13988.34,8806.53
3392,2025-06-27,Europe,France,Smartphone,12,5445.46,3292.51
3393,2026-01-19,North America,Canada,Laptop,4,5672.77,4122.41
3394,2025-12-12,North America,Canada,Laptop,8,13242.53,9308.75
3395,2025-10-19,Asia,Malaysia,Smartphone,25,25515.3,15840.91
3396,2025-06-16,North America,United States,Monitor,30,8448.17,5561.27
3397,2025-01-08,Europe,United Kingdom,Headphones,24,6717.91,4567.91
3398,2025-08-25,Europe,France,Tablet,25,11553.34,6671.91
3399,2025-02-28,South America,Argentina,Headphones,13,2138.83,1392.7
3400,2025-05-18,Europe,Germany,Smartphone,8,9388.68,6048.54
3401,2025-03-19,South America,Argentina,Tablet,19,9937.33,5735.91
3402,2025-01-16,South America,Brazil,Headphones,25,7852.01,4690.88
3403,2025-07-28,South America,Argentina,Headphones,26,2766.48,1329.18
3404,2026-02-10,South America,Brazil,Smartphone,4,3141.18,1938.54
3405,2026-02-15,Asia,South Korea,Tablet,16,7857.62,5292.28
3406,2026-06-05,South America,Argentina,Monitor,4,2594.6,1615.65
3407,2025-01-27,South America,Brazil,Monitor,26,15163.88,9162.5
3408,2025-06-12,North America,Canada,Smartphone,9,4039.81,2410.13
3409,2025-04-19,Europe,United Kingdom,Smartphone,28,18633.77,10837.2
3410,2025-04-07,North America,United States,Smartphone,4,3462.04,2031.56
3411,2025-09-01,Europe,Spain,Monitor,16,10538.6,7100.48
3412,2025-05-24,North America,Canada,Headphones,5,905.39,552.73
3413,2025-05-15,Asia,India,Headphones,18,2588.26,1677.93
3414,2025-11-26,Europe,Spain,Smartphone,24,27411.28,15931.1
3415,2026-05-10,South America,Brazil,Monitor,16,8272.38,6061.36
3416,2025-07-23,Asia,Japan,Smartphone,19,16561.43,11250.35
3417,2025-12-29,Europe,United Kingdom,Headphones,2,249.6,139.15
3418,2025-10-24,South America,Argentina,Laptop,29,38273.19,27627.37
3419,2026-01-03,Asia,Malaysia,Smartphone,25,16412.78,10831.76
3420,2026-05-05,Asia,South Korea,Smartphone,1,991.72,627.35
3421,2026-05-09,Asia,Malaysia,Smartphone,12,7729.38,4828.33
3422,2025-11-23,North America,United States,Headphones,13,1632.39,777.96
3423,2025-07-07,North America,United States,Laptop,18,17700.32,12862.71
3424,2026-02-20,Asia,Singapore,Monitor,6,2857.41,1829.29
3425,2025-09-15,Asia,India,Laptop,28,48881.39,36996.71
3426,2025-09-09,North America,United States,Tablet,19,12236.73,7843.55
3427,2025-01-14,South America,Argentina,Smartphone,27,25782.28,15117.73
3428,2026-02-24,South America,Brazil,Tablet,30,23958.79,14573.12
3429,2025-02-23,North America,Canada,Smartphone,6,2720.42,1914.5
3430,2025-02-10,Europe,Netherlands,Smartphone,20,9197.94,6419.9
3431,2025-03-28,Asia,Japan,Tablet,25,10511.88,6993.15
3432,2025-05-18,Asia,Singapore,Monitor,3,730.27,514.62
3433,2026-01-27,Europe,Netherlands,Laptop,14,24711.27,19005.0
3434,2025-05-28,South America,Argentina,Laptop,11,13199.72,9029.1
3435,2026-03-05,Europe,Italy,Monitor,28,7417.19,4784.24
3436,2026-06-23,North America,United States,Laptop,19,21385.72,14629.64
3437,2025-07-24,North America,Canada,Laptop,15,24392.44,17451.46
3438,2025-08-17,Europe,France,Smartphone,26,18935.63,11020.32
3439,2025-09-23,North America,Mexico,Laptop,14,15395.38,11703.43
3440,2025-04-12,South America,Argentina,Tablet,29,22918.02,13058.04
3441,2025-07-21,South America,Brazil,Monitor,16,8467.94,5606.94
3442,2026-01-06,South America,Argentina,Laptop,14,23221.14,15171.5
3443,2025-09-15,North America,United States,Headphones,2,602.15,386.82
3444,2025-03-13,South America,Argentina,Tablet,4,2427.83,1517.48
3445,2025-03-30,South America,Chile,Headphones,19,2488.47,1291.39
3446,2025-07-07,Europe,France,Tablet,18,7767.28,4678.24
3447,2025-10-01,Europe,Italy,Smartphone,8,4919.48,3190.5
3448,2025-12-10,Asia,Malaysia,Monitor,19,6227.52,4367.01
3449,2025-01-12,Asia,Singapore,Tablet,25,15540.99,10672.17
3450,2026-01-23,Asia,South Korea,Headphones,19,1732.7,1071.31
3451,2025-06-27,Asia,Malaysia,Monitor,24,13273.17,8230.9
3452,2025-01-13,Europe,Spain,Tablet,8,4804.13,2917.67
3453,2025-11-17,South America,Chile,Tablet,6,2128.93,1433.71
3454,2025-08-29,North America,Mexico,Headphones,1,305.51,136.71
3455,2025-08-14,South America,Chile,Laptop,9,13247.65,8319.34
3456,2026-05-16,South America,Chile,Laptop,10,10221.29,7163.39
3457,2026-06-20,North America,Canada,Smartphone,15,6614.75,4540.62
3458,2025-03-26,South America,Chile,Tablet,29,15932.1,11189.69
3459,2026-04-24,Asia,South Korea,Smartphone,13,10955.91,7882.36
3460,2025-03-10,North America,Mexico,Tablet,29,20775.72,13053.58
3461,2026-06-14,Europe,Germany,Smartphone,15,11704.54,9027.99
3462,2025-04-23,Europe,Spain,Tablet,11,3570.66,2239.71
3463,2026-01-30,Europe,United Kingdom,Smartphone,12,8754.22,6313.26
3464,2025-02-04,North America,United States,Smartphone,23,13762.81,8432.77
3465,2026-03-12,Asia,Japan,Laptop,13,16679.61,11682.48
3466,2025-08-05,Europe,Italy,Monitor,23,13701.77,10204.56
3467,2025-05-19,Asia,Japan,Monitor,14,9014.97,6184.81
3468,2025-10-15,Europe,Spain,Laptop,25,32797.52,23000.69
3469,2026-06-04,South America,Argentina,Smartphone,17,17135.01,11792.32
3470,2025-02-17,South America,Argentina,Smartphone,19,13903.59,8741.87
3471,2025-06-23,South America,Argentina,Laptop,24,39452.03,29502.67
3472,2025-11-27,Europe,Netherlands,Tablet,19,7273.77,5024.97
3473,2026-04-12,Europe,United Kingdom,Headphones,14,4011.68,2831.9
3474,2026-02-16,South America,Brazil,Monitor,13,3938.56,2891.81
3475,2025-03-13,South America,Brazil,Headphones,30,10193.47,6688.47
3476,2025-01-16,South America,Brazil,Headphones,19,2429.61,1561.03
3477,2025-03-24,Asia,South Korea,Laptop,18,17170.53,12747.21
3478,2025-07-28,Asia,South Korea,Laptop,15,23063.07,17932.2
3479,2026-03-10,North America,Mexico,Tablet,6,3258.81,1921.49
3480,2025-01-31,Asia,Malaysia,Headphones,22,7424.86,3815.76
3481,2025-03-31,Asia,Singapore,Tablet,22,19662.29,13021.46
3482,2025-01-20,Europe,United Kingdom,Tablet,25,15983.71,11449.57
3483,2026-04-06,Europe,Italy,Headphones,6,582.89,354.51
3484,2026-03-26,Asia,India,Tablet,9,8079.66,5253.28
3485,2025-10-06,Asia,Malaysia,Headphones,24,6947.01,4248.09
3486,2025-09-09,Europe,Netherlands,Smartphone,26,28528.56,19642.69
3487,2025-03-19,South America,Chile,Headphones,4,767.43,433.95
3488,2025-01-06,South America,Chile,Monitor,21,7046.33,4477.85
3489,2025-04-27,North America,Mexico,Headphones,19,5950.77,3656.65
3490,2025-02-23,Europe,Italy,Tablet,29,22139.74,15643.31
3491,2025-05-26,Europe,United Kingdom,Laptop,7,12176.38,9058.66
3492,2025-04-28,South America,Brazil,Headphones,5,956.56,496.09
3493,2026-04-02,Europe,France,Laptop,17,24294.77,17128.57
3494,2025-03-09,South America,Brazil,Monitor,5,2321.73,1616.16
3495,2026-03-01,Asia,Singapore,Tablet,27,16630.55,11439.91
3496,2025-01-31,Europe,Italy,Smartphone,17,13703.94,9218.81
3497,2025-12-14,Asia,South Korea,Tablet,3,1035.47,674.89
3498,2026-03-10,Europe,Netherlands,Headphones,29,9322.73,6036.22
3499,2025-06-25,South America,Argentina,Monitor,5,1038.89,628.83
3500,2025-05-17,Europe,France,Headphones,4,812.79,484.58
3501,2025-06-29,South America,Brazil,Tablet,9,4154.35,2515.17
3502,2026-01-26,Asia,Singapore,Tablet,17,12040.76,8533.98
3503,2025-01-07,Europe,France,Laptop,24,37113.09,27822.98
3504,2025-05-27,North America,United States,Tablet,7,3812.85,2070.98
3505,2025-04-03,Asia,Japan,Monitor,12,3891.86,2487.77
3506,2025-09-30,South America,Argentina,Laptop,8,11280.36,8165.22
3507,2026-04-05,Europe,France,Tablet,8,4202.08,2742.29
3508,2025-11-12,Europe,United Kingdom,Tablet,8,5752.33,3579.3
3509,2026-05-29,Europe,Netherlands,Headphones,27,5364.8,3296.45
3510,2025-10-13,Europe,France,Monitor,27,14872.77,10923.51
3511,2026-06-07,Asia,India,Tablet,28,20443.07,13018.17
3512,2026-05-26,Asia,Malaysia,Tablet,9,7770.98,4880.26
3513,2025-06-05,Asia,Japan,Smartphone,14,6030.53,3947.09
3514,2026-04-20,South America,Argentina,Headphones,3,344.77,201.26
3515,2026-05-12,Asia,Japan,Laptop,9,8873.96,6335.2
3516,2025-07-08,Asia,South Korea,Headphones,20,2295.58,1258.62
3517,2026-02-12,Europe,Italy,Headphones,19,3613.97,1783.51
3518,2025-12-20,South America,Chile,Headphones,30,9606.47,5650.41
3519,2025-06-08,Asia,Japan,Tablet,25,15792.69,10125.77
3520,2026-02-14,South America,Chile,Monitor,15,7581.86,5000.6
3521,2026-03-21,Europe,United Kingdom,Laptop,8,8438.46,5464.97
3522,2026-06-20,North America,Mexico,Smartphone,4,2647.59,1764.62
3523,2025-07-14,Europe,France,Smartphone,13,5302.37,3079.13
3524,2025-03-10,North America,Canada,Laptop,21,37356.66,26961.92
3525,2026-02-13,Asia,Malaysia,Laptop,26,28728.95,21096.53
3526,2025-08-21,Europe,United Kingdom,Headphones,3,416.36,198.68
3527,2025-07-29,South America,Argentina,Smartphone,29,26345.17,17571.45
3528,2025-05-16,Europe,Spain,Headphones,18,3553.02,1866.27
3529,2026-01-28,North America,United States,Smartphone,10,11268.73,7017.27
3530,2025-06-04,Europe,Spain,Smartphone,8,5355.74,3305.24
3531,2026-05-12,South America,Argentina,Headphones,26,2798.18,1866.26
3532,2026-02-15,Asia,Malaysia,Headphones,30,10279.53,6658.92
3533,2026-01-14,South America,Chile,Smartphone,29,11700.08,7673.12
3534,2026-01-09,Asia,India,Monitor,20,8084.91,5061.81
3535,2026-06-23,South America,Chile,Tablet,16,6268.18,4262.12
3536,2025-10-25,Europe,United Kingdom,Smartphone,26,29939.03,19715.46
3537,2025-05-04,Asia,Singapore,Smartphone,3,2775.96,1851.97
3538,2025-11-20,South America,Brazil,Laptop,2,2592.4,1812.97
3539,2025-06-23,Europe,Italy,Tablet,2,870.91,491.76
3540,2025-07-03,Europe,France,Tablet,27,18176.62,12579.86
3541,2025-03-14,Asia,Malaysia,Monitor,7,2134.89,1316.05
3542,2025-11-02,Asia,Singapore,Tablet,9,7271.79,4426.52
3543,2025-01-01,North America,Canada,Monitor,1,421.97,313.69
3544,2026-03-02,Asia,Japan,Tablet,3,2561.41,1819.69
3545,2026-04-27,South America,Argentina,Laptop,25,38926.39,24578.39
3546,2026-04-28,Europe,Netherlands,Headphones,28,8146.24,4986.92
3547,2026-05-10,Asia,Japan,Headphones,19,3300.69,1721.76
3548,2026-01-28,Asia,Singapore,Laptop,20,32278.86,23219.32
3549,2025-12-29,Europe,United Kingdom,Tablet,18,13413.47,9039.55
3550,2025-04-08,North America,Canada,Tablet,9,6578.89,4245.07
3551,2026-01-10,Asia,Malaysia,Laptop,30,35951.15,26368.66
3552,2026-04-30,Europe,Germany,Tablet,1,652.7,510.2
3553,2025-01-13,North America,Canada,Tablet,4,2494.98,1764.95
3554,2025-09-12,Asia,Japan,Laptop,26,34830.32,25738.06
3555,2026-01-27,South America,Brazil,Laptop,8,10509.93,8055.38
3556,2026-02-13,North America,Mexico,Laptop,22,27385.95,19073.7
3557,2025-06-05,South America,Argentina,Smartphone,20,19165.03,11393.36
3558,2026-01-27,North America,Mexico,Monitor,23,11503.6,8382.82
3559,2025-08-31,North America,Mexico,Monitor,5,1500.22,1108.97
3560,2026-04-25,North America,Canada,Laptop,17,29034.01,21891.66
3561,2026-03-19,South America,Brazil,Headphones,24,8172.91,4727.45
3562,2025-02-13,Asia,India,Laptop,20,29985.83,19335.61
3563,2025-10-16,Asia,India,Laptop,7,10365.25,8040.06
3564,2026-02-04,South America,Brazil,Laptop,11,14708.25,10421.78
3565,2025-02-18,North America,United States,Monitor,8,2345.88,1428.85
3566,2026-02-17,Europe,United Kingdom,Monitor,26,14088.67,10679.87
3567,2025-05-31,Europe,United Kingdom,Smartphone,20,22479.74,15477.29
3568,2026-05-03,South America,Argentina,Tablet,23,10743.52,6786.06
3569,2025-02-28,Asia,Japan,Laptop,15,23260.73,15730.86
3570,2025-03-17,North America,Mexico,Smartphone,19,11738.95,8337.28
3571,2026-05-13,South America,Argentina,Smartphone,28,20326.77,12596.74
3572,2026-01-20,Europe,United Kingdom,Smartphone,1,510.29,327.35
3573,2025-11-05,Europe,France,Tablet,16,12604.36,8876.33
3574,2025-01-07,Asia,South Korea,Headphones,13,1209.95,814.86
3575,2025-02-23,South America,Brazil,Laptop,13,15545.53,10717.64
3576,2025-01-09,North America,United States,Smartphone,24,19793.32,13312.42
3577,2026-03-16,North America,United States,Headphones,18,4296.55,1901.3
3578,2025-08-10,Europe,Spain,Laptop,6,5152.21,3805.04
3579,2025-01-30,Asia,Singapore,Smartphone,1,886.65,571.21
3580,2025-07-24,South America,Argentina,Headphones,15,4019.26,2147.63
3581,2025-04-25,Asia,South Korea,Laptop,2,2846.56,2036.29
3582,2025-02-14,Asia,South Korea,Tablet,30,23665.1,15235.81
3583,2025-10-30,North America,Canada,Tablet,21,13740.75,7740.17
3584,2025-11-23,North America,Mexico,Headphones,20,3120.19,1577.63
3585,2025-12-04,Asia,Malaysia,Laptop,4,5429.75,3968.6
3586,2025-05-04,South America,Argentina,Tablet,17,7255.89,5084.01
3587,2025-10-17,North America,Canada,Monitor,6,3800.87,2605.64
3588,2026-01-15,Asia,India,Monitor,20,8950.42,5910.71
3589,2026-02-22,South America,Brazil,Smartphone,26,18894.49,13410.13
3590,2025-05-23,North America,Mexico,Monitor,1,423.82,270.15
3591,2025-06-07,South America,Argentina,Laptop,5,4983.7,3727.63
3592,2025-03-06,North America,Mexico,Tablet,1,342.6,240.62
3593,2025-01-05,Europe,Italy,Smartphone,22,21574.71,15796.58
3594,2026-03-10,South America,Brazil,Tablet,14,4653.34,2975.88
3595,2025-03-05,North America,United States,Smartphone,9,5776.0,3485.64
3596,2025-12-01,North America,Canada,Headphones,9,857.57,451.37
3597,2025-09-28,North America,United States,Laptop,22,35456.31,25567.67
3598,2026-04-24,Europe,United Kingdom,Monitor,4,1945.34,1551.71
3599,2026-06-22,South America,Argentina,Tablet,28,20470.88,13279.98
3600,2026-03-16,North America,Canada,Laptop,18,18630.93,13991.4
3601,2026-05-22,North America,Mexico,Headphones,15,2803.75,1849.4
3602,2026-01-19,South America,Brazil,Smartphone,8,9560.45,6606.75
3603,2026-05-01,Europe,Spain,Tablet,8,6506.59,4990.36
3604,2025-04-13,Asia,Japan,Laptop,20,23197.61,16428.99
3605,2025-08-11,Asia,Japan,Headphones,23,4814.95,3085.47
3606,2025-05-17,Asia,Malaysia,Monitor,10,3295.38,2108.28
3607,2025-05-17,North America,United States,Smartphone,27,19327.31,13502.51
3608,2026-04-17,South America,Chile,Headphones,21,2739.34,1336.87
3609,2026-04-30,Asia,Malaysia,Smartphone,8,7813.95,5694.77
3610,2025-05-25,Europe,France,Smartphone,22,12009.55,8070.86
3611,2025-09-15,Europe,Germany,Monitor,20,5888.99,4250.57
3612,2025-06-29,North America,Canada,Smartphone,7,8184.55,5312.95
3613,2025-03-14,Asia,Malaysia,Laptop,26,38289.36,26152.55
3614,2025-11-25,Europe,United Kingdom,Tablet,23,11620.93,8162.99
3615,2025-02-28,South America,Argentina,Monitor,19,10352.4,7242.27
3616,2025-07-26,Asia,India,Laptop,1,1516.62,1050.92
3617,2025-10-19,Asia,Japan,Smartphone,6,6112.59,4029.42
3618,2025-06-04,Asia,South Korea,Monitor,15,6501.47,4177.84
3619,2025-03-19,South America,Chile,Headphones,23,7802.16,5224.61
3620,2026-02-16,North America,Mexico,Monitor,1,662.76,438.0
3621,2025-08-01,North America,United States,Smartphone,13,13494.73,8415.44
3622,2025-11-17,Asia,Malaysia,Headphones,26,4215.73,2550.27
3623,2025-03-28,Europe,Netherlands,Monitor,26,14404.77,10320.56
3624,2025-05-16,South America,Argentina,Laptop,22,31856.08,21964.53
3625,2026-01-11,Asia,South Korea,Monitor,14,3764.04,2638.85
3626,2025-01-03,South America,Brazil,Laptop,27,22680.27,16625.86
3627,2025-07-15,North America,Mexico,Monitor,29,19650.39,12418.65
3628,2026-02-26,Europe,United Kingdom,Headphones,15,2282.43,1339.45
3629,2025-08-02,Europe,Spain,Smartphone,19,18224.54,12234.45
3630,2026-05-12,North America,Mexico,Laptop,9,12588.68,9101.24
3631,2026-03-14,Europe,Spain,Headphones,29,4786.4,2499.1
3632,2025-10-16,Asia,Japan,Monitor,25,15904.92,10456.78
3633,2025-05-11,Asia,Japan,Headphones,9,2890.45,1397.04
3634,2025-04-14,Asia,Malaysia,Headphones,23,7643.62,4454.27
3635,2025-03-18,Europe,United Kingdom,Headphones,10,2318.44,1224.3
3636,2025-09-15,Europe,Germany,Laptop,6,8910.34,6147.33
3637,2025-06-17,Asia,Japan,Headphones,17,4587.68,2431.3
3638,2026-05-25,North America,United States,Smartphone,11,7899.69,5085.62
3639,2026-06-01,South America,Brazil,Headphones,25,5383.01,2597.35
3640,2025-05-12,Asia,South Korea,Headphones,21,4776.03,2727.63
3641,2025-12-04,North America,United States,Monitor,17,3820.55,2680.51
3642,2025-07-24,North America,Mexico,Tablet,13,6286.39,4193.59
3643,2025-10-05,South America,Brazil,Tablet,17,9469.49,5922.69
3644,2025-10-03,South America,Brazil,Headphones,8,2737.5,1771.03
3645,2026-04-01,Asia,Japan,Monitor,26,6751.29,5025.03
3646,2025-03-02,Asia,South Korea,Laptop,13,15610.09,9852.86
3647,2026-03-05,North America,Canada,Tablet,24,13674.51,8561.83
3648,2025-10-12,North America,Canada,Headphones,13,2171.88,1331.08
3649,2026-01-03,South America,Argentina,Laptop,6,6328.59,4360.1
3650,2025-01-06,Europe,Germany,Monitor,17,7194.49,4916.45
3651,2026-03-01,Asia,Singapore,Laptop,12,10455.49,7227.03
3652,2025-09-19,North America,United States,Smartphone,6,6680.52,4728.82
3653,2025-09-24,Europe,Spain,Headphones,20,4150.47,2150.38
3654,2025-05-28,Asia,Japan,Headphones,14,4567.92,3149.88
3655,2025-01-18,Asia,Singapore,Monitor,28,6186.55,3836.67
3656,2025-01-21,Asia,South Korea,Smartphone,2,2211.04,1410.04
3657,2025-10-02,Asia,Japan,Headphones,21,4011.57,2005.28
3658,2025-12-07,Europe,Spain,Headphones,24,5384.69,2460.76
3659,2025-10-12,Europe,France,Tablet,22,14234.7,9242.02
3660,2026-03-20,Europe,Spain,Monitor,20,8847.91,6504.46
3661,2026-05-14,Asia,Singapore,Tablet,5,3165.72,1831.74
3662,2026-01-07,South America,Chile,Tablet,17,5234.46,3161.73
3663,2025-02-13,South America,Brazil,Tablet,25,19051.11,12912.93
3664,2026-05-19,North America,Mexico,Laptop,19,21315.49,15185.91
3665,2025-08-17,North America,Mexico,Laptop,29,32966.69,24479.15
3666,2025-02-16,Asia,South Korea,Laptop,6,9103.36,6100.67
3667,2025-05-31,Europe,France,Laptop,12,20536.17,14705.42
3668,2025-05-24,North America,Mexico,Tablet,20,16098.38,8741.19
3669,2025-07-15,North America,United States,Laptop,8,7170.95,5228.03
3670,2026-04-16,South America,Argentina,Headphones,14,2859.84,1687.94
3671,2025-04-27,North America,United States,Headphones,29,5650.57,2833.65
3672,2026-06-20,Asia,Japan,Laptop,17,22473.7,16761.45
3673,2025-11-24,South America,Chile,Headphones,26,8661.67,4108.96
3674,2026-03-07,Asia,Japan,Smartphone,6,7061.16,4651.17
3675,2026-01-05,South America,Chile,Headphones,25,3889.67,2161.2
3676,2026-05-08,North America,Mexico,Smartphone,4,4317.78,2767.49
3677,2025-01-03,South America,Argentina,Smartphone,27,23551.68,16136.49
3678,2025-03-30,North America,United States,Headphones,30,9637.53,5934.81
3679,2026-04-25,Asia,Singapore,Smartphone,29,20450.45,13249.64
3680,2025-12-15,North America,Canada,Headphones,18,4325.48,1926.49
3681,2026-03-07,Asia,Japan,Smartphone,15,14699.19,9190.08
3682,2026-05-01,Europe,Italy,Headphones,17,5701.4,3057.12
3683,2025-06-05,Asia,Japan,Monitor,22,13502.77,8359.0
3684,2026-03-15,North America,Canada,Headphones,21,5296.11,2398.05
3685,2025-10-15,South America,Argentina,Headphones,11,2968.7,1384.12
3686,2026-04-01,South America,Argentina,Tablet,11,4636.67,2963.86
3687,2025-02-10,South America,Chile,Smartphone,15,12170.26,7745.63
3688,2025-03-08,North America,Canada,Headphones,2,461.23,235.03
3689,2026-06-07,South America,Brazil,Monitor,27,12824.03,8731.68
3690,2026-06-09,South America,Argentina,Smartphone,17,7110.82,4301.25
3691,2025-01-18,South America,Argentina,Laptop,5,5188.98,3548.55
3692,2025-04-22,Asia,India,Headphones,1,250.65,134.54
3693,2025-04-01,Europe,France,Headphones,21,6154.26,3509.71
3694,2026-02-01,Europe,Spain,Smartphone,27,28261.9,19325.97
3695,2026-05-16,Europe,Italy,Monitor,23,13344.89,11136.52
3696,2025-02-07,Europe,Germany,Monitor,19,5053.57,3421.11
3697,2025-05-31,Asia,South Korea,Headphones,20,6424.71,3286.23
3698,2026-06-08,South America,Chile,Tablet,20,16825.44,11889.27
3699,2025-09-06,North America,United States,Monitor,16,5823.23,3911.84
3700,2026-02-28,Asia,Japan,Tablet,12,8571.72,4819.5
3701,2026-05-14,South America,Brazil,Laptop,25,24270.21,18175.06
3702,2025-08-12,Europe,United Kingdom,Tablet,11,7472.03,4975.09
3703,2025-11-22,South America,Chile,Laptop,12,11123.74,7063.33
3704,2026-05-05,Asia,Malaysia,Tablet,23,18245.92,11034.75
3705,2025-11-15,North America,Mexico,Headphones,7,757.83,346.75
3706,2025-03-07,North America,Canada,Laptop,21,36114.67,22621.67
3707,2025-06-06,Asia,Singapore,Laptop,7,8404.17,6626.5
3708,2025-04-27,North America,Mexico,Monitor,27,18014.32,12167.06
3709,2025-03-18,Europe,Spain,Monitor,29,18454.32,12897.09
3710,2025-02-24,Asia,Japan,Tablet,26,19936.45,12069.36
3711,2026-03-13,North America,Canada,Monitor,16,7796.04,4965.7
3712,2025-08-26,South America,Chile,Monitor,10,6072.02,3707.71
3713,2025-08-12,Asia,Malaysia,Tablet,16,6898.85,4448.12
3714,2025-08-02,Europe,United Kingdom,Headphones,16,2861.34,1752.5
3715,2025-06-14,Asia,South Korea,Smartphone,4,3228.94,2401.94
3716,2025-08-02,Europe,France,Headphones,27,2806.83,1624.08
3717,2025-11-08,Asia,Japan,Smartphone,6,3840.41,2496.83
3718,2026-01-17,Europe,Spain,Tablet,21,15609.71,10011.8
3719,2026-03-20,South America,Brazil,Monitor,30,9109.56,5890.81
3720,2026-01-29,South America,Chile,Tablet,13,5278.15,3012.75
3721,2026-01-01,North America,Mexico,Laptop,30,42813.35,27950.16
3722,2025-04-28,South America,Brazil,Monitor,1,368.34,276.89
3723,2025-06-19,Europe,Spain,Laptop,13,17739.07,11202.03
3724,2025-10-21,Europe,France,Tablet,27,12530.01,7912.92
3725,2025-03-01,North America,Mexico,Smartphone,23,18158.1,11656.77
3726,2025-01-27,Asia,Malaysia,Smartphone,18,13032.98,9075.0
3727,2025-09-05,Asia,India,Smartphone,14,16371.52,11321.01
3728,2025-01-31,South America,Chile,Smartphone,4,3385.06,2065.48
3729,2026-01-22,South America,Argentina,Laptop,20,30925.1,24071.84
3730,2026-02-28,South America,Brazil,Laptop,5,8986.91,6645.43
3731,2025-09-04,North America,United States,Laptop,5,7967.17,5928.58
3732,2025-05-17,Asia,Singapore,Headphones,19,4311.84,2055.22
3733,2025-08-02,South America,Argentina,Headphones,8,2564.78,1442.15
3734,2025-01-17,Europe,Italy,Monitor,20,4721.67,2946.11
3735,2025-11-08,North America,Canada,Laptop,9,9843.89,6976.22
3736,2025-08-05,Asia,Singapore,Laptop,15,16560.68,11481.06
3737,2026-01-05,South America,Argentina,Smartphone,28,29321.69,20823.35
3738,2025-04-23,South America,Brazil,Monitor,25,6603.01,4192.31
3739,2026-01-01,South America,Chile,Tablet,12,7795.06,4496.6
3740,2025-07-07,South America,Chile,Monitor,13,8130.25,5219.89
3741,2025-04-05,North America,Mexico,Laptop,1,1016.33,759.54
3742,2025-11-28,Europe,France,Tablet,11,3719.4,2502.2
3743,2025-08-02,North America,Canada,Tablet,29,18258.28,11352.8
3744,2025-07-04,Asia,Malaysia,Laptop,10,12688.22,8483.24
3745,2025-08-28,Europe,United Kingdom,Tablet,9,4741.04,3203.14
3746,2025-03-27,North America,Mexico,Monitor,10,4901.3,3047.02
3747,2026-01-02,Europe,Germany,Tablet,23,17687.01,11104.93
3748,2026-06-14,South America,Chile,Tablet,7,2366.82,1653.75
3749,2025-01-09,North America,United States,Headphones,11,1727.68,935.34
3750,2026-03-22,South America,Brazil,Headphones,7,657.84,375.97
3751,2026-01-18,Europe,Germany,Laptop,24,35921.05,25032.22
3752,2025-09-07,Europe,United Kingdom,Smartphone,19,8881.48,5282.13
3753,2025-03-08,North America,United States,Monitor,16,7478.89,4616.96
3754,2025-04-17,Europe,Italy,Headphones,3,684.52,323.36
3755,2026-02-20,North America,Canada,Tablet,5,2492.01,1538.08
3756,2025-02-24,South America,Chile,Headphones,21,6430.62,3104.97
3757,2026-03-15,Asia,Japan,Laptop,12,20904.79,13769.42
3758,2025-07-20,Europe,Italy,Laptop,2,1969.37,1238.1
3759,2026-05-30,South America,Argentina,Tablet,30,21516.74,14304.28
3760,2025-05-22,Asia,Singapore,Laptop,4,4357.1,2851.92
3761,2026-02-18,South America,Argentina,Laptop,4,4460.15,2948.05
3762,2025-05-26,Europe,Germany,Monitor,14,9049.86,5727.92
3763,2026-06-16,Asia,Japan,Smartphone,28,14260.51,8498.94
3764,2025-11-24,Asia,Malaysia,Smartphone,6,5591.23,3341.04
3765,2026-01-22,Asia,India,Laptop,22,33861.52,25436.82
3766,2025-03-19,Europe,France,Tablet,18,8712.87,5123.31
3767,2025-04-14,Asia,Japan,Smartphone,12,6542.74,4256.79
3768,2025-04-30,Asia,Japan,Smartphone,24,21075.93,13566.28
3769,2026-02-26,North America,Canada,Smartphone,7,4503.96,2928.01
3770,2025-11-02,North America,Mexico,Monitor,14,8351.36,5158.82
3771,2026-06-09,South America,Argentina,Smartphone,9,4851.85,2856.39
3772,2026-01-01,Asia,South Korea,Monitor,21,11235.22,7977.19
3773,2025-09-06,North America,Mexico,Headphones,18,4535.7,2371.81
3774,2026-04-29,Asia,Singapore,Monitor,27,15854.36,10519.96
3775,2025-07-01,South America,Argentina,Tablet,27,13486.75,9359.82
3776,2025-10-01,South America,Argentina,Smartphone,12,12360.33,8894.17
3777,2026-06-08,Europe,Spain,Monitor,14,4901.02,3541.76
3778,2026-01-14,Asia,Japan,Monitor,28,13742.47,9198.37
3779,2025-10-23,South America,Argentina,Monitor,14,7837.75,5539.0
3780,2025-12-13,Asia,Malaysia,Headphones,23,6121.17,4119.33
3781,2025-05-11,North America,Mexico,Smartphone,5,3158.54,2243.79
3782,2026-02-02,South America,Chile,Smartphone,10,4826.06,3165.76
3783,2025-06-10,South America,Chile,Monitor,7,4007.31,2755.14
3784,2025-08-18,North America,Canada,Smartphone,22,13844.5,9106.42
3785,2026-05-28,South America,Brazil,Headphones,1,191.5,90.63
3786,2025-05-31,North America,Mexico,Monitor,19,9869.7,6795.74
3787,2025-03-21,South America,Brazil,Tablet,28,12173.34,8653.76
3788,2025-03-27,Europe,Italy,Headphones,21,2795.48,1554.95
3789,2025-01-30,Asia,India,Monitor,26,7906.85,4988.65
3790,2025-03-02,South America,Chile,Smartphone,25,26601.95,15446.44
3791,2025-04-08,North America,Mexico,Headphones,14,4198.88,2773.58
3792,2025-01-20,Asia,South Korea,Tablet,19,8071.27,4700.78
3793,2025-05-06,North America,Canada,Smartphone,19,19276.85,13402.8
3794,2026-03-29,South America,Brazil,Tablet,21,9802.44,5631.55
3795,2025-06-18,South America,Chile,Tablet,12,9004.7,5266.57
3796,2025-07-15,Europe,Italy,Smartphone,24,27470.36,19715.25
3797,2025-11-04,Europe,France,Monitor,27,13130.88,8940.82
3798,2025-03-23,Europe,France,Monitor,23,15077.0,10779.7
3799,2026-04-17,Europe,Spain,Monitor,15,10421.81,7129.48
3800,2025-08-18,Asia,Singapore,Smartphone,20,9775.0,5931.28
3801,2026-02-03,Europe,France,Tablet,26,19864.37,11018.41
3802,2026-02-15,Asia,Malaysia,Headphones,9,2497.26,1168.2
3803,2025-03-25,Asia,Japan,Smartphone,9,10598.85,6618.68
3804,2026-03-06,South America,Chile,Smartphone,22,13615.92,9628.23
3805,2025-10-16,Europe,Spain,Headphones,26,6933.31,3261.3
3806,2025-03-05,Europe,Italy,Monitor,20,6165.1,3771.97
3807,2025-09-15,Europe,Germany,Monitor,1,687.66,476.23
3808,2025-03-27,Europe,Germany,Tablet,21,17626.88,10178.88
3809,2025-02-09,Asia,Malaysia,Headphones,27,8587.59,5635.52
3810,2025-05-02,South America,Chile,Laptop,24,42355.59,32198.19
3811,2025-02-10,Asia,Singapore,Smartphone,4,4655.27,3319.92
3812,2025-09-22,North America,Canada,Headphones,9,2878.22,1926.03
3813,2025-08-03,North America,United States,Laptop,14,12059.37,8278.62
3814,2025-04-09,South America,Chile,Laptop,7,12045.46,8204.71
3815,2025-03-23,North America,Canada,Laptop,28,42052.92,26233.69
3816,2026-05-23,Europe,France,Smartphone,26,25072.85,18886.74
3817,2025-11-13,Europe,France,Tablet,29,16772.39,11698.13
3818,2025-06-15,Europe,United Kingdom,Laptop,4,3730.08,2631.12
3819,2025-11-03,North America,United States,Monitor,30,16458.01,11744.71
3820,2025-08-07,South America,Argentina,Headphones,12,2550.38,1320.46
3821,2026-03-15,Asia,Malaysia,Laptop,8,10832.86,8495.54
3822,2025-02-08,South America,Argentina,Headphones,4,1030.23,553.4
3823,2025-10-21,Asia,Japan,Smartphone,4,2714.72,1982.61
3824,2025-03-19,Asia,India,Tablet,7,3492.28,2199.66
3825,2026-03-20,Asia,South Korea,Laptop,14,18870.15,14346.29
3826,2025-12-12,Asia,Singapore,Smartphone,25,23119.76,16376.54
3827,2025-03-18,Europe,France,Tablet,10,5919.35,4069.46
3828,2026-04-23,North America,Mexico,Headphones,30,9769.56,5255.64
3829,2025-10-17,Asia,India,Laptop,12,10871.6,8571.88
3830,2025-12-15,South America,Argentina,Tablet,22,18704.59,10949.58
3831,2026-01-08,North America,United States,Smartphone,15,13657.82,7973.81
3832,2025-06-09,South America,Argentina,Smartphone,25,23068.2,14874.72
3833,2025-01-27,North America,Canada,Laptop,16,13160.89,8118.34
3834,2025-10-29,North America,United States,Smartphone,1,1189.46,749.95
3835,2026-03-08,Asia,Singapore,Laptop,26,39011.28,27355.2
3836,2025-04-16,Europe,Germany,Monitor,14,6590.47,4016.49
3837,2025-10-06,Europe,Italy,Smartphone,18,9226.35,6047.63
3838,2025-06-22,Asia,Malaysia,Laptop,4,4604.7,3485.01
3839,2025-06-15,Asia,Japan,Smartphone,18,9332.4,5767.41
3840,2025-06-08,North America,United States,Headphones,9,1864.63,1191.98
3841,2026-06-23,Asia,Singapore,Headphones,19,4574.89,2138.07
3842,2025-10-07,Europe,Germany,Headphones,9,1819.26,1154.47
3843,2025-08-22,North America,United States,Laptop,30,31388.24,22496.65
3844,2025-11-18,Asia,Singapore,Monitor,30,8184.28,5995.67
3845,2026-06-28,Asia,India,Monitor,10,2588.3,1868.84
3846,2026-01-04,South America,Chile,Laptop,20,31183.42,21949.09
3847,2025-01-30,Asia,Malaysia,Laptop,28,24438.06,18895.33
3848,2025-04-15,North America,Mexico,Tablet,8,3846.15,2477.9
3849,2025-05-10,Europe,Netherlands,Tablet,10,5817.19,3604.9
3850,2026-04-11,North America,Mexico,Smartphone,18,7724.34,4507.93
3851,2026-06-07,Asia,India,Monitor,8,4624.03,3188.9
3852,2025-01-26,Asia,South Korea,Headphones,19,5486.05,3366.0
3853,2025-04-10,Asia,Malaysia,Monitor,9,5990.23,4520.34
3854,2026-02-17,Europe,United Kingdom,Tablet,18,8890.16,5410.21
3855,2026-05-20,North America,Mexico,Headphones,10,2684.26,1193.95
3856,2025-10-12,Asia,Malaysia,Laptop,27,32915.75,25817.79
3857,2025-02-20,North America,Canada,Smartphone,17,15065.22,9896.58
3858,2025-01-16,South America,Brazil,Laptop,13,14710.27,10202.33
3859,2025-08-28,South America,Argentina,Tablet,15,12543.12,7075.69
3860,2025-11-22,Asia,South Korea,Monitor,3,1989.67,1346.85
3861,2025-03-12,North America,Mexico,Headphones,2,235.61,115.59
3862,2025-01-21,North America,United States,Monitor,24,9581.62,6594.12
3863,2026-02-12,North America,Canada,Tablet,15,11464.85,7163.38
3864,2025-07-04,North America,United States,Headphones,10,2623.34,1299.31
3865,2025-05-25,North America,United States,Smartphone,10,8098.27,5609.56
3866,2025-10-08,Europe,Italy,Smartphone,10,4884.89,3091.93
3867,2025-09-10,South America,Chile,Laptop,11,14680.35,9842.47
3868,2025-10-16,Europe,Italy,Smartphone,27,21578.13,15308.36
3869,2025-01-16,Asia,Singapore,Smartphone,12,9140.91,5742.92
3870,2025-08-07,Asia,Japan,Headphones,26,4452.32,2662.27
3871,2026-01-03,Asia,Japan,Laptop,11,15840.4,12315.27
3872,2025-05-23,South America,Brazil,Laptop,9,7382.3,5555.2
3873,2026-03-22,South America,Brazil,Headphones,20,2089.49,1016.17
3874,2026-05-13,North America,United States,Headphones,5,1519.45,677.8
3875,2025-03-31,South America,Argentina,Headphones,30,8629.7,5679.98
3876,2026-01-03,Asia,Malaysia,Smartphone,29,21021.99,14434.95
3877,2026-05-02,Europe,Italy,Smartphone,5,5277.63,4117.84
3878,2025-08-09,Europe,France,Headphones,6,1290.18,670.22
3879,2026-01-02,Europe,France,Smartphone,2,1468.78,1009.68
3880,2025-02-19,Europe,Spain,Smartphone,21,12491.11,7991.66
3881,2025-08-20,South America,Chile,Monitor,3,1505.55,903.83
3882,2025-01-23,Asia,Malaysia,Tablet,14,5035.38,2944.98
3883,2025-12-15,South America,Chile,Tablet,23,13692.77,8727.78
3884,2026-01-13,North America,Mexico,Tablet,1,736.26,470.09
3885,2025-05-27,Asia,India,Tablet,26,19962.32,13645.9
3886,2025-08-11,Asia,Japan,Laptop,13,18861.56,13297.32
3887,2025-03-19,North America,Canada,Monitor,10,4205.46,2674.97
3888,2025-09-08,South America,Brazil,Laptop,20,21914.17,16240.81
3889,2025-07-20,Europe,Germany,Monitor,16,6623.27,4419.81
3890,2026-03-15,North America,United States,Tablet,6,4171.8,2712.41
3891,2026-03-05,Europe,France,Laptop,26,35762.96,25341.78
3892,2025-11-25,South America,Chile,Laptop,14,20470.53,15302.64
3893,2025-03-03,Asia,Japan,Smartphone,3,2820.41,1840.4
3894,2026-03-29,Europe,Italy,Monitor,21,8689.57,5679.92
3895,2025-05-19,Asia,Japan,Monitor,4,1878.3,1321.81
3896,2025-03-15,Asia,South Korea,Headphones,24,3763.46,2174.92
3897,2026-03-01,Asia,South Korea,Laptop,3,3258.2,2132.02
3898,2025-11-16,Asia,India,Laptop,1,1738.96,1163.67
3899,2025-12-11,Asia,Malaysia,Headphones,19,6177.34,3052.57
3900,2025-09-07,Europe,France,Smartphone,9,6748.95,4561.68
3901,2026-05-30,South America,Argentina,Headphones,7,799.67,447.91
3902,2025-09-22,Europe,Italy,Headphones,7,2074.74,1170.76
3903,2025-12-17,Europe,United Kingdom,Smartphone,30,24571.03,14413.34
3904,2025-04-11,North America,Mexico,Laptop,27,32071.55,21375.56
3905,2026-03-15,South America,Argentina,Smartphone,14,10585.3,7482.57
3906,2025-08-14,North America,United States,Smartphone,16,8743.41,5374.96
3907,2025-12-20,Asia,Japan,Monitor,27,10333.32,6951.85
3908,2026-01-31,South America,Argentina,Tablet,17,9601.13,5759.68
3909,2026-03-13,Asia,Japan,Tablet,27,21095.15,12846.03
3910,2026-01-12,Europe,Germany,Tablet,14,9453.98,5705.79
3911,2026-02-28,Asia,Malaysia,Monitor,11,4306.93,3267.28
3912,2025-04-23,Asia,India,Monitor,25,6579.67,4484.5
3913,2026-03-04,South America,Brazil,Headphones,8,2237.74,1368.37
3914,2026-03-28,Asia,Singapore,Tablet,28,10726.52,6245.71
3915,2025-04-23,North America,Canada,Tablet,29,8776.04,4958.89
3916,2025-07-20,North America,Canada,Monitor,18,12455.69,8723.12
3917,2025-01-07,North America,Canada,Monitor,24,11606.85,8441.38
3918,2025-05-21,North America,United States,Headphones,10,2684.91,1213.43
3919,2025-01-25,Asia,Japan,Headphones,17,1974.85,1041.34
3920,2025-05-28,Asia,Japan,Monitor,21,11876.93,7541.49
3921,2025-02-27,North America,Canada,Laptop,23,39618.17,27261.97
3922,2026-04-01,Europe,Italy,Smartphone,14,12657.57,9712.72
3923,2026-06-17,South America,Brazil,Laptop,4,3469.45,2227.84
3924,2025-06-05,Europe,Germany,Headphones,10,2159.13,1104.9
3925,2026-02-02,North America,Mexico,Smartphone,7,8359.97,5049.44
3926,2026-04-08,South America,Brazil,Headphones,6,2000.38,1218.25
3927,2026-02-20,South America,Chile,Laptop,23,23157.45,14389.95
3928,2025-12-10,North America,Mexico,Tablet,29,16266.67,11316.99
3929,2025-05-17,Europe,Spain,Tablet,30,16547.52,10699.69
3930,2025-02-23,Europe,France,Smartphone,9,8075.75,5670.59
3931,2025-04-06,Asia,Singapore,Laptop,27,39233.26,30303.77
3932,2025-01-01,Europe,Germany,Tablet,10,5349.03,3374.07
3933,2026-06-28,Europe,Spain,Laptop,7,12261.61,10022.64
3934,2025-02-06,North America,Canada,Laptop,2,2163.69,1413.99
3935,2025-03-07,North America,Canada,Monitor,29,13180.08,7936.2
3936,2025-08-07,North America,United States,Headphones,21,5391.19,2712.42
3937,2025-08-11,South America,Argentina,Monitor,11,4137.45,2515.53
3938,2025-02-13,Europe,Germany,Monitor,17,11316.87,7480.79
3939,2026-04-04,Europe,Italy,Monitor,18,5960.38,4140.04
3940,2025-02-08,Asia,South Korea,Laptop,13,22066.95,15763.27
3941,2025-07-29,South America,Chile,Laptop,14,12507.72,8486.87
3942,2026-02-03,South America,Chile,Monitor,4,970.37,670.92
3943,2026-01-30,South America,Argentina,Headphones,24,6538.99,3246.29
3944,2025-07-23,Asia,South Korea,Laptop,16,26716.56,19906.69
3945,2025-01-29,North America,Mexico,Smartphone,12,6620.08,4151.09
3946,2025-03-10,North America,Canada,Tablet,15,10850.3,6865.24
3947,2025-09-10,North America,United States,Smartphone,19,17573.23,12183.07
3948,2026-06-06,Asia,Singapore,Smartphone,13,9361.87,5736.24
3949,2026-04-25,South America,Argentina,Headphones,2,195.93,103.05
3950,2025-10-02,South America,Argentina,Headphones,16,3892.53,1937.87
3951,2025-07-27,Europe,France,Headphones,11,1487.39,977.54
3952,2026-04-19,Asia,South Korea,Monitor,14,6947.69,5139.75
3953,2025-08-16,North America,Canada,Laptop,21,24590.48,17906.4
3954,2025-03-04,Asia,Singapore,Smartphone,28,22800.04,16893.51
3955,2026-03-13,Europe,France,Laptop,26,34953.58,26246.98
3956,2025-01-08,South America,Brazil,Laptop,21,26390.28,19860.91
3957,2025-06-20,South America,Argentina,Monitor,15,9898.9,7444.18
3958,2025-04-29,Europe,Spain,Tablet,5,2457.12,1641.01
3959,2026-05-08,South America,Brazil,Laptop,25,35063.48,21787.72
3960,2025-03-26,Asia,India,Laptop,27,25422.01,19503.97
3961,2025-05-25,Asia,Singapore,Tablet,16,6879.42,4645.18
3962,2025-02-23,North America,Mexico,Monitor,28,17103.11,11902.99
3963,2026-04-26,Europe,Spain,Monitor,30,7804.64,6030.96
3964,2026-05-02,Europe,Italy,Tablet,23,15316.81,10560.6
3965,2026-02-13,South America,Argentina,Monitor,10,2203.46,1536.92
3966,2026-01-22,Asia,Japan,Tablet,25,11490.21,6468.64
3967,2026-01-11,Asia,Japan,Tablet,5,4459.24,2785.14
3968,2026-01-09,Asia,South Korea,Headphones,7,2369.09,1189.11
3969,2025-04-01,Europe,United Kingdom,Smartphone,20,19254.73,12580.74
3970,2026-01-06,North America,Canada,Smartphone,14,6160.77,3624.03
3971,2026-05-20,Europe,Germany,Tablet,2,1494.27,965.82
3972,2025-03-12,South America,Chile,Smartphone,14,5699.83,3765.46
3973,2025-05-18,South America,Argentina,Headphones,19,5202.15,3141.93
3974,2026-04-25,North America,Mexico,Monitor,28,13388.28,9728.22
3975,2025-08-14,North America,Canada,Headphones,17,4636.02,2421.75
3976,2025-04-02,Asia,India,Tablet,19,10293.28,6761.89
3977,2025-09-16,South America,Brazil,Headphones,30,5746.66,3423.41
3978,2025-10-18,Asia,Japan,Laptop,29,29222.38,22816.42
3979,2026-05-22,Asia,South Korea,Monitor,12,3277.52,2271.16
3980,2025-11-14,South America,Chile,Tablet,9,7334.88,4772.67
3981,2025-06-20,South America,Chile,Smartphone,10,4020.91,2853.78
3982,2025-05-25,Europe,Spain,Monitor,22,4945.92,3208.28
3983,2026-01-22,Europe,United Kingdom,Laptop,19,15657.67,11625.98
3984,2025-10-14,Asia,Japan,Monitor,29,7460.85,5690.37
3985,2025-07-27,Europe,Netherlands,Smartphone,8,5249.72,3398.3
3986,2025-08-11,South America,Chile,Smartphone,26,10667.56,7735.39
3987,2025-02-28,Europe,Spain,Laptop,17,27552.84,19677.77
3988,2025-03-09,South America,Chile,Laptop,24,19285.24,14858.93
3989,2026-06-29,Europe,France,Headphones,21,7250.19,4227.21
3990,2025-10-13,Europe,United Kingdom,Headphones,29,9706.24,6055.52
3991,2025-02-21,Asia,India,Tablet,23,9944.63,6318.73
3992,2026-03-11,Europe,France,Monitor,13,3707.56,2768.03
3993,2025-01-26,Europe,France,Smartphone,22,19979.33,13250.02
3994,2025-12-24,North America,Canada,Tablet,25,14369.98,7768.94
3995,2025-12-22,Asia,India,Laptop,2,3558.96,2629.86
3996,2025-08-06,Asia,India,Headphones,14,2999.4,1519.63
3997,2026-04-04,North America,United States,Laptop,18,24921.53,15699.74
3998,2025-11-12,Asia,South Korea,Headphones,8,1664.64,922.02
3999,2025-12-31,Europe,Netherlands,Laptop,13,20959.83,14427.54
4000,2025-04-11,South America,Argentina,Monitor,28,18171.19,12816.36
4001,2025-08-10,South America,Brazil,Monitor,18,8333.68,5886.65
4002,2026-01-02,Europe,Germany,Monitor,29,17051.08,11976.35
4003,2026-04-16,South America,Brazil,Headphones,6,778.2,427.56
4004,2026-03-31,Europe,Spain,Smartphone,15,13722.98,8147.33
4005,2026-02-09,North America,United States,Smartphone,18,20401.58,13594.72
4006,2025-01-01,South America,Argentina,Headphones,19,2760.63,1444.19
4007,2025-04-19,Asia,Singapore,Tablet,20,11719.45,7489.02
4008,2026-03-21,North America,Mexico,Monitor,13,4526.51,3068.28
4009,2025-07-12,North America,Mexico,Headphones,1,165.61,108.08
4010,2025-10-25,Europe,Italy,Laptop,29,50669.51,34556.86
4011,2026-05-10,Asia,Malaysia,Laptop,27,25355.03,19857.11
4012,2025-12-27,South America,Argentina,Laptop,18,23991.78,15183.07
4013,2025-04-27,North America,Mexico,Monitor,2,456.08,316.63
4014,2025-02-14,Europe,Netherlands,Headphones,6,904.26,530.53
4015,2025-07-05,South America,Chile,Monitor,12,6236.71,4732.34
4016,2025-08-27,Europe,France,Headphones,7,594.05,281.22
4017,2025-06-03,North America,Mexico,Laptop,3,4331.24,2913.31
4018,2025-02-06,South America,Argentina,Smartphone,19,19064.38,11127.37
4019,2025-12-19,Asia,Japan,Smartphone,8,8646.29,5665.84
4020,2025-08-04,Europe,Netherlands,Headphones,1,183.8,120.18
4021,2025-01-14,South America,Chile,Smartphone,1,1152.34,818.14
4022,2025-06-26,South America,Chile,Monitor,5,1648.91,1201.7
4023,2026-04-08,North America,United States,Monitor,26,14752.1,9384.18
4024,2025-01-26,North America,Canada,Laptop,26,37492.03,24532.32
4025,2026-02-05,North America,Canada,Monitor,9,2023.65,1317.13
4026,2026-05-20,Asia,Singapore,Tablet,9,7774.62,4643.06
4027,2025-12-05,Europe,United Kingdom,Monitor,21,8705.94,5988.26
4028,2026-03-05,North America,Mexico,Smartphone,22,21956.67,13455.64
4029,2025-07-23,North America,Mexico,Smartphone,22,25340.11,15875.77
4030,2026-03-16,Asia,South Korea,Monitor,7,2919.62,1963.92
4031,2025-11-03,North America,United States,Smartphone,1,1088.54,761.79
4032,2026-04-30,North America,Mexico,Monitor,1,662.16,486.14
4033,2025-10-25,Asia,Japan,Monitor,25,15052.27,10532.62
4034,2025-09-15,North America,United States,Monitor,20,10905.09,7945.92
4035,2025-02-02,North America,United States,Tablet,11,8578.09,5158.86
4036,2025-02-02,Asia,Malaysia,Tablet,13,7515.15,5144.71
4037,2025-01-09,Europe,Italy,Smartphone,9,4839.95,3570.58
4038,2025-07-20,Europe,Netherlands,Monitor,15,4704.57,3378.49
4039,2025-05-26,North America,Canada,Tablet,22,14901.29,9783.54
4040,2025-09-05,Europe,Germany,Monitor,5,1837.71,1394.54
4041,2025-04-23,North America,United States,Smartphone,23,22028.52,12573.4
4042,2025-12-18,Europe,Netherlands,Smartphone,18,8556.67,5249.99
4043,2025-08-21,Europe,France,Monitor,20,6648.23,4716.29
4044,2025-08-27,Asia,South Korea,Headphones,28,8533.21,4574.15
4045,2025-03-22,Europe,Germany,Smartphone,8,7403.65,4976.56
4046,2025-10-09,Asia,South Korea,Tablet,6,4985.71,3484.56
4047,2025-06-02,South America,Chile,Monitor,29,8456.09,5977.22
4048,2025-04-24,Europe,Spain,Tablet,16,6945.07,4046.99
4049,2025-12-25,North America,Canada,Tablet,3,1367.18,914.13
4050,2025-02-11,Europe,Spain,Smartphone,11,5225.15,3429.07
4051,2025-11-08,North America,Canada,Tablet,25,17763.95,11672.13
4052,2025-02-02,South America,Brazil,Monitor,6,2831.45,1747.64
4053,2026-04-12,Asia,Japan,Monitor,9,3533.72,2719.66
4054,2025-05-24,Europe,Netherlands,Tablet,27,15805.17,11281.17
4055,2025-06-20,South America,Argentina,Laptop,6,9319.54,5820.98
4056,2025-09-21,Europe,Spain,Monitor,13,3638.59,2526.15
4057,2025-03-02,South America,Chile,Smartphone,3,2648.42,1718.92
4058,2025-01-21,Asia,Malaysia,Headphones,11,3700.97,2073.43
4059,2026-05-21,Europe,United Kingdom,Tablet,2,1454.73,1094.81
4060,2025-05-27,Asia,South Korea,Monitor,8,4306.8,2696.02
4061,2025-06-27,Asia,Singapore,Smartphone,27,27548.62,20307.78
4062,2026-06-28,Europe,United Kingdom,Headphones,12,3714.68,2046.06
4063,2025-10-26,Asia,India,Smartphone,12,10634.94,6686.9
4064,2025-11-01,North America,United States,Smartphone,18,9730.14,6670.75
4065,2025-04-20,Asia,Singapore,Smartphone,16,11031.19,7163.37
4066,2026-01-23,South America,Brazil,Headphones,20,1945.19,1196.71
4067,2025-10-27,Europe,Netherlands,Tablet,21,9560.39,6713.31
4068,2026-06-18,Asia,Singapore,Smartphone,14,15488.84,10061.58
4069,2025-03-28,Europe,Netherlands,Smartphone,22,26071.27,17139.5
4070,2025-05-02,Europe,United Kingdom,Laptop,14,13259.08,9460.72
4071,2026-04-24,Asia,South Korea,Tablet,26,8802.01,5605.34
4072,2025-06-15,Europe,Italy,Smartphone,22,19613.15,13709.25
4073,2026-05-31,South America,Brazil,Headphones,5,611.59,358.73
4074,2025-09-10,South America,Chile,Laptop,26,29178.84,19107.85
4075,2026-04-17,South America,Argentina,Laptop,25,20672.63,13269.87
4076,2026-06-11,South America,Argentina,Laptop,15,21652.04,14623.81
4077,2025-03-24,North America,United States,Laptop,9,9667.48,5976.23
4078,2025-07-01,Europe,France,Monitor,24,14483.0,9255.3
4079,2026-05-22,Europe,France,Tablet,21,10662.37,6817.51
4080,2025-11-20,South America,Argentina,Monitor,2,637.74,462.14
4081,2025-10-06,Europe,Spain,Smartphone,9,6538.23,4513.75
4082,2025-12-23,North America,Mexico,Laptop,18,27197.7,17226.79
4083,2026-03-11,Europe,Germany,Laptop,29,30264.02,21424.31
4084,2025-05-16,South America,Brazil,Laptop,2,3342.7,2240.18
4085,2025-09-07,Asia,Singapore,Monitor,2,500.55,330.2
4086,2025-06-02,Europe,Germany,Smartphone,18,16668.49,10118.6
4087,2025-08-30,Asia,India,Headphones,24,3196.47,2007.95
4088,2026-02-01,Europe,Netherlands,Monitor,8,3261.34,1961.52
4089,2025-03-30,South America,Brazil,Monitor,20,4126.3,2970.34
4090,2025-11-10,South America,Argentina,Monitor,6,1338.52,808.07
4091,2025-05-13,Europe,United Kingdom,Laptop,25,21258.85,14792.38
4092,2025-01-10,South America,Brazil,Monitor,8,2675.98,1761.94
4093,2025-01-29,North America,United States,Smartphone,7,5369.16,3514.94
4094,2025-03-24,Europe,Spain,Laptop,20,21296.63,15393.48
4095,2026-01-06,North America,Canada,Monitor,20,8726.11,6009.62
4096,2025-12-19,North America,Canada,Laptop,20,19721.29,13379.82
4097,2025-03-22,Asia,South Korea,Monitor,24,13012.26,8179.67
4098,2026-05-29,South America,Brazil,Monitor,8,3938.62,2615.74
4099,2025-05-18,South America,Argentina,Monitor,18,5568.83,3363.8
4100,2026-01-08,South America,Brazil,Monitor,4,1191.19,875.97
4101,2026-06-22,South America,Chile,Tablet,27,24182.6,13982.34
4102,2025-05-24,Asia,Singapore,Monitor,3,1052.89,774.92
4103,2026-01-26,Asia,South Korea,Monitor,7,3946.32,2407.79
4104,2025-04-24,Europe,Italy,Monitor,25,6209.53,4021.98
4105,2025-04-15,North America,United States,Tablet,17,7413.0,4760.36
4106,2026-06-29,South America,Brazil,Monitor,9,3956.39,2906.66
4107,2026-02-02,North America,Canada,Headphones,19,3507.87,1955.35
4108,2026-05-10,Europe,France,Monitor,18,8628.59,7194.58
4109,2025-01-04,Europe,United Kingdom,Headphones,8,1690.67,995.42
4110,2025-08-22,South America,Chile,Smartphone,23,24710.08,17358.37
4111,2025-07-05,Asia,Malaysia,Laptop,22,31764.68,22464.26
4112,2025-03-01,South America,Argentina,Headphones,8,1245.14,572.82
4113,2025-09-28,Europe,Italy,Smartphone,19,9031.65,6023.34
4114,2025-06-24,Asia,Malaysia,Smartphone,9,7054.66,4747.61
4115,2025-01-21,Europe,Spain,Laptop,15,22447.85,16692.86
4116,2026-02-15,Europe,Italy,Tablet,22,12516.23,8187.87
4117,2026-06-18,North America,Mexico,Monitor,29,9930.46,6835.02
4118,2025-02-28,North America,United States,Smartphone,4,3169.06,1862.33
4119,2026-02-24,North America,Canada,Tablet,17,12625.25,8004.3
4120,2025-04-15,Europe,Italy,Laptop,16,16180.15,12104.79
4121,2025-11-17,South America,Brazil,Laptop,14,14001.63,8891.86
4122,2026-04-18,North America,Canada,Monitor,27,7803.11,5685.95
4123,2026-03-01,Europe,Italy,Headphones,10,2443.77,1222.18
4124,2026-06-04,Europe,Germany,Headphones,27,8660.03,5636.62
4125,2025-02-24,South America,Chile,Smartphone,23,10071.44,7071.94
4126,2025-01-14,South America,Brazil,Monitor,16,5984.47,4352.24
4127,2025-06-25,Europe,Italy,Smartphone,26,30860.33,18859.22
4128,2025-05-04,Asia,India,Monitor,20,12609.83,8356.63
4129,2025-02-07,Europe,United Kingdom,Headphones,27,2570.3,1438.16
4130,2025-06-17,North America,Mexico,Tablet,12,7314.4,4363.73
4131,2025-08-19,North America,Mexico,Monitor,29,19831.45,14453.39
4132,2025-05-07,Asia,South Korea,Tablet,24,10336.71,6899.34
4133,2025-05-29,North America,Canada,Laptop,15,24130.83,14989.07
4134,2025-07-08,North America,Mexico,Laptop,21,32320.13,24790.6
4135,2025-09-18,South America,Argentina,Smartphone,29,33293.35,23672.38
4136,2025-07-06,Asia,South Korea,Laptop,4,5984.85,4148.86
4137,2025-09-25,North America,Canada,Laptop,27,27213.55,19964.12
4138,2025-09-15,North America,United States,Laptop,11,13085.73,9606.98
4139,2025-09-06,Europe,Italy,Headphones,13,2869.82,1777.8
4140,2025-02-17,South America,Chile,Tablet,12,9949.89,6452.31
4141,2026-04-21,Asia,Singapore,Laptop,18,32134.89,23387.92
4142,2025-06-30,Europe,Italy,Monitor,21,12352.2,7783.23
4143,2025-04-06,South America,Argentina,Headphones,3,293.9,146.19
4144,2026-04-27,Asia,South Korea,Monitor,1,439.11,277.42
4145,2026-05-06,Asia,Singapore,Laptop,23,39557.28,26855.47
4146,2025-06-25,Asia,Singapore,Laptop,23,32584.78,25114.05
4147,2025-08-24,Europe,Italy,Smartphone,6,5920.89,3845.15
4148,2025-11-12,Europe,Germany,Headphones,4,1020.72,532.1
4149,2025-10-02,Asia,Singapore,Headphones,28,8688.73,4307.17
4150,2025-02-01,Asia,Singapore,Smartphone,26,27805.11,18041.54
4151,2025-11-12,South America,Argentina,Tablet,23,19243.35,10881.08
4152,2026-06-12,South America,Chile,Laptop,11,13381.81,8883.31
4153,2025-10-19,Europe,United Kingdom,Monitor,12,3554.43,2439.28
4154,2025-03-08,Asia,South Korea,Laptop,11,12221.51,8943.77
4155,2025-11-04,North America,United States,Headphones,2,434.63,273.67
4156,2026-01-30,Europe,Netherlands,Laptop,1,1443.0,968.15
4157,2025-11-24,North America,United States,Headphones,19,6599.09,2957.08
4158,2025-06-28,Asia,South Korea,Monitor,23,8988.45,6321.52
4159,2026-03-10,Asia,Japan,Headphones,12,1717.28,1002.15
4160,2025-04-06,North America,United States,Laptop,21,34077.12,25053.15
4161,2025-07-16,Europe,Spain,Smartphone,26,26915.02,16156.84
4162,2025-06-02,North America,United States,Monitor,14,7513.43,5048.89
4163,2025-07-12,North America,Canada,Smartphone,7,7313.34,4957.91
4164,2025-08-24,Asia,Singapore,Smartphone,16,11147.87,8252.22
4165,2026-06-24,South America,Argentina,Headphones,9,2497.92,1415.77
4166,2026-01-06,North America,United States,Tablet,8,5891.8,3358.45
4167,2025-05-17,North America,Canada,Laptop,15,16034.83,10653.61
4168,2025-01-23,North America,United States,Headphones,21,6802.39,3811.41
4169,2026-01-18,North America,Canada,Laptop,8,10954.55,8096.14
4170,2026-03-09,North America,Canada,Smartphone,11,9688.27,6823.65
4171,2026-04-27,South America,Argentina,Laptop,9,11321.16,8472.88
4172,2026-06-20,Asia,India,Laptop,25,34797.95,25200.41
4173,2025-10-08,Asia,Malaysia,Headphones,15,2059.68,1077.62
4174,2025-10-19,South America,Chile,Monitor,17,11584.41,7747.09
4175,2025-09-22,South America,Brazil,Monitor,23,5824.65,4147.42
4176,2025-01-23,South America,Chile,Laptop,3,4938.84,3552.98
4177,2025-03-26,Europe,Germany,Smartphone,26,21290.87,15060.71
4178,2026-04-04,Europe,United Kingdom,Monitor,16,9834.15,7346.24
4179,2025-11-30,Europe,Netherlands,Tablet,3,1877.08,1193.6
4180,2025-01-21,Europe,Italy,Monitor,22,7617.84,5256.89
4181,2025-07-05,Asia,Singapore,Smartphone,12,10662.68,7382.26
4182,2026-03-22,North America,United States,Tablet,11,8312.49,4512.26
4183,2025-12-10,South America,Argentina,Headphones,26,8737.71,4905.6
4184,2025-11-15,Europe,France,Tablet,29,11796.29,7612.95
4185,2025-03-15,South America,Chile,Headphones,19,2380.91,1252.74
4186,2026-04-02,Europe,United Kingdom,Laptop,28,26041.49,18461.11
4187,2025-09-04,North America,Mexico,Monitor,14,8011.98,5695.64
4188,2025-11-05,Europe,Netherlands,Monitor,25,14448.45,9864.94
4189,2025-10-22,Asia,South Korea,Headphones,28,2631.39,1443.67
4190,2025-11-27,North America,United States,Laptop,24,39357.56,24144.99
4191,2025-03-23,Asia,South Korea,Headphones,19,3455.92,1854.78
4192,2025-08-02,Europe,United Kingdom,Headphones,28,5028.68,3311.42
4193,2026-05-17,South America,Argentina,Headphones,13,3704.04,1708.37
4194,2025-08-10,South America,Argentina,Monitor,5,1129.01,712.51
4195,2026-03-09,Asia,Singapore,Tablet,22,10312.62,6877.56
4196,2025-09-22,South America,Chile,Headphones,13,3662.7,2253.69
4197,2025-08-27,Europe,Spain,Laptop,22,38786.09,25264.8
4198,2026-01-15,South America,Chile,Monitor,3,1315.17,966.32
4199,2025-02-18,South America,Brazil,Laptop,29,36148.52,24031.19
4200,2026-01-01,South America,Argentina,Monitor,6,3225.61,2394.79
4201,2026-02-02,Asia,South Korea,Monitor,18,6418.46,3957.51
4202,2026-05-16,South America,Argentina,Monitor,25,15733.63,10984.02
4203,2025-10-21,Asia,Singapore,Headphones,23,3915.89,2330.39
4204,2025-07-14,South America,Chile,Monitor,26,8498.75,6222.21
4205,2025-01-29,Asia,South Korea,Monitor,15,6149.19,4218.66
4206,2025-01-26,North America,United States,Laptop,28,35840.52,24542.13
4207,2025-03-24,North America,Mexico,Monitor,12,3598.33,2173.83
4208,2025-11-21,South America,Brazil,Smartphone,2,1795.18,1057.92
4209,2025-02-03,Europe,Spain,Tablet,24,7682.36,4759.51
4210,2026-02-12,North America,Mexico,Headphones,5,726.93,368.42
4211,2025-09-27,North America,United States,Headphones,26,4421.4,2613.76
4212,2026-01-10,Asia,Singapore,Smartphone,30,16806.84,11736.1
4213,2026-02-26,South America,Brazil,Laptop,28,49223.38,32567.99
4214,2025-01-30,Europe,Germany,Laptop,24,25092.36,16792.47
4215,2026-01-06,South America,Brazil,Laptop,20,29788.7,21318.48
4216,2026-02-13,North America,United States,Laptop,18,16232.44,12204.8
4217,2026-05-30,Asia,South Korea,Tablet,13,7225.8,4429.66
4218,2025-11-10,South America,Argentina,Monitor,30,7395.14,5197.7
4219,2026-02-23,South America,Chile,Laptop,9,13684.92,10089.79
4220,2026-02-26,South America,Chile,Monitor,18,11568.94,8252.21
4221,2025-01-17,North America,Mexico,Smartphone,12,8679.51,6305.43
4222,2026-01-19,Europe,Spain,Headphones,3,463.74,226.18
4223,2025-08-27,Asia,India,Smartphone,19,18306.45,12254.72
4224,2025-10-20,Europe,United Kingdom,Tablet,27,15895.09,9396.14
4225,2026-03-09,Asia,Japan,Laptop,9,7693.16,4929.45
4226,2025-04-01,South America,Argentina,Laptop,10,12845.53,8891.3
4227,2025-09-07,Asia,Malaysia,Headphones,27,2818.2,1590.51
4228,2026-05-28,North America,United States,Tablet,15,7193.09,4254.11
4229,2025-05-12,Europe,France,Tablet,20,9149.47,5192.59
4230,2025-06-20,Asia,Malaysia,Monitor,21,6569.43,4382.97
4231,2025-03-26,South America,Argentina,Tablet,30,24607.15,15612.58
4232,2025-11-06,Europe,France,Laptop,7,12030.71,7606.02
4233,2025-07-12,Europe,France,Tablet,17,8913.66,5307.91
4234,2026-03-05,North America,Mexico,Laptop,12,12120.45,8599.7
4235,2026-06-24,North America,Mexico,Smartphone,23,11388.26,7494.17
4236,2025-12-02,North America,Mexico,Headphones,2,596.78,334.3
4237,2025-03-19,Asia,Malaysia,Monitor,11,4185.53,2900.63
4238,2025-04-24,South America,Argentina,Tablet,25,16812.5,9861.75
4239,2025-07-30,Europe,Spain,Smartphone,10,8259.95,6052.35
4240,2025-04-04,Europe,Netherlands,Laptop,7,12323.62,7768.87
4241,2025-09-22,South America,Brazil,Tablet,5,3610.73,2588.7
4242,2025-06-27,North America,United States,Laptop,23,32390.12,21675.34
4243,2026-04-20,Asia,India,Headphones,24,7905.84,3951.97
4244,2026-06-12,North America,United States,Monitor,29,8601.28,5199.55
4245,2025-03-31,North America,Mexico,Monitor,3,894.96,540.03
4246,2025-12-31,North America,United States,Laptop,3,3362.18,2071.91
4247,2025-03-02,North America,Canada,Laptop,15,18614.27,11616.64
4248,2025-04-13,Europe,Spain,Monitor,12,6083.47,3945.08
4249,2025-11-17,North America,Canada,Monitor,24,14872.92,9803.42
4250,2025-11-09,North America,Canada,Laptop,26,35317.41,27046.09
4251,2025-04-11,Asia,South Korea,Headphones,28,9080.59,4734.5
4252,2025-06-06,Europe,Italy,Tablet,22,7682.85,5032.89
4253,2025-04-16,Europe,Italy,Laptop,30,44843.24,30546.82
4254,2026-01-25,Europe,Germany,Laptop,29,45058.91,33993.9
4255,2026-06-24,Asia,Japan,Tablet,5,3900.19,2265.99
4256,2025-05-25,South America,Chile,Smartphone,5,4748.06,3234.62
4257,2026-05-27,North America,Mexico,Monitor,6,3151.15,2051.29
4258,2026-01-26,Asia,India,Headphones,7,1753.4,1006.82
4259,2025-03-30,Europe,Germany,Tablet,19,8326.5,5516.71
4260,2025-12-27,South America,Brazil,Smartphone,18,16233.08,9542.86
4261,2025-07-26,Asia,Japan,Laptop,2,3520.33,2590.12
4262,2025-10-01,North America,Mexico,Monitor,24,6345.81,4561.43
4263,2026-04-20,Europe,France,Headphones,12,1246.33,756.49
4264,2025-02-15,North America,Mexico,Headphones,29,9566.71,5623.11
4265,2025-05-31,South America,Brazil,Monitor,2,688.04,415.98
4266,2025-07-06,North America,United States,Monitor,26,9861.96,6292.62
4267,2026-05-04,North America,Canada,Monitor,23,15866.9,11813.96
4268,2025-02-12,Europe,United Kingdom,Laptop,21,27356.21,20150.26
4269,2026-06-02,North America,Canada,Monitor,23,7585.23,4518.1
4270,2026-02-03,North America,Mexico,Tablet,14,10964.18,6331.75
4271,2026-05-19,South America,Chile,Monitor,12,4953.41,3750.75
4272,2025-09-01,Europe,France,Monitor,22,14948.8,9965.92
4273,2025-05-12,Asia,Malaysia,Laptop,29,25757.34,16629.71
4274,2025-07-18,South America,Brazil,Tablet,16,12774.8,7627.91
4275,2026-04-03,Europe,Spain,Headphones,1,137.87,73.6
4276,2025-12-04,Europe,Netherlands,Tablet,28,25112.27,16317.12
4277,2025-11-27,Asia,Malaysia,Smartphone,23,19679.5,12580.83
4278,2025-05-05,North America,Canada,Headphones,24,2229.61,1166.51
4279,2025-11-12,South America,Brazil,Headphones,8,1911.21,1248.06
4280,2026-02-23,South America,Brazil,Laptop,27,36838.78,27135.23
4281,2025-05-10,South America,Argentina,Laptop,26,35271.42,26747.2
4282,2026-06-14,South America,Chile,Headphones,24,6911.04,4436.78
4283,2025-12-06,South America,Chile,Smartphone,19,21141.97,13505.69
4284,2025-07-10,Asia,Malaysia,Smartphone,23,19071.99,11257.39
4285,2025-04-24,Asia,Japan,Smartphone,12,6812.82,4495.69
4286,2026-06-07,North America,Canada,Headphones,24,3851.21,2529.04
4287,2026-03-09,South America,Argentina,Monitor,17,3557.01,2674.36
4288,2025-10-13,North America,Mexico,Smartphone,16,18861.64,12966.45
4289,2025-11-30,South America,Argentina,Smartphone,3,1754.52,1196.21
4290,2025-03-25,South America,Argentina,Tablet,22,16992.25,10298.29
4291,2025-06-12,South America,Argentina,Headphones,23,4680.17,2403.64
4292,2025-03-07,North America,Mexico,Monitor,22,14160.55,10458.52
4293,2026-03-15,South America,Argentina,Laptop,27,41801.18,26704.71
4294,2026-05-20,South America,Argentina,Tablet,8,3687.46,2282.77
4295,2025-11-22,Europe,United Kingdom,Monitor,10,6433.6,4489.5
4296,2026-03-28,South America,Brazil,Laptop,30,48268.32,34295.41
4297,2025-07-31,North America,Mexico,Headphones,27,3499.07,2211.64
4298,2026-02-10,Asia,India,Laptop,25,38410.2,27735.9
4299,2025-06-08,Asia,Singapore,Smartphone,5,4097.3,2915.2
4300,2025-08-09,North America,Mexico,Headphones,6,1256.95,671.65
4301,2025-02-19,North America,Canada,Laptop,3,4813.39,3609.46
4302,2025-02-04,North America,United States,Smartphone,7,7895.94,5200.01
4303,2025-03-15,North America,United States,Monitor,24,7704.13,5524.86
4304,2026-06-24,South America,Argentina,Monitor,4,2657.09,1732.97
4305,2025-10-07,South America,Brazil,Tablet,8,5211.7,3657.18
4306,2025-02-11,South America,Argentina,Tablet,30,22459.29,16134.66
4307,2025-05-22,South America,Brazil,Laptop,21,23787.92,15533.36
4308,2025-11-03,Europe,Germany,Headphones,23,2791.11,1596.69
4309,2025-12-24,South America,Argentina,Smartphone,26,20827.28,14538.65
4310,2025-06-24,Europe,United Kingdom,Tablet,24,19959.36,13640.1
4311,2025-08-11,Asia,India,Monitor,15,5551.38,3670.6
4312,2025-05-23,Europe,France,Monitor,6,2450.35,1555.5
4313,2026-01-15,South America,Argentina,Headphones,9,1421.23,768.81
4314,2026-04-02,Europe,Italy,Tablet,3,2099.35,1641.54
4315,2025-04-13,Europe,Italy,Monitor,12,4621.95,2886.45
4316,2025-10-11,North America,United States,Tablet,20,15369.03,9185.13
4317,2025-04-13,South America,Argentina,Headphones,18,2304.32,1439.39
4318,2025-09-08,North America,Mexico,Headphones,16,2455.53,1331.72
4319,2025-12-25,South America,Argentina,Headphones,29,2607.36,1184.55
4320,2025-11-30,North America,Mexico,Headphones,9,2296.2,1384.43
4321,2025-11-10,Asia,South Korea,Headphones,16,4119.29,1991.37
4322,2026-02-25,Asia,Japan,Laptop,27,37321.09,28096.4
4323,2025-02-25,South America,Argentina,Smartphone,10,10921.03,6938.39
4324,2026-01-04,South America,Argentina,Laptop,2,2927.98,1866.78
4325,2025-12-08,North America,Canada,Monitor,28,8802.03,5598.42
4326,2025-09-27,Asia,India,Tablet,23,14304.52,8335.15
4327,2025-12-27,North America,Canada,Headphones,11,2071.83,961.1
4328,2025-12-17,North America,Mexico,Monitor,10,2476.15,1672.48
4329,2026-01-19,South America,Brazil,Headphones,22,3625.6,1829.81
4330,2025-05-29,North America,Canada,Tablet,18,5590.65,3755.76
4331,2025-12-19,South America,Chile,Headphones,10,3048.73,1625.86
4332,2026-05-29,Europe,Netherlands,Monitor,13,2888.02,2327.71
4333,2026-06-28,North America,Mexico,Laptop,25,24835.42,15815.77
4334,2025-08-07,North America,Canada,Laptop,10,8182.43,5124.51
4335,2026-02-15,South America,Chile,Laptop,9,13765.8,9619.98
4336,2026-05-16,Asia,Singapore,Laptop,18,20687.39,14090.07
4337,2025-12-15,Europe,Spain,Smartphone,16,18417.03,11780.6
4338,2026-02-17,Europe,Germany,Monitor,1,295.48,216.28
4339,2025-04-14,Europe,Germany,Monitor,12,6094.65,3687.25
4340,2025-02-10,Europe,Italy,Laptop,13,16380.15,12227.66
4341,2025-10-04,Europe,Italy,Headphones,14,3768.76,1850.32
4342,2026-06-26,North America,Canada,Laptop,13,22150.25,14064.86
4343,2026-01-09,Asia,Malaysia,Headphones,14,2802.74,1725.58
4344,2025-12-28,Asia,South Korea,Monitor,8,3072.06,2205.15
4345,2025-12-31,South America,Brazil,Monitor,2,854.45,530.83
4346,2025-08-08,North America,United States,Smartphone,8,8325.41,5838.14
4347,2025-07-18,Europe,Germany,Tablet,7,2297.94,1446.73
4348,2025-11-14,Asia,South Korea,Tablet,20,8720.53,5484.19
4349,2025-08-19,North America,Canada,Headphones,14,2789.36,1753.51
4350,2025-03-06,North America,Mexico,Laptop,7,10525.16,7858.76
4351,2025-01-12,Europe,Italy,Smartphone,26,17975.47,12234.51
4352,2026-01-09,Asia,South Korea,Laptop,17,16559.81,12684.28
4353,2025-07-05,South America,Brazil,Monitor,26,12886.87,8277.32
4354,2025-03-11,Asia,Malaysia,Headphones,13,2546.37,1512.93
4355,2025-04-01,Asia,Japan,Smartphone,26,27087.16,16308.89
4356,2025-06-20,North America,United States,Monitor,3,1984.91,1357.07
4357,2025-05-31,North America,Mexico,Tablet,13,11518.62,7705.87
4358,2026-04-08,North America,Mexico,Tablet,13,11034.77,7272.04
4359,2025-07-05,North America,Mexico,Tablet,9,4246.62,2348.34
4360,2026-06-18,Europe,Netherlands,Headphones,22,6809.01,5026.2
4361,2025-12-17,Europe,France,Monitor,30,12752.18,8694.35
4362,2025-01-19,North America,United States,Laptop,7,9468.32,6757.45
4363,2025-04-13,Asia,South Korea,Monitor,17,5957.72,3729.26
4364,2025-10-14,South America,Brazil,Tablet,13,9131.93,5279.98
4365,2025-03-18,North America,Mexico,Headphones,8,1068.38,549.62
4366,2025-03-03,Europe,Germany,Smartphone,15,8027.81,4922.08
4367,2026-02-03,Europe,France,Laptop,17,21788.62,16220.18
4368,2025-10-26,South America,Argentina,Laptop,24,32952.24,25657.32
4369,2026-05-10,South America,Brazil,Headphones,8,2315.04,1242.62
4370,2026-01-18,Europe,Italy,Monitor,21,9269.19,6804.83
4371,2026-03-03,Asia,India,Monitor,5,1104.49,770.16
4372,2026-06-13,South America,Chile,Laptop,22,24195.7,16940.87
4373,2025-08-16,Europe,France,Smartphone,13,13987.49,9577.16
4374,2026-02-15,North America,Mexico,Monitor,15,5238.83,3584.47
4375,2025-03-27,South America,Brazil,Tablet,23,19405.66,13156.35
4376,2025-01-21,South America,Argentina,Headphones,2,681.24,419.26
4377,2026-05-14,Europe,France,Tablet,5,2508.88,1862.94
4378,2025-04-28,South America,Chile,Laptop,4,5409.25,3991.93
4379,2026-01-18,Europe,France,Monitor,18,4879.81,3233.37
4380,2025-01-12,South America,Argentina,Smartphone,4,4674.32,3400.87
4381,2025-03-10,Asia,South Korea,Smartphone,25,27492.58,20410.94
4382,2026-02-16,Europe,France,Smartphone,4,2955.02,2061.41
4383,2025-01-26,South America,Argentina,Tablet,17,5206.74,3629.21
4384,2025-08-26,Asia,Singapore,Headphones,8,2272.97,1478.2
4385,2025-07-16,Europe,Germany,Monitor,12,5091.81,3776.4
4386,2025-12-01,Europe,Italy,Tablet,11,9360.62,5748.87
4387,2025-08-11,North America,United States,Laptop,29,27924.81,17398.22
4388,2025-02-18,Europe,France,Headphones,8,1049.1,609.96
4389,2026-01-12,South America,Chile,Headphones,1,331.57,175.05
4390,2026-04-10,Europe,Italy,Monitor,3,1885.53,1493.12
4391,2025-07-16,Europe,United Kingdom,Monitor,17,7241.16,4410.72
4392,2025-11-07,Europe,France,Tablet,30,25791.47,15860.15
4393,2025-12-04,Europe,Italy,Tablet,18,14138.83,9604.94
4394,2025-11-25,Asia,Japan,Monitor,13,6231.0,3915.86
4395,2026-04-10,South America,Argentina,Monitor,28,14941.24,11015.18
4396,2025-01-10,South America,Argentina,Smartphone,10,6596.78,4833.24
4397,2026-04-11,Asia,India,Monitor,25,7954.18,5141.77
4398,2025-07-01,North America,Mexico,Monitor,24,14744.61,10410.39
4399,2025-12-08,South America,Argentina,Tablet,4,3070.76,1846.67
4400,2025-10-15,Europe,Spain,Tablet,23,18950.79,11836.55
4401,2025-08-11,Europe,Spain,Laptop,12,14244.2,10783.31
4402,2025-10-24,Asia,South Korea,Laptop,15,20915.27,16016.78
4403,2026-01-04,North America,Canada,Monitor,27,6984.45,4240.96
4404,2026-05-11,South America,Argentina,Tablet,29,16522.6,9901.8
4405,2025-12-26,South America,Argentina,Monitor,5,2279.34,1655.8
4406,2025-06-05,Asia,South Korea,Headphones,7,1119.52,601.97
4407,2025-01-26,Asia,Malaysia,Laptop,20,26149.41,20476.61
4408,2026-01-25,North America,Mexico,Monitor,1,621.43,404.32
4409,2025-07-06,South America,Brazil,Smartphone,17,8598.15,5550.64
4410,2026-05-03,Europe,Spain,Monitor,29,12190.26,9179.19
4411,2026-01-19,South America,Brazil,Smartphone,19,16188.01,11526.94
4412,2025-05-28,South America,Brazil,Monitor,15,7419.45,5495.54
4413,2026-03-31,Europe,Netherlands,Laptop,2,3492.7,2589.79
4414,2026-01-02,Europe,France,Headphones,20,3864.99,1905.86
4415,2025-02-03,South America,Chile,Smartphone,10,5613.73,3464.19
4416,2025-09-05,Europe,France,Smartphone,20,17430.19,10750.34
4417,2025-10-14,South America,Brazil,Monitor,27,14962.98,9043.7
4418,2026-01-22,North America,Mexico,Smartphone,22,24941.49,15808.22
4419,2025-12-19,Asia,Japan,Tablet,15,9339.17,5851.96
4420,2025-05-24,North America,United States,Smartphone,17,11473.43,7425.41
4421,2025-02-19,Europe,Italy,Tablet,9,5567.74,3846.0
4422,2025-12-11,North America,Mexico,Monitor,25,16838.52,10595.9
4423,2025-04-30,Europe,United Kingdom,Smartphone,12,8160.61,5139.25
4424,2025-05-27,Europe,United Kingdom,Smartphone,15,10922.37,8070.94
4425,2025-05-16,North America,Canada,Laptop,16,21714.09,16618.85
4426,2026-03-11,South America,Chile,Monitor,1,539.37,327.25
4427,2025-05-14,Asia,India,Smartphone,29,13343.73,8898.74
4428,2025-04-06,North America,Mexico,Monitor,14,9257.53,6871.19
4429,2025-05-15,South America,Chile,Headphones,25,5267.24,3484.43
4430,2026-06-16,South America,Brazil,Laptop,9,14412.95,10793.72
4431,2026-01-06,South America,Brazil,Headphones,27,2984.5,1971.6
4432,2026-02-06,North America,Canada,Laptop,14,11316.79,7255.78
4433,2025-07-07,Europe,Italy,Laptop,1,1124.18,823.19
4434,2025-07-03,South America,Argentina,Tablet,22,7646.6,5426.25
4435,2025-05-31,Asia,India,Laptop,24,40498.73,27852.45
4436,2026-01-11,North America,United States,Monitor,9,4184.22,2883.44
4437,2025-03-11,Europe,United Kingdom,Monitor,14,3721.26,2510.49
4438,2025-01-19,Europe,United Kingdom,Smartphone,13,12281.84,8245.83
4439,2025-09-16,North America,United States,Laptop,8,13341.77,8988.6
4440,2026-05-08,North America,Canada,Headphones,30,10004.69,4836.14
4441,2025-01-14,North America,Mexico,Monitor,5,3255.22,2279.33
4442,2025-08-10,South America,Chile,Laptop,14,11885.64,7536.3
4443,2025-09-23,North America,Canada,Headphones,5,709.31,377.57
4444,2025-03-19,North America,Mexico,Headphones,11,2365.5,1095.07
4445,2026-04-17,Europe,Germany,Tablet,2,1466.84,1065.12
4446,2026-05-24,South America,Chile,Smartphone,1,893.94,568.6
4447,2025-05-14,Europe,Germany,Headphones,5,1142.11,703.31
4448,2025-05-10,Asia,Japan,Smartphone,19,14439.44,8527.94
4449,2025-10-03,Asia,South Korea,Headphones,11,2381.4,1420.45
4450,2025-04-16,North America,Mexico,Tablet,30,14808.85,8311.2
4451,2026-03-16,Asia,Malaysia,Monitor,3,1023.63,651.42
4452,2025-01-20,South America,Argentina,Monitor,10,5479.96,3385.03
4453,2025-11-14,Asia,Singapore,Headphones,26,5363.56,2761.12
4454,2026-02-26,Asia,South Korea,Smartphone,12,10572.39,7112.48
4455,2025-09-01,Europe,France,Tablet,21,13546.32,9699.77
4456,2026-04-27,South America,Brazil,Monitor,23,13678.14,9257.4
4457,2025-09-22,North America,United States,Tablet,7,4744.59,2838.42
4458,2025-11-08,South America,Chile,Monitor,6,3010.8,2224.15
4459,2026-01-06,South America,Brazil,Tablet,29,15766.15,10577.05
4460,2025-11-11,Asia,Malaysia,Laptop,27,25830.68,20058.2
4461,2025-02-18,Asia,Singapore,Headphones,21,1786.39,943.69
4462,2025-10-28,South America,Chile,Monitor,2,1026.48,734.3
4463,2025-10-21,Europe,Spain,Laptop,14,20986.02,14632.9
4464,2026-05-05,South America,Brazil,Tablet,29,11619.59,7145.24
4465,2025-05-22,Asia,Singapore,Tablet,20,7845.48,4437.55
4466,2026-02-27,Asia,India,Headphones,25,2570.57,1748.54
4467,2025-03-02,Europe,Netherlands,Tablet,5,2900.28,1648.77
4468,2025-04-27,South America,Brazil,Smartphone,13,8431.69,4979.19
4469,2026-05-19,North America,Canada,Headphones,26,2169.49,960.33
4470,2025-03-09,North America,United States,Headphones,26,3643.87,2423.71
4471,2026-06-25,North America,Canada,Tablet,6,2368.49,1495.89
4472,2025-09-06,North America,Mexico,Monitor,22,8969.82,6287.54
4473,2026-05-04,Europe,United Kingdom,Smartphone,28,24530.88,19289.68
4474,2025-06-20,South America,Brazil,Tablet,15,11057.35,6525.68
4475,2025-11-29,Europe,Germany,Smartphone,5,4420.46,2575.11
4476,2025-02-08,Europe,Italy,Tablet,27,15443.18,8671.1
4477,2025-11-16,North America,United States,Monitor,17,7555.57,5475.71
4478,2025-11-29,North America,Canada,Laptop,23,39584.77,25261.65
4479,2025-09-12,Europe,Italy,Headphones,16,3866.35,2383.78
4480,2025-03-04,South America,Argentina,Tablet,26,21264.06,15115.24
4481,2025-08-19,Asia,Singapore,Smartphone,22,18912.41,12936.03
4482,2025-10-11,North America,United States,Headphones,28,3625.18,2421.65
4483,2025-12-22,Asia,Malaysia,Monitor,18,9845.22,6532.3
4484,2025-07-22,Asia,Malaysia,Laptop,29,29618.14,18752.75
4485,2026-05-08,Asia,Singapore,Tablet,8,5419.54,3807.25
4486,2025-08-02,Europe,France,Smartphone,14,9074.53,6490.3
4487,2025-06-06,North America,Canada,Tablet,1,680.12,429.56
4488,2025-07-15,South America,Brazil,Laptop,8,8241.21,5168.65
4489,2025-03-16,South America,Brazil,Smartphone,8,8457.6,5347.44
4490,2025-01-30,South America,Chile,Laptop,12,20966.52,14087.04
4491,2026-05-26,Europe,Spain,Tablet,21,18870.6,12056.35
4492,2025-06-05,Asia,Singapore,Tablet,13,6283.28,3602.7
4493,2025-06-10,North America,Canada,Laptop,5,5603.71,3876.15
4494,2025-02-06,South America,Chile,Laptop,19,16931.53,11173.36
4495,2025-12-20,Europe,United Kingdom,Smartphone,24,22820.8,15467.91
4496,2025-09-18,Europe,Spain,Monitor,4,1466.36,996.47
4497,2025-11-18,North America,Canada,Laptop,29,50222.79,34109.25
4498,2025-08-25,Asia,Malaysia,Smartphone,9,6548.97,3882.18
4499,2026-03-17,Europe,Netherlands,Monitor,5,3113.44,1905.14
4500,2026-01-09,South America,Brazil,Tablet,5,1527.77,1042.63
4501,2026-04-15,South America,Brazil,Tablet,2,946.99,529.66
4502,2026-01-30,North America,Mexico,Monitor,20,8453.93,6174.43
4503,2025-11-10,Asia,Japan,Monitor,1,656.45,453.5
4504,2025-02-08,Europe,Germany,Laptop,30,32535.89,24099.0
4505,2025-04-09,Europe,Netherlands,Smartphone,20,10380.79,7401.19
4506,2026-06-22,Europe,Spain,Headphones,7,632.32,451.37
4507,2026-02-05,Europe,Italy,Smartphone,18,14731.24,9504.91
4508,2026-06-05,South America,Chile,Headphones,24,4203.0,2401.22
4509,2025-12-28,South America,Chile,Laptop,12,17132.53,12433.66
4510,2026-01-26,North America,Canada,Headphones,18,5127.1,2704.26
4511,2025-06-30,Europe,Germany,Monitor,5,2786.34,1741.61
4512,2025-01-02,Europe,Netherlands,Tablet,15,5889.04,3432.35
4513,2025-08-04,North America,Canada,Tablet,1,579.67,335.02
4514,2025-01-30,Asia,India,Monitor,20,8434.45,6338.4
4515,2026-01-16,Europe,Netherlands,Tablet,12,10633.99,6947.03
4516,2025-07-29,South America,Argentina,Laptop,9,10687.75,7076.89
4517,2025-02-06,South America,Argentina,Headphones,17,4679.57,2589.54
4518,2025-03-12,North America,Canada,Laptop,3,3674.96,2450.07
4519,2025-02-16,North America,Mexico,Headphones,26,4645.41,2473.68
4520,2025-11-07,Asia,India,Headphones,2,654.7,399.91
4521,2025-08-03,Asia,India,Laptop,5,5747.45,4388.66
4522,2025-12-21,South America,Argentina,Smartphone,8,8131.39,5631.49
4523,2026-05-09,Asia,India,Smartphone,4,2811.29,1967.91
4524,2026-05-08,Europe,Spain,Smartphone,27,19778.76,14228.61
4525,2026-05-08,Asia,India,Laptop,5,5313.11,3396.2
4526,2026-01-19,North America,Canada,Tablet,1,694.91,493.01
4527,2025-10-30,Europe,Spain,Laptop,22,29998.88,23007.47
4528,2025-08-02,South America,Argentina,Monitor,8,3681.71,2490.79
4529,2025-11-14,South America,Brazil,Monitor,7,1446.16,1052.42
4530,2025-10-16,Asia,Malaysia,Smartphone,25,23425.01,13923.81
4531,2025-03-23,North America,United States,Tablet,6,4014.32,2589.79
4532,2025-08-20,Europe,Italy,Tablet,4,2250.44,1455.1
4533,2026-02-27,North America,Canada,Monitor,25,9843.57,6614.07
4534,2026-05-24,Asia,Singapore,Laptop,17,23895.8,16498.01
4535,2025-05-29,North America,United States,Monitor,25,9091.33,5951.87
4536,2025-01-05,Asia,Japan,Smartphone,2,1007.42,738.91
4537,2025-10-21,Europe,United Kingdom,Monitor,24,10417.17,7672.23
4538,2025-04-15,Asia,Singapore,Laptop,22,25717.18,18521.97
4539,2025-02-14,North America,United States,Headphones,28,6995.49,4320.46
4540,2026-06-04,Europe,United Kingdom,Laptop,14,16835.66,11901.99
4541,2025-04-28,Asia,Japan,Headphones,5,1058.53,621.63
4542,2025-10-10,South America,Chile,Headphones,2,475.2,255.55
4543,2025-07-18,South America,Brazil,Tablet,5,2920.91,1910.14
4544,2025-10-16,North America,Canada,Smartphone,1,515.8,359.96
4545,2025-09-23,Asia,Singapore,Headphones,18,5504.87,2774.56
4546,2025-03-14,Asia,South Korea,Smartphone,15,6921.71,4490.24
4547,2025-08-20,Europe,Germany,Headphones,2,535.54,287.83
4548,2026-01-25,Europe,United Kingdom,Laptop,20,31244.67,22718.8
4549,2026-02-23,Europe,Italy,Laptop,1,1063.69,817.88
4550,2025-04-05,Europe,Germany,Headphones,26,7693.15,3683.44
4551,2025-11-19,South America,Chile,Headphones,5,1599.33,986.86
4552,2026-02-24,Asia,Singapore,Laptop,2,2040.89,1311.39
4553,2025-04-06,Asia,India,Headphones,4,439.73,289.04
4554,2025-04-17,North America,United States,Tablet,30,10546.63,6957.17
4555,2025-06-10,North America,Mexico,Laptop,15,25108.11,18001.58
4556,2025-11-14,North America,Canada,Laptop,17,19739.69,12045.52
4557,2025-10-09,Europe,Italy,Monitor,4,1391.82,1017.15
4558,2026-04-15,Asia,India,Laptop,7,6331.97,4809.08
4559,2025-12-29,South America,Argentina,Tablet,16,6001.38,4080.8
4560,2026-04-14,North America,Mexico,Monitor,20,6687.93,4004.36
4561,2025-10-02,Europe,France,Smartphone,28,33446.05,21805.4
4562,2025-09-22,South America,Brazil,Headphones,8,1173.37,556.77
4563,2025-08-23,South America,Chile,Headphones,10,1040.2,663.27
4564,2026-02-19,North America,United States,Laptop,27,32003.32,20669.78
4565,2026-03-13,South America,Argentina,Smartphone,3,2886.78,1931.38
4566,2025-12-23,South America,Argentina,Smartphone,3,2845.07,1666.62
4567,2025-01-28,South America,Chile,Tablet,10,5442.02,3080.65
4568,2025-11-26,Asia,South Korea,Laptop,13,22503.27,14253.82
4569,2025-10-15,South America,Argentina,Headphones,13,2668.22,1385.0
4570,2026-01-23,North America,Mexico,Tablet,17,5807.23,3147.87
4571,2025-09-10,South America,Brazil,Laptop,2,3442.71,2385.65
4572,2026-04-25,Europe,Germany,Monitor,16,10797.47,8664.27
4573,2025-08-16,South America,Argentina,Headphones,30,4910.53,2432.54
4574,2025-07-26,Europe,Italy,Headphones,4,439.5,287.23
4575,2026-03-29,Europe,Spain,Monitor,27,6102.96,3697.43
4576,2025-01-25,Asia,India,Tablet,10,4762.35,3431.83
4577,2026-01-01,North America,Mexico,Monitor,15,5094.87,3195.39
4578,2026-06-16,North America,Mexico,Headphones,24,4558.38,2740.98
4579,2025-12-17,North America,United States,Smartphone,19,22581.7,14606.01
4580,2025-01-28,Asia,Japan,Tablet,8,6752.98,4787.82
4581,2025-02-26,North America,Mexico,Headphones,19,2443.98,1427.52
4582,2025-12-23,Asia,South Korea,Laptop,24,33922.17,24885.81
4583,2026-04-13,Asia,India,Monitor,7,4765.35,3569.48
4584,2026-03-14,Asia,Singapore,Headphones,16,4380.28,2168.3
4585,2025-07-20,North America,Mexico,Monitor,28,10213.97,7106.89
4586,2025-06-07,South America,Chile,Monitor,18,7679.12,4721.11
4587,2025-03-22,Asia,Singapore,Headphones,7,2055.05,1368.14
4588,2026-05-09,South America,Argentina,Laptop,14,11282.09,7651.67
4589,2025-04-14,South America,Brazil,Tablet,15,9967.72,5682.95
4590,2025-05-05,South America,Brazil,Tablet,1,535.92,368.69
4591,2025-07-12,North America,Canada,Monitor,10,4003.22,2886.87
4592,2026-04-04,Europe,Germany,Tablet,22,19498.78,14425.22
4593,2026-01-05,South America,Brazil,Smartphone,20,19477.56,12077.76
4594,2025-05-16,South America,Chile,Laptop,24,32184.15,21988.83
4595,2025-06-04,North America,Canada,Smartphone,20,21340.02,14377.87
4596,2025-12-04,Europe,Spain,Smartphone,13,15443.09,8974.5
4597,2025-03-24,Europe,Netherlands,Laptop,3,4853.93,3338.83
4598,2026-03-02,Europe,Spain,Monitor,7,3366.47,2444.21
4599,2026-06-11,Europe,France,Laptop,28,28867.67,20423.89
4600,2026-06-09,Asia,Japan,Headphones,28,4530.34,3096.25
4601,2025-02-22,South America,Argentina,Smartphone,7,6573.58,4042.02
4602,2025-03-04,North America,Mexico,Tablet,17,6373.66,4174.53
4603,2026-04-23,Asia,South Korea,Tablet,11,8082.62,4622.73
4604,2025-05-22,Asia,India,Headphones,18,2101.99,1034.46
4605,2026-02-25,Asia,India,Headphones,24,8296.64,5384.92
4606,2025-05-05,South America,Argentina,Laptop,21,30023.56,23297.07
4607,2025-08-17,Europe,France,Smartphone,14,8532.14,5107.5
4608,2026-03-23,Asia,South Korea,Headphones,7,1158.87,699.85
4609,2025-03-09,South America,Argentina,Monitor,9,1867.28,1193.21
4610,2025-08-19,Europe,Netherlands,Headphones,24,3398.19,1669.63
4611,2025-12-18,Asia,Malaysia,Smartphone,29,32175.41,23127.9
4612,2026-04-11,Europe,France,Monitor,29,14536.29,10957.1
4613,2025-09-24,North America,United States,Smartphone,11,6028.08,4029.07
4614,2025-09-21,North America,Canada,Headphones,9,2567.09,1276.13
4615,2026-03-16,South America,Chile,Laptop,28,49615.85,31683.86
4616,2025-11-13,Asia,Japan,Laptop,14,14805.06,10760.31
4617,2026-06-17,Europe,United Kingdom,Headphones,16,3348.86,2422.6
4618,2025-11-21,North America,Mexico,Laptop,25,36007.71,24203.84
4619,2025-06-20,South America,Chile,Monitor,30,15146.25,9503.92
4620,2025-12-31,Europe,Netherlands,Smartphone,1,970.59,604.32
4621,2026-02-04,Asia,South Korea,Smartphone,4,2919.86,2136.79
4622,2026-02-11,South America,Chile,Laptop,7,6620.28,4447.77
4623,2025-11-01,Europe,Spain,Laptop,6,8534.93,5762.38
4624,2026-05-17,South America,Brazil,Monitor,30,17949.83,11331.56
4625,2026-01-03,South America,Chile,Tablet,25,12693.85,8199.41
4626,2025-05-30,North America,Mexico,Monitor,9,4869.85,2930.48
4627,2026-05-06,Asia,South Korea,Monitor,1,309.21,214.72
4628,2025-06-01,North America,Canada,Monitor,28,11635.24,7057.3
4629,2026-01-09,North America,Mexico,Smartphone,7,3964.77,2765.18
4630,2025-02-13,North America,Canada,Smartphone,2,1988.98,1295.44
4631,2025-05-30,Asia,Singapore,Headphones,5,1090.22,557.46
4632,2025-06-25,Europe,Germany,Monitor,22,12277.28,8397.2
4633,2025-03-27,Asia,South Korea,Smartphone,23,17052.37,11024.4
4634,2025-10-25,North America,United States,Smartphone,1,777.55,444.02
4635,2026-04-05,Europe,Spain,Tablet,5,3134.31,2109.63
4636,2025-03-13,South America,Chile,Smartphone,16,14247.32,9243.39
4637,2025-08-03,South America,Argentina,Laptop,6,8548.23,6299.24
4638,2025-12-28,North America,United States,Laptop,1,1757.0,1320.56
4639,2025-02-03,Europe,Spain,Tablet,23,14321.17,8499.74
4640,2025-05-12,Asia,South Korea,Smartphone,7,6664.46,3945.75
4641,2026-03-05,Europe,Italy,Smartphone,5,2962.51,1736.4
4642,2026-06-26,Asia,India,Smartphone,22,13582.21,8322.84
4643,2025-10-09,Asia,South Korea,Tablet,26,10993.5,6370.77
4644,2026-03-22,Asia,Malaysia,Laptop,28,39372.05,30292.54
4645,2026-02-10,Asia,India,Monitor,27,17548.0,11901.12
4646,2026-01-30,South America,Chile,Tablet,1,449.24,312.62
4647,2025-09-18,North America,Canada,Tablet,3,2597.16,1574.45
4648,2026-03-23,South America,Argentina,Headphones,15,1217.35,739.82
4649,2025-10-22,North America,Mexico,Tablet,18,5696.67,3395.01
4650,2025-04-08,South America,Argentina,Tablet,5,3240.32,2009.61
4651,2025-06-24,Europe,Spain,Smartphone,10,4767.14,3038.51
4652,2025-11-22,Europe,Netherlands,Headphones,26,4943.78,2876.41
4653,2026-03-02,Europe,Netherlands,Smartphone,4,2655.67,1609.3
4654,2025-12-06,North America,United States,Smartphone,23,12192.66,8238.65
4655,2025-02-19,North America,Mexico,Headphones,7,2419.96,1425.41
4656,2025-11-08,Asia,Singapore,Tablet,24,8024.63,5447.96
4657,2025-11-10,South America,Argentina,Smartphone,11,10966.14,7547.09
4658,2026-01-08,Europe,Germany,Laptop,4,6858.54,5104.17
4659,2025-11-29,North America,Mexico,Monitor,27,7851.29,5191.68
4660,2025-07-01,South America,Brazil,Smartphone,3,3559.62,2221.98
4661,2025-01-20,Asia,India,Tablet,30,26349.14,18349.49
4662,2026-06-04,Europe,Netherlands,Headphones,16,1788.61,1171.57
4663,2025-03-11,North America,United States,Smartphone,20,23866.47,14444.69
4664,2025-12-03,North America,Mexico,Tablet,20,16551.38,9064.91
4665,2025-12-28,South America,Argentina,Tablet,15,8963.33,5855.16
4666,2025-04-01,Europe,Netherlands,Smartphone,26,19743.63,13322.73
4667,2025-08-17,Europe,Netherlands,Tablet,25,12470.37,7731.45
4668,2025-05-27,South America,Argentina,Tablet,25,20519.73,11648.92
4669,2026-02-03,Europe,Spain,Headphones,29,8966.64,6031.28
4670,2026-04-21,Europe,Germany,Tablet,22,18854.44,12416.42
4671,2025-04-30,Asia,Japan,Monitor,23,10599.41,7783.11
4672,2025-03-04,Europe,Spain,Smartphone,9,6901.25,4754.42
4673,2025-03-14,Asia,Malaysia,Headphones,29,6361.96,3829.96
4674,2025-08-21,Europe,Netherlands,Monitor,9,3556.87,2194.35
4675,2025-04-30,Asia,Malaysia,Headphones,25,6313.6,3742.59
4676,2025-05-10,South America,Brazil,Tablet,23,12336.47,6887.06
4677,2025-08-14,Asia,Malaysia,Monitor,24,11292.04,7825.92
4678,2025-12-28,Asia,Malaysia,Tablet,24,16455.0,11853.78
4679,2026-06-09,South America,Chile,Laptop,18,28313.43,18724.02
4680,2025-08-29,South America,Argentina,Smartphone,2,1938.82,1402.64
4681,2025-01-09,Europe,Italy,Smartphone,16,13918.53,9443.4
4682,2025-11-01,North America,Canada,Monitor,22,14307.21,9950.83
4683,2025-11-14,North America,United States,Laptop,15,18044.88,13622.08
4684,2025-06-24,South America,Brazil,Monitor,21,12297.44,8054.06
4685,2025-08-26,North America,Canada,Tablet,19,6944.03,4211.34
4686,2025-09-23,Asia,Singapore,Headphones,21,6894.15,3503.18
4687,2026-06-13,North America,Mexico,Headphones,24,2271.15,1423.66
4688,2026-03-16,North America,Mexico,Tablet,15,9066.45,5239.54
4689,2026-05-24,North America,Canada,Headphones,3,546.52,306.62
4690,2025-08-12,North America,Mexico,Laptop,16,26256.13,18929.3
4691,2025-02-28,South America,Chile,Laptop,26,38654.42,26847.63
4692,2026-02-02,Europe,Netherlands,Smartphone,11,10186.78,6954.59
4693,2025-01-03,South America,Chile,Headphones,7,1293.14,628.53
4694,2025-07-15,Asia,Malaysia,Tablet,10,3081.92,2199.61
4695,2026-02-23,North America,United States,Headphones,11,2905.89,1307.48
4696,2025-07-11,Asia,India,Smartphone,30,31712.68,22775.6
4697,2025-11-19,Asia,Japan,Monitor,8,2854.25,2047.51
4698,2025-12-05,Europe,United Kingdom,Headphones,15,1831.29,1074.37
4699,2025-02-24,Asia,Japan,Smartphone,8,4914.17,3282.5
4700,2025-10-27,South America,Chile,Tablet,29,9280.81,5487.88
4701,2026-01-01,North America,Canada,Tablet,23,13130.49,9297.27
4702,2025-06-02,Europe,Germany,Monitor,4,1740.53,1064.82
4703,2026-03-05,North America,Canada,Tablet,19,8824.68,5470.58
4704,2026-02-06,Europe,France,Laptop,18,24546.93,18860.57
4705,2025-04-06,Asia,South Korea,Laptop,27,32898.85,20882.42
4706,2026-02-19,Europe,France,Smartphone,28,14547.17,10714.69
4707,2025-08-31,Europe,United Kingdom,Monitor,10,3416.42,2354.57
4708,2025-12-28,Asia,India,Tablet,12,6261.96,4370.33
4709,2025-12-15,North America,United States,Smartphone,14,7977.16,4971.78
4710,2025-01-07,South America,Argentina,Monitor,25,11736.67,8548.07
4711,2025-11-16,Asia,Japan,Smartphone,16,11647.26,8709.66
4712,2025-03-05,North America,Mexico,Monitor,2,429.23,265.47
4713,2025-09-08,South America,Chile,Monitor,24,12728.27,9306.13
4714,2025-05-26,South America,Chile,Laptop,6,10481.68,6806.82
4715,2025-03-05,South America,Argentina,Tablet,22,6908.4,3921.98
4716,2025-02-08,South America,Chile,Monitor,1,658.84,402.38
4717,2025-12-15,Europe,France,Laptop,2,2014.41,1522.36
4718,2025-09-16,North America,Mexico,Laptop,15,18546.35,12724.65
4719,2025-06-17,Europe,Italy,Smartphone,24,11018.61,7535.06
4720,2025-09-01,Asia,Malaysia,Laptop,24,33510.45,24210.58
4721,2026-01-22,Asia,India,Laptop,28,31840.9,20186.57
4722,2025-03-29,Asia,Japan,Monitor,2,1265.89,954.02
4723,2025-05-09,Asia,Malaysia,Smartphone,21,16183.46,11486.62
4724,2025-07-06,South America,Brazil,Tablet,10,6722.66,4067.92
4725,2026-04-01,Asia,Malaysia,Smartphone,2,1440.37,884.55
4726,2026-06-15,Europe,Germany,Smartphone,14,16531.65,12374.68
4727,2025-10-26,North America,Canada,Monitor,12,5419.62,3478.56
4728,2025-10-05,South America,Argentina,Laptop,28,38300.31,28761.84
4729,2025-01-20,South America,Argentina,Monitor,5,2736.94,1754.74
4730,2025-12-17,Asia,Singapore,Monitor,7,2985.67,2043.76
4731,2025-09-14,South America,Argentina,Headphones,29,6519.56,2954.94
4732,2025-01-04,North America,Canada,Tablet,16,9293.79,6243.79
4733,2025-02-24,South America,Brazil,Smartphone,29,25863.86,17070.66
4734,2026-04-10,Asia,Malaysia,Tablet,5,2696.66,1538.23
4735,2025-05-20,Asia,South Korea,Laptop,23,33209.73,22928.82
4736,2025-05-03,South America,Brazil,Laptop,11,10954.63,7655.43
4737,2026-06-13,South America,Brazil,Tablet,13,9583.36,5918.95
4738,2026-06-12,Europe,France,Laptop,23,37704.59,30261.78
4739,2026-01-23,North America,Canada,Headphones,27,4840.4,2201.14
4740,2026-04-23,Asia,India,Smartphone,25,25235.04,15948.58
4741,2026-01-05,Asia,Singapore,Tablet,3,2409.22,1673.46
4742,2025-03-28,Europe,Spain,Headphones,22,3314.45,1506.53
4743,2026-03-27,Europe,Netherlands,Laptop,16,12818.79,9002.77
4744,2026-02-14,South America,Brazil,Tablet,6,1941.87,1222.31
4745,2025-04-16,Europe,Italy,Tablet,2,941.98,554.11
4746,2026-01-17,South America,Chile,Monitor,15,8245.41,5802.28
4747,2025-10-28,South America,Brazil,Laptop,11,19518.9,12387.76
4748,2025-01-01,Europe,Netherlands,Monitor,2,1215.24,825.66
4749,2026-01-06,Europe,Netherlands,Smartphone,1,697.78,421.3
4750,2025-10-23,South America,Brazil,Smartphone,23,21761.27,13233.03
4751,2025-03-25,Europe,Netherlands,Smartphone,20,22419.52,14691.67
4752,2026-04-30,North America,Mexico,Monitor,22,12021.01,8368.76
4753,2025-12-08,Asia,Malaysia,Monitor,11,5472.52,3993.6
4754,2026-04-08,North America,Canada,Smartphone,12,6252.94,4227.59
4755,2025-09-22,Asia,India,Tablet,3,1628.03,942.98
4756,2025-08-05,South America,Argentina,Laptop,26,41259.52,31197.4
4757,2025-04-06,Asia,Japan,Monitor,30,17714.65,12542.28
4758,2025-08-24,South America,Argentina,Monitor,24,11681.14,8472.79
4759,2026-04-04,South America,Chile,Laptop,24,35425.43,24099.07
4760,2025-01-05,North America,Canada,Monitor,25,6105.05,4379.24
4761,2025-11-05,Europe,United Kingdom,Headphones,10,2461.52,1329.04
4762,2026-06-06,Europe,United Kingdom,Tablet,19,12679.93,9099.58
4763,2025-08-05,North America,Mexico,Monitor,6,2049.72,1224.14
4764,2025-12-31,South America,Argentina,Tablet,11,3476.94,2277.13
4765,2026-03-24,Asia,Japan,Tablet,12,9106.94,5591.18
4766,2026-03-28,Europe,Germany,Laptop,3,4474.42,2814.77
4767,2026-06-15,North America,Mexico,Laptop,18,18905.14,13581.23
4768,2026-06-08,North America,Mexico,Smartphone,27,14384.41,8757.83
4769,2026-02-26,Europe,Spain,Smartphone,2,2109.97,1377.04
4770,2025-07-23,North America,Mexico,Headphones,1,316.95,142.36
4771,2025-06-09,Asia,South Korea,Tablet,5,2538.5,1839.21
4772,2026-05-23,Asia,India,Tablet,28,13975.62,9125.11
4773,2025-06-17,South America,Chile,Laptop,23,32424.43,25127.04
4774,2025-10-16,South America,Chile,Tablet,20,14746.13,8812.39
4775,2025-11-09,South America,Brazil,Tablet,6,3901.95,2766.6
4776,2025-04-17,South America,Chile,Headphones,30,4441.77,2483.49
4777,2025-07-04,Europe,United Kingdom,Monitor,3,1287.02,874.97
4778,2025-02-18,North America,Canada,Smartphone,20,21314.88,12766.52
4779,2026-04-02,South America,Chile,Headphones,17,4339.15,2406.71
4780,2026-06-22,South America,Argentina,Tablet,10,4672.68,2977.26
4781,2026-04-08,North America,United States,Smartphone,9,3630.75,2602.85
4782,2025-05-20,Asia,South Korea,Laptop,23,25950.74,18848.82
4783,2025-07-06,South America,Argentina,Laptop,23,31772.82,20976.0
4784,2025-09-13,Europe,Germany,Smartphone,27,16822.08,12387.66
4785,2025-10-21,North America,Canada,Headphones,8,1551.37,963.89
4786,2025-12-24,South America,Brazil,Laptop,12,14515.07,10864.98
4787,2025-05-20,Asia,Japan,Laptop,26,32898.68,24185.7
4788,2025-12-10,North America,Mexico,Laptop,28,31250.04,20222.85
4789,2026-01-23,Europe,France,Smartphone,15,13627.99,8557.31
4790,2025-09-12,Europe,France,Monitor,22,6338.87,4700.86
4791,2026-05-19,Europe,Spain,Monitor,21,11011.35,7988.55
4792,2026-04-13,North America,Canada,Smartphone,28,12602.85,8809.86
4793,2025-05-14,Europe,France,Headphones,23,1929.03,1109.66
4794,2025-07-10,South America,Chile,Laptop,29,34657.69,21917.94
4795,2025-11-02,North America,Mexico,Headphones,11,2405.39,1266.78
4796,2025-12-29,South America,Argentina,Tablet,3,1841.19,1021.65
4797,2026-06-19,Asia,Singapore,Smartphone,3,3451.54,2541.64
4798,2026-06-20,South America,Argentina,Headphones,2,652.12,340.86
4799,2025-10-07,South America,Chile,Headphones,17,4853.82,2380.26
4800,2026-05-29,Asia,Malaysia,Tablet,15,12450.85,7667.46
4801,2025-02-15,Asia,India,Smartphone,27,25369.45,18274.09
4802,2026-04-17,Europe,Netherlands,Smartphone,7,6976.44,5629.11
4803,2025-08-01,South America,Argentina,Headphones,14,4825.02,2311.95
4804,2026-03-30,South America,Chile,Monitor,5,2068.69,1420.47
4805,2025-12-13,Asia,South Korea,Smartphone,17,13093.65,8518.66
4806,2025-01-30,Asia,Japan,Laptop,17,30497.0,21570.49
4807,2025-08-20,North America,Canada,Laptop,24,19374.08,12382.35
4808,2025-08-22,Asia,Singapore,Tablet,27,22195.39,15284.79
4809,2026-01-13,South America,Brazil,Tablet,29,16099.92,9382.86
4810,2025-05-13,South America,Argentina,Laptop,2,2109.38,1379.69
4811,2026-06-28,North America,Mexico,Headphones,16,2223.16,1459.61
4812,2026-04-19,Asia,Japan,Smartphone,18,12159.23,8972.48
4813,2026-04-04,Europe,United Kingdom,Smartphone,26,15695.13,12275.61
4814,2025-06-06,North America,Canada,Tablet,10,8449.45,5311.37
4815,2025-08-17,South America,Argentina,Laptop,10,9042.61,6207.67
4816,2025-03-12,North America,Mexico,Monitor,21,12435.59,7905.04
4817,2026-04-17,Asia,Malaysia,Monitor,27,16021.41,12012.86
4818,2026-01-25,Europe,United Kingdom,Tablet,17,11946.27,8393.71
4819,2026-03-18,South America,Chile,Smartphone,7,3849.51,2342.54
4820,2025-03-14,Asia,Singapore,Headphones,20,3383.59,1972.54
4821,2026-03-25,Europe,Germany,Monitor,29,8144.37,5769.33
4822,2025-09-26,North America,Mexico,Headphones,22,6760.7,4465.74
4823,2026-03-08,North America,United States,Monitor,14,2968.21,2014.89
4824,2025-11-27,Asia,India,Laptop,5,8720.27,5559.63
4825,2025-09-08,Europe,Netherlands,Laptop,8,12170.73,8528.38
4826,2025-04-04,South America,Brazil,Headphones,8,1175.14,643.49
4827,2025-02-24,North America,Mexico,Laptop,2,2681.68,1643.08
4828,2025-04-30,North America,United States,Smartphone,15,9362.44,6547.14
4829,2025-11-30,South America,Argentina,Laptop,5,7179.44,4968.0
4830,2025-06-19,South America,Brazil,Tablet,30,15857.49,10361.06
4831,2026-01-12,South America,Chile,Headphones,22,7093.97,3768.98
4832,2026-05-22,North America,Mexico,Tablet,20,12840.51,9064.94
4833,2025-01-27,North America,Canada,Smartphone,23,20777.16,12288.46
4834,2025-03-26,South America,Brazil,Tablet,17,8818.41,6184.49
4835,2025-10-21,Europe,Spain,Smartphone,20,13519.58,8188.44
4836,2025-11-17,Asia,Singapore,Smartphone,26,29806.99,22080.56
4837,2026-06-27,Asia,India,Monitor,21,7490.02,5615.92
4838,2025-07-09,Europe,United Kingdom,Tablet,16,7635.8,4583.73
4839,2025-06-02,Europe,France,Laptop,26,41777.66,26807.93
4840,2026-01-30,North America,Canada,Smartphone,1,810.31,562.31
4841,2025-05-25,North America,United States,Smartphone,27,26541.69,18030.1
4842,2025-09-05,Asia,India,Smartphone,24,28646.72,20926.1
4843,2025-10-20,Europe,Netherlands,Smartphone,19,10644.18,7489.93
4844,2025-08-28,North America,Mexico,Laptop,19,19959.78,12737.62
4845,2025-04-01,Europe,United Kingdom,Smartphone,12,9390.67,5922.86
4846,2025-03-04,Europe,United Kingdom,Monitor,20,13130.98,8064.61
4847,2025-08-31,Asia,Singapore,Tablet,14,4268.55,2792.18
4848,2025-03-31,Europe,France,Tablet,24,21070.55,15089.82
4849,2025-09-26,North America,Canada,Laptop,7,7100.37,5202.74
4850,2026-03-19,Asia,South Korea,Monitor,18,7344.1,4698.04
4851,2025-09-02,North America,United States,Laptop,25,22912.43,14071.61
4852,2025-06-19,Europe,Netherlands,Smartphone,17,7936.73,4887.49
4853,2025-04-05,North America,Mexico,Tablet,18,5771.19,3722.83
4854,2025-02-21,Europe,Spain,Monitor,22,8933.85,6517.52
4855,2025-06-11,Asia,India,Headphones,4,1050.19,692.95
4856,2025-02-06,Asia,India,Smartphone,7,4597.23,3421.61
4857,2025-07-31,Europe,Italy,Smartphone,8,8066.4,5815.56
4858,2026-02-13,South America,Brazil,Tablet,30,21807.45,14573.51
4859,2025-03-12,South America,Brazil,Laptop,28,40745.45,29765.57
4860,2025-04-05,Europe,Spain,Monitor,10,2178.82,1590.76
4861,2025-01-31,Europe,France,Smartphone,26,13704.87,9622.89
4862,2025-09-12,North America,Canada,Headphones,12,2352.74,1553.69
4863,2025-03-20,North America,Mexico,Monitor,25,9885.51,5924.24
4864,2026-05-23,South America,Argentina,Smartphone,12,11591.87,7934.44
4865,2025-06-05,Asia,India,Monitor,25,14329.83,9010.99
4866,2025-01-27,Asia,South Korea,Headphones,24,2417.85,1474.97
4867,2025-02-26,North America,Mexico,Monitor,28,19194.62,14255.02
4868,2026-01-24,Asia,India,Monitor,13,8252.7,5064.13
4869,2025-12-20,North America,Canada,Headphones,28,8569.97,4553.12
4870,2025-09-09,Asia,Japan,Smartphone,23,17686.31,10517.77
4871,2025-04-21,North America,Mexico,Laptop,26,21487.13,14810.57
4872,2025-03-09,North America,Mexico,Laptop,18,21975.41,14282.78
4873,2025-08-10,North America,United States,Laptop,26,40368.54,26805.65
4874,2026-05-18,North America,Canada,Headphones,23,5107.28,2473.56
4875,2025-06-25,Asia,South Korea,Tablet,20,14786.5,10393.79
4876,2026-05-20,Asia,Japan,Headphones,28,8963.43,6006.1
4877,2025-05-25,North America,Mexico,Tablet,24,11150.61,6621.03
4878,2025-04-26,Asia,Malaysia,Laptop,29,39907.14,27828.56
4879,2025-01-25,Asia,Singapore,Headphones,28,3488.1,2207.02
4880,2026-03-15,South America,Chile,Headphones,30,4070.15,2496.63
4881,2025-07-20,South America,Chile,Smartphone,5,5811.39,3865.17
4882,2025-02-03,North America,Mexico,Smartphone,14,8459.77,5314.89
4883,2025-11-15,South America,Argentina,Tablet,17,9493.42,5995.41
4884,2025-09-30,Europe,Italy,Smartphone,16,16214.07,9742.11
4885,2026-02-14,Asia,India,Monitor,11,4098.64,2610.77
4886,2026-03-29,South America,Argentina,Laptop,4,4240.59,2977.5
4887,2025-01-05,Europe,Germany,Tablet,9,7015.97,4299.93
4888,2025-07-02,Europe,Netherlands,Tablet,23,9855.63,6056.0
4889,2025-03-12,Europe,Italy,Headphones,13,1455.1,757.51
4890,2025-02-01,Asia,South Korea,Laptop,3,3949.19,2593.12
4891,2025-01-23,North America,Canada,Tablet,23,15602.18,9430.65
4892,2025-12-26,North America,United States,Monitor,17,11643.1,7576.91
4893,2025-09-19,Asia,South Korea,Monitor,3,2082.96,1539.54
4894,2025-07-23,North America,Mexico,Tablet,21,14943.42,8782.81
4895,2025-12-13,North America,Mexico,Monitor,26,10711.89,6335.21
4896,2025-01-08,Europe,Germany,Headphones,14,3552.54,1711.13
4897,2026-05-24,Asia,Japan,Headphones,13,3847.51,2187.17
4898,2025-10-01,Asia,India,Monitor,24,15267.44,9820.41
4899,2026-06-28,Asia,Malaysia,Tablet,22,16976.57,9666.63
4900,2025-11-29,South America,Brazil,Headphones,7,1048.83,660.35
4901,2025-03-29,South America,Chile,Tablet,2,1252.31,703.6
4902,2026-02-26,North America,United States,Smartphone,9,9476.97,6354.67
4903,2025-10-06,Asia,South Korea,Monitor,2,415.6,281.44
4904,2026-05-14,North America,Mexico,Headphones,11,3482.53,1631.73
4905,2025-07-05,North America,Canada,Tablet,20,14986.16,9182.27
4906,2025-12-04,North America,United States,Laptop,24,37237.75,25550.93
4907,2025-12-29,South America,Brazil,Monitor,11,3127.06,1880.11
4908,2025-01-13,Europe,Italy,Laptop,21,37649.33,24575.64
4909,2025-11-10,South America,Chile,Tablet,23,17267.41,11214.54
4910,2025-08-28,North America,Mexico,Laptop,27,32651.08,21029.17
4911,2025-08-22,Asia,South Korea,Tablet,30,22181.09,14706.66
4912,2025-04-04,Europe,Germany,Laptop,15,12191.39,8643.57
4913,2025-04-16,Asia,Malaysia,Tablet,21,14567.03,9268.13
4914,2025-03-18,Asia,India,Tablet,28,25184.44,18155.53
4915,2025-11-05,North America,United States,Tablet,6,4051.85,2801.75
4916,2025-09-09,North America,Mexico,Tablet,25,9746.27,6913.98
4917,2025-07-26,Asia,South Korea,Smartphone,22,18213.8,12121.28
4918,2026-01-03,South America,Chile,Monitor,19,13238.69,8207.34
4919,2025-08-02,Europe,France,Monitor,29,10522.82,6774.87
4920,2026-04-13,South America,Brazil,Laptop,11,14494.18,9287.62
4921,2025-03-08,South America,Brazil,Headphones,26,6253.51,2919.05
4922,2025-01-03,South America,Chile,Headphones,4,445.27,243.03
4923,2025-03-19,North America,Canada,Tablet,9,4761.85,3097.29
4924,2025-04-16,Asia,India,Headphones,15,2671.13,1415.13
4925,2025-11-06,South America,Brazil,Headphones,30,6827.62,4095.57
4926,2025-12-11,Asia,Japan,Monitor,24,12829.26,9817.96
4927,2026-05-23,South America,Brazil,Laptop,16,21765.08,16584.49
4928,2025-05-31,North America,United States,Smartphone,11,12596.51,7496.08
4929,2025-02-01,Asia,Japan,Monitor,16,7774.01,5470.48
4930,2026-02-23,South America,Argentina,Laptop,5,6705.71,4544.42
4931,2025-07-28,Asia,Malaysia,Tablet,15,5068.6,3103.32
4932,2026-06-27,Asia,India,Laptop,27,21974.54,16244.87
4933,2026-04-29,Europe,Netherlands,Headphones,27,9332.3,5905.61
4934,2025-09-09,South America,Chile,Laptop,17,24335.73,18015.51
4935,2026-03-03,South America,Chile,Smartphone,6,2575.61,1823.75
4936,2025-02-05,Asia,Singapore,Headphones,9,2163.1,1329.55
4937,2026-03-22,South America,Chile,Tablet,18,10154.79,6291.83
4938,2025-06-30,South America,Argentina,Laptop,28,35693.61,23765.65
4939,2025-10-03,North America,Canada,Tablet,15,5699.09,3533.73
4940,2026-01-05,North America,United States,Headphones,17,2095.13,971.47
4941,2025-10-05,South America,Argentina,Headphones,12,971.32,642.5
4942,2025-02-11,Asia,Singapore,Tablet,25,9485.65,5552.5
4943,2025-07-10,South America,Brazil,Monitor,20,13916.95,8852.89
4944,2025-08-10,Asia,South Korea,Tablet,12,4837.18,3470.62
4945,2026-03-30,Asia,Japan,Laptop,20,34210.41,25706.72
4946,2026-04-18,North America,United States,Monitor,8,2940.05,1938.16
4947,2025-12-18,Asia,Japan,Tablet,15,8097.41,5193.42
4948,2025-05-06,Asia,Singapore,Headphones,7,1471.33,890.98
4949,2025-01-26,Europe,Netherlands,Tablet,27,21680.19,12697.87
4950,2026-02-22,Asia,Japan,Smartphone,16,11961.29,7472.65
4951,2025-09-22,Asia,Japan,Headphones,12,3218.77,1598.6
4952,2026-06-17,Asia,South Korea,Smartphone,29,29847.34,21692.38
4953,2025-08-13,South America,Chile,Smartphone,6,4017.69,2702.93
4954,2025-04-15,Europe,France,Smartphone,23,17876.25,12561.49
4955,2025-02-24,Europe,Spain,Headphones,10,1184.95,589.81
4956,2025-02-04,Asia,South Korea,Laptop,9,8977.62,5990.91
4957,2025-07-21,Europe,Netherlands,Headphones,29,8667.76,4320.23
4958,2025-10-15,North America,Canada,Laptop,5,5800.24,3989.97
4959,2025-01-13,North America,Canada,Smartphone,15,7212.33,4715.44
4960,2026-01-16,Europe,Italy,Monitor,19,10057.89,6904.3
4961,2026-01-31,North America,Canada,Tablet,10,4814.71,3280.94
4962,2025-05-28,Europe,United Kingdom,Monitor,22,12064.01,8766.29
4963,2026-04-20,Asia,South Korea,Tablet,1,493.93,336.49
4964,2026-04-07,Asia,Malaysia,Monitor,17,7899.22,5598.0
4965,2025-09-27,Asia,Malaysia,Headphones,7,1761.4,1042.04
4966,2025-08-15,South America,Chile,Headphones,15,4900.51,2968.22
4967,2026-06-15,Asia,Japan,Laptop,23,26962.77,18013.39
4968,2025-04-07,North America,Mexico,Monitor,12,7187.21,5136.7
4969,2025-01-31,Asia,Singapore,Laptop,13,16066.85,12376.49
4970,2026-06-21,South America,Chile,Laptop,13,18801.02,12327.92
4971,2025-11-01,South America,Argentina,Monitor,3,1906.25,1396.54
4972,2026-06-29,South America,Brazil,Smartphone,18,15603.48,10857.92
4973,2025-04-02,Europe,France,Headphones,11,1430.04,691.75
4974,2026-04-26,South America,Brazil,Smartphone,4,2640.81,1770.82
4975,2026-02-15,Asia,South Korea,Tablet,7,4505.6,3278.2
4976,2025-08-22,North America,Mexico,Tablet,30,19736.54,10681.97
4977,2025-12-23,North America,Mexico,Tablet,14,7243.27,4870.22
4978,2026-01-12,Asia,India,Monitor,2,913.55,589.01
4979,2025-02-24,Asia,India,Laptop,22,20822.37,15805.56
4980,2026-04-24,Asia,South Korea,Monitor,8,4331.59,3316.59
4981,2025-12-26,South America,Chile,Monitor,7,3919.36,2870.12
4982,2025-06-24,Asia,Singapore,Headphones,15,2285.0,1163.48
4983,2025-03-08,South America,Chile,Monitor,1,598.47,414.65
4984,2025-02-04,Europe,United Kingdom,Headphones,17,3337.33,2054.46
4985,2025-01-24,South America,Brazil,Smartphone,14,9066.87,6599.19
4986,2026-04-04,Asia,South Korea,Headphones,12,2949.48,1784.21
4987,2025-10-14,Europe,Italy,Monitor,26,5957.63,4352.5
4988,2025-01-24,Asia,South Korea,Laptop,30,36445.01,28297.61
4989,2026-01-10,Europe,Germany,Tablet,12,9008.84,6202.44
4990,2025-10-06,South America,Argentina,Headphones,27,4348.07,2870.85
4991,2025-08-07,Asia,Malaysia,Monitor,25,11863.78,7345.03
4992,2025-11-30,Asia,Malaysia,Headphones,1,257.98,141.75
4993,2025-12-20,Europe,Spain,Smartphone,15,12507.84,9043.53
4994,2026-04-06,South America,Brazil,Headphones,17,5593.65,3211.54
4995,2025-08-31,South America,Argentina,Smartphone,27,16502.9,9686.27
4996,2026-02-17,North America,Mexico,Smartphone,17,7351.84,4376.1
4997,2025-11-28,Europe,France,Smartphone,2,1618.41,1086.44
4998,2026-02-04,North America,Canada,Headphones,21,2617.82,1711.99
4999,2025-11-02,Asia,Singapore,Tablet,17,9238.14,5691.58
5000,2025-04-25,Asia,India,Tablet,13,4151.11,2490.55
5001,2026-04-08,Europe,Germany,Headphones,18,1658.73,1005.07
5002,2025-11-14,South America,Chile,Tablet,13,7231.9,5089.82
5003,2025-03-02,Asia,South Korea,Monitor,9,3785.83,2587.73
5004,2025-05-06,Europe,Italy,Laptop,6,5864.52,4398.38
5005,2025-02-15,Asia,Malaysia,Monitor,23,8199.61,5462.45
5006,2026-02-23,Europe,Netherlands,Headphones,29,7322.04,3366.33
5007,2025-11-06,Europe,United Kingdom,Headphones,20,2796.7,1397.89
5008,2025-05-15,South America,Chile,Monitor,1,250.21,159.07
5009,2025-11-18,North America,Mexico,Laptop,25,41565.17,26467.71
5010,2025-12-13,South America,Brazil,Headphones,1,108.6,70.75
5011,2025-02-01,Europe,France,Tablet,26,13319.6,8380.28
5012,2025-04-05,North America,Mexico,Laptop,13,20119.76,14378.63
5013,2025-04-03,North America,Mexico,Headphones,25,5904.19,2855.44
5014,2026-02-15,North America,United States,Tablet,11,4097.37,2278.68
5015,2025-08-16,South America,Chile,Monitor,3,1352.5,983.53
5016,2026-05-20,Europe,Italy,Laptop,18,14606.43,10951.76
5017,2025-06-01,Asia,Japan,Headphones,30,8194.65,5242.32
5018,2026-01-10,Europe,Italy,Laptop,20,24451.29,15761.1
5019,2025-08-14,Asia,Japan,Laptop,25,24867.83,17960.49
5020,2025-06-17,Asia,India,Headphones,28,9361.61,5967.88
5021,2025-09-29,Europe,Netherlands,Laptop,27,27356.33,20781.1
5022,2025-03-16,South America,Argentina,Tablet,17,10767.85,6627.72
5023,2026-04-05,North America,Mexico,Laptop,13,15592.54,9681.83
5024,2025-07-05,South America,Chile,Smartphone,24,10230.24,6309.28
5025,2025-03-02,South America,Chile,Tablet,3,1672.79,1059.49
5026,2025-04-06,Asia,India,Laptop,18,22169.19,16915.85
5027,2025-03-06,Europe,Germany,Smartphone,28,26167.11,17877.66
5028,2025-08-24,Asia,Japan,Laptop,6,6747.28,4880.94
5029,2026-06-05,South America,Chile,Smartphone,2,1486.71,898.12
5030,2025-04-28,North America,Mexico,Tablet,20,11165.7,7278.67
5031,2026-06-02,Europe,Germany,Headphones,23,4242.67,2353.75
5032,2026-02-19,Europe,United Kingdom,Tablet,1,506.27,286.11
5033,2025-05-25,Europe,France,Monitor,1,459.43,305.43
5034,2025-10-08,Europe,Netherlands,Headphones,25,2089.97,1063.12
5035,2026-02-21,Europe,Spain,Laptop,23,32457.25,24833.88
5036,2025-09-20,Europe,Spain,Smartphone,9,6658.94,4209.17
5037,2025-10-15,North America,United States,Monitor,1,495.31,356.55
5038,2025-12-07,Europe,Italy,Smartphone,23,26581.83,16532.94
5039,2026-02-12,South America,Chile,Headphones,8,2118.0,1263.74
5040,2025-12-23,Europe,Italy,Tablet,5,3325.17,1983.83
5041,2025-11-09,Asia,Malaysia,Laptop,10,14202.98,9980.27
5042,2026-03-30,South America,Brazil,Tablet,28,11600.98,7881.55
5043,2025-10-22,South America,Argentina,Monitor,20,4855.75,3380.05
5044,2025-12-20,Asia,India,Laptop,13,22596.01,17732.24
5045,2026-05-23,Asia,Malaysia,Monitor,4,1738.83,1142.34
5046,2026-01-20,North America,Mexico,Laptop,5,8830.44,6745.65
5047,2026-02-01,Asia,Malaysia,Monitor,13,3151.22,2304.7
5048,2026-02-01,Asia,Malaysia,Monitor,14,2855.15,1828.27
5049,2026-06-19,Asia,Singapore,Monitor,29,13751.68,10407.25
5050,2026-02-27,South America,Chile,Laptop,4,4783.34,3255.33
5051,2026-05-25,South America,Chile,Tablet,2,789.76,554.78
5052,2026-05-25,Asia,Japan,Laptop,23,39969.67,27241.98
5053,2025-10-08,Asia,Japan,Tablet,5,2524.71,1732.64
5054,2025-02-04,Europe,Spain,Tablet,24,19251.61,13329.94
5055,2025-11-13,South America,Brazil,Monitor,6,1524.0,1147.46
5056,2025-02-27,North America,United States,Laptop,21,24359.59,17712.93
5057,2025-08-22,North America,United States,Laptop,7,10632.94,7362.31
5058,2026-01-16,South America,Brazil,Tablet,20,17528.16,11498.91
5059,2025-10-23,Asia,Japan,Smartphone,5,4902.41,3450.2
5060,2025-01-07,Europe,France,Headphones,9,2946.89,1928.73
5061,2025-08-20,Europe,United Kingdom,Laptop,9,14959.08,11207.21
5062,2026-05-13,Asia,Singapore,Smartphone,22,23633.81,15704.48
5063,2026-05-09,Asia,Singapore,Laptop,25,23714.69,18461.3
5064,2026-03-14,Asia,Japan,Laptop,7,9044.6,7058.88
5065,2026-06-14,Europe,Spain,Laptop,21,17125.34,12104.56
5066,2026-01-28,Asia,Singapore,Smartphone,14,9450.6,6276.2
5067,2026-03-22,Asia,Singapore,Tablet,17,9929.41,7201.89
5068,2025-12-22,Asia,South Korea,Smartphone,25,24045.43,16119.17
5069,2026-06-30,Asia,Japan,Monitor,27,13857.29,9150.4
5070,2025-10-30,Asia,Japan,Tablet,7,3473.13,1984.87
5071,2026-04-23,Asia,Malaysia,Laptop,11,9306.69,6234.78
5072,2025-12-11,North America,United States,Headphones,24,5336.69,2975.1
5073,2026-04-29,Asia,India,Tablet,15,8070.39,5116.43
5074,2026-01-23,Europe,Spain,Smartphone,18,15062.14,9929.31
5075,2025-11-25,South America,Brazil,Smartphone,2,1801.23,1135.04
5076,2025-03-15,Asia,South Korea,Headphones,12,2917.53,1411.0
5077,2025-05-20,South America,Brazil,Laptop,22,32006.47,22306.03
5078,2025-10-30,Europe,United Kingdom,Tablet,8,2418.2,1666.72
5079,2025-01-16,South America,Brazil,Tablet,30,14150.81,8125.35
5080,2026-01-27,North America,Canada,Monitor,10,3356.1,2090.04
5081,2025-03-12,South America,Brazil,Laptop,22,36328.45,23841.82
5082,2025-09-06,North America,Mexico,Monitor,6,3066.66,2222.47
5083,2026-04-24,Europe,Germany,Laptop,25,21142.7,15496.83
5084,2025-11-06,Asia,Singapore,Tablet,20,13195.8,8206.87
5085,2025-12-31,South America,Chile,Laptop,24,31936.39,22389.14
5086,2026-05-03,South America,Brazil,Smartphone,4,2772.34,1870.0
5087,2026-05-27,North America,United States,Monitor,14,9643.41,6028.43
5088,2025-05-11,South America,Argentina,Headphones,28,2580.47,1707.14
5089,2025-08-08,Europe,France,Smartphone,6,3499.74,2366.99
5090,2025-09-28,Europe,Italy,Laptop,10,12504.69,9124.95
5091,2025-11-16,Asia,South Korea,Headphones,15,2454.1,1395.08
5092,2026-05-24,North America,United States,Monitor,1,310.59,202.38
5093,2025-12-28,South America,Brazil,Laptop,22,38873.54,26450.34
5094,2025-05-23,Asia,Malaysia,Smartphone,4,4369.46,2704.51
5095,2025-05-11,Europe,Spain,Smartphone,28,30383.32,19641.42
5096,2025-06-18,South America,Chile,Tablet,25,14105.46,8781.11
5097,2025-08-09,Asia,Japan,Laptop,30,32980.93,24890.04
5098,2026-03-18,Asia,India,Monitor,13,6890.86,4641.24
5099,2025-10-07,North America,United States,Laptop,6,6014.31,4297.52
5100,2025-09-28,Asia,Singapore,Headphones,26,7183.57,4259.89
5101,2025-04-04,Europe,Spain,Tablet,28,21812.07,13299.96
5102,2025-06-07,North America,United States,Laptop,1,1672.92,1221.06
5103,2026-04-24,Europe,Italy,Laptop,10,13591.11,11092.17
5104,2025-08-19,South America,Argentina,Headphones,4,409.82,223.14
5105,2025-12-13,North America,Canada,Headphones,26,6470.48,3401.03
5106,2025-09-22,Asia,India,Headphones,8,1719.22,1089.27
5107,2025-04-17,Asia,South Korea,Smartphone,30,28544.34,18377.78
5108,2026-05-24,Asia,South Korea,Monitor,15,6207.52,4275.61
5109,2026-05-15,North America,Mexico,Smartphone,12,12367.8,7890.95
5110,2025-08-02,North America,United States,Monitor,9,6292.89,3786.28
5111,2025-12-21,Asia,Malaysia,Laptop,18,26142.43,19813.65
5112,2025-07-03,South America,Argentina,Smartphone,7,3922.71,2656.1
5113,2026-05-17,South America,Brazil,Tablet,28,8863.15,5016.33
5114,2025-03-25,Asia,Malaysia,Laptop,11,12187.43,9563.75
5115,2025-11-12,North America,United States,Smartphone,14,16484.38,10713.24
5116,2025-06-10,Europe,United Kingdom,Headphones,20,1668.94,752.0
5117,2026-06-22,South America,Brazil,Monitor,25,15240.91,11152.23
5118,2026-04-17,Europe,United Kingdom,Headphones,19,6422.84,3910.25
5119,2026-05-08,Asia,Malaysia,Laptop,13,16304.46,12720.37
5120,2026-01-26,South America,Chile,Smartphone,13,9901.74,7292.13
5121,2026-02-08,Europe,Germany,Smartphone,25,13873.43,8448.82
5122,2025-11-09,Asia,Japan,Laptop,12,15707.01,10867.88
5123,2026-03-26,Asia,Singapore,Tablet,20,17810.15,10287.23
5124,2026-01-08,North America,Mexico,Monitor,20,5954.69,4245.19
5125,2026-05-16,South America,Brazil,Laptop,4,5925.16,3965.83
5126,2025-04-09,South America,Chile,Monitor,7,3588.73,2258.25
5127,2026-02-28,Europe,Spain,Monitor,17,6292.82,4287.56
5128,2026-03-07,Europe,Germany,Headphones,11,2880.44,1610.41
5129,2025-12-22,South America,Argentina,Headphones,10,3039.05,2030.83
5130,2025-07-19,South America,Argentina,Tablet,29,17333.61,10029.17
5131,2025-07-25,Asia,South Korea,Monitor,27,12052.73,8170.39
5132,2025-12-26,South America,Argentina,Tablet,17,9633.39,6512.56
5133,2026-01-30,North America,Mexico,Tablet,15,11201.23,6712.99
5134,2025-09-02,North America,Canada,Tablet,28,13771.23,7520.93
5135,2025-05-13,North America,United States,Tablet,8,4524.88,2573.94
5136,2025-01-06,North America,Mexico,Headphones,20,3751.16,2408.45
5137,2025-09-22,North America,United States,Smartphone,15,15656.75,9799.62
5138,2025-02-03,South America,Chile,Laptop,12,12354.86,8086.83
5139,2026-01-16,South America,Chile,Smartphone,6,5863.75,3514.37
5140,2026-02-21,South America,Argentina,Headphones,2,536.18,275.4
5141,2025-01-30,South America,Brazil,Monitor,7,1593.77,1161.01
5142,2025-10-09,Europe,United Kingdom,Laptop,24,40317.87,26406.1
5143,2025-09-21,Europe,United Kingdom,Laptop,2,3204.33,2437.6
5144,2026-02-22,North America,Mexico,Smartphone,28,23138.37,15527.29
5145,2026-03-19,Asia,Japan,Tablet,30,16102.23,9786.81
5146,2026-03-14,North America,Mexico,Monitor,28,11646.37,6940.94
5147,2025-08-12,Asia,South Korea,Smartphone,27,27729.87,19108.46
5148,2025-09-28,Europe,United Kingdom,Headphones,5,1456.46,892.81
5149,2025-10-18,Europe,Germany,Laptop,1,979.04,683.64
5150,2025-02-15,South America,Chile,Laptop,22,36824.75,24763.31
5151,2026-02-06,North America,Mexico,Tablet,19,15745.14,9775.87
5152,2026-04-26,Asia,Malaysia,Smartphone,8,8723.47,5177.17
5153,2025-03-31,North America,Canada,Smartphone,29,19057.22,13491.63
5154,2026-01-16,North America,Mexico,Monitor,17,8415.36,6116.3
5155,2025-01-24,North America,Mexico,Smartphone,14,5955.09,4119.04
5156,2025-01-30,South America,Chile,Monitor,11,4579.92,3092.69
5157,2026-05-08,Europe,Netherlands,Headphones,22,7357.46,5492.57
5158,2025-07-06,Asia,South Korea,Laptop,28,28515.8,18465.86
5159,2025-07-12,South America,Argentina,Tablet,12,7907.2,5139.7
5160,2025-11-01,Europe,Netherlands,Smartphone,30,33921.01,22378.26
5161,2026-05-28,South America,Brazil,Tablet,30,21481.62,14657.88
5162,2025-01-12,South America,Chile,Laptop,25,21121.75,15808.01
5163,2026-02-19,North America,United States,Laptop,27,33137.53,20430.37
5164,2025-02-06,South America,Chile,Smartphone,25,20756.84,14182.69
5165,2026-03-28,North America,Mexico,Smartphone,26,10621.1,6486.19
5166,2025-12-26,South America,Brazil,Monitor,30,18991.04,13399.88
5167,2025-01-08,North America,Canada,Headphones,5,1046.93,584.44
5168,2025-01-11,Asia,India,Monitor,18,11422.21,7892.38
5169,2026-02-04,North America,United States,Laptop,14,18094.27,12540.8
5170,2026-05-30,North America,Canada,Tablet,29,9424.64,5989.69
5171,2025-11-20,Asia,India,Smartphone,6,7064.25,4205.97
5172,2026-01-16,South America,Brazil,Tablet,5,2769.98,1817.79
5173,2025-02-25,Europe,Netherlands,Tablet,6,2544.2,1793.8
5174,2025-02-08,Asia,Malaysia,Headphones,22,5457.36,2988.73
5175,2025-08-13,Europe,Spain,Smartphone,30,17901.3,12816.44
5176,2026-02-14,North America,Canada,Laptop,8,6634.81,4681.25
5177,2025-05-01,North America,Canada,Laptop,26,25480.01,17430.01
5178,2025-06-17,Europe,Germany,Smartphone,28,33032.92,22379.18
5179,2025-08-09,Europe,Spain,Tablet,1,313.19,179.07
5180,2025-03-22,Asia,India,Monitor,30,13757.68,10170.22
5181,2025-02-26,North America,Mexico,Laptop,26,38821.07,27200.31
5182,2025-02-27,North America,Canada,Headphones,10,2713.8,1329.84
5183,2026-06-13,North America,Canada,Monitor,20,8470.71,5274.98
5184,2026-06-23,Asia,Singapore,Tablet,21,14866.85,8923.67
5185,2025-04-18,North America,United States,Headphones,6,1267.35,808.19
5186,2025-07-12,Asia,South Korea,Tablet,28,10609.27,6581.52
5187,2025-04-11,North America,United States,Tablet,12,8254.95,5419.75
5188,2026-06-25,Europe,United Kingdom,Tablet,19,6167.61,3941.83
5189,2026-06-10,Europe,Spain,Monitor,24,13520.64,10990.8
5190,2025-12-03,North America,Canada,Headphones,15,2770.11,1649.04
5191,2025-12-13,Europe,Netherlands,Tablet,17,10754.95,6985.17
5192,2025-04-28,North America,Mexico,Laptop,17,23325.85,16671.1
5193,2025-10-23,South America,Chile,Tablet,2,884.79,536.64
5194,2026-03-31,South America,Chile,Tablet,12,9243.75,6029.02
5195,2025-08-04,North America,Canada,Headphones,17,1717.12,780.02
5196,2025-05-18,Asia,South Korea,Monitor,25,9121.69,6216.66
5197,2026-04-08,South America,Argentina,Tablet,12,7735.85,4491.33
5198,2025-10-18,Europe,France,Smartphone,17,12884.33,9228.33
5199,2025-09-12,South America,Chile,Monitor,20,4385.37,2977.47
5200,2025-10-19,North America,Canada,Headphones,10,2278.03,1165.04
5201,2026-03-03,South America,Argentina,Laptop,14,17169.2,11187.39
5202,2025-12-16,South America,Chile,Monitor,4,1108.08,729.38
5203,2025-08-15,North America,United States,Smartphone,25,19008.06,12193.3
5204,2025-01-22,South America,Argentina,Laptop,26,24826.48,18474.11
5205,2025-06-06,South America,Brazil,Monitor,13,4942.9,3602.6
5206,2025-10-17,North America,United States,Smartphone,9,4343.18,3105.48
5207,2025-02-20,Europe,United Kingdom,Tablet,12,6022.01,3558.48
5208,2025-10-24,North America,Canada,Headphones,11,3516.56,1841.31
5209,2026-03-22,Asia,India,Monitor,18,12206.8,8742.14
5210,2025-07-28,North America,Mexico,Monitor,23,15761.21,11226.49
5211,2026-03-01,Europe,Spain,Headphones,12,3417.95,1775.11
5212,2025-04-04,Europe,Spain,Monitor,25,13969.24,9037.99
5213,2025-03-23,South America,Brazil,Tablet,30,14933.32,9410.43
5214,2025-11-25,Asia,India,Headphones,15,3561.44,1820.98
5215,2026-01-28,Europe,Spain,Smartphone,28,12735.9,8772.43
5216,2025-02-06,North America,Mexico,Laptop,3,2500.24,1673.88
5217,2025-07-21,Europe,Germany,Laptop,12,19694.63,12756.48
5218,2025-06-15,South America,Argentina,Laptop,2,2822.18,1835.48
5219,2025-09-01,Asia,Malaysia,Monitor,8,3599.1,2219.96
5220,2025-01-03,Asia,Malaysia,Headphones,21,4217.59,2104.57
5221,2025-03-06,Asia,Malaysia,Tablet,10,8715.55,5547.14
5222,2025-04-12,South America,Argentina,Monitor,13,4215.03,3123.82
5223,2025-05-19,Europe,Spain,Smartphone,10,8100.03,4818.16
5224,2025-10-29,Asia,South Korea,Monitor,10,4403.67,2791.15
5225,2026-02-27,North America,Canada,Laptop,9,11367.9,7950.81
5226,2025-06-20,South America,Chile,Monitor,14,4477.33,3111.84
5227,2025-12-02,Europe,Netherlands,Headphones,16,3196.47,2066.8
5228,2025-10-07,Asia,Singapore,Monitor,17,7189.85,4487.4
5229,2025-09-21,South America,Chile,Smartphone,26,22235.96,15398.45
5230,2025-09-13,Europe,United Kingdom,Tablet,26,14619.73,8813.68
5231,2025-05-28,Asia,Malaysia,Tablet,1,864.93,576.49
5232,2025-01-12,South America,Argentina,Headphones,13,2410.56,1454.93
5233,2026-06-16,Europe,Germany,Headphones,6,1840.45,1219.49
5234,2025-05-30,Asia,Japan,Tablet,13,8269.44,4824.0
5235,2025-02-23,Asia,South Korea,Smartphone,8,6310.21,4286.4
5236,2025-10-04,Europe,Italy,Laptop,7,9202.77,6430.07
5237,2025-11-05,North America,Canada,Headphones,8,751.15,376.37
5238,2025-12-04,North America,Mexico,Monitor,22,13200.91,9667.24
5239,2026-04-06,South America,Chile,Tablet,27,21078.5,13393.5
5240,2025-01-03,Europe,United Kingdom,Tablet,3,2429.51,1390.65
5241,2026-02-10,South America,Chile,Monitor,9,4676.16,3509.47
5242,2025-09-28,Asia,South Korea,Smartphone,6,4641.08,3011.24
5243,2025-04-20,North America,Canada,Tablet,7,5807.8,3925.72
5244,2025-07-01,Europe,Germany,Tablet,5,1763.34,1175.18
5245,2026-03-18,South America,Argentina,Monitor,23,5747.15,3787.29
5246,2025-02-21,Asia,Singapore,Laptop,21,28863.22,20823.77
5247,2026-06-25,North America,Mexico,Laptop,26,29648.62,19860.14
5248,2025-04-14,Asia,Japan,Tablet,29,23528.59,14453.98
5249,2025-03-31,North America,United States,Smartphone,27,14813.39,9777.2
5250,2026-05-03,South America,Argentina,Smartphone,6,6500.2,4468.62
5251,2025-02-18,North America,United States,Smartphone,7,5868.62,3346.58
5252,2025-02-11,Europe,Netherlands,Monitor,2,438.16,273.49
5253,2025-03-25,North America,Canada,Monitor,29,17959.59,12833.23
5254,2025-10-30,South America,Argentina,Headphones,20,1713.02,1104.67
5255,2026-04-30,Europe,Netherlands,Smartphone,12,10717.64,7809.67
5256,2025-04-26,North America,United States,Tablet,29,25753.95,17504.37
5257,2025-02-15,North America,United States,Monitor,16,9052.59,6415.77
5258,2026-01-11,Europe,France,Laptop,14,12275.35,8780.0
5259,2025-06-06,Asia,India,Monitor,18,8889.07,5831.23
5260,2025-07-25,South America,Brazil,Tablet,15,6652.86,4602.74
5261,2025-02-14,North America,United States,Laptop,20,18525.18,12136.23
5262,2025-03-31,Asia,South Korea,Monitor,14,5259.73,3928.72
5263,2025-06-29,Asia,Japan,Monitor,3,1956.49,1496.49
5264,2025-12-14,Europe,Italy,Smartphone,9,6866.56,4347.09
5265,2025-06-03,South America,Argentina,Smartphone,29,12856.02,7954.18
5266,2026-04-30,Europe,France,Monitor,24,8569.03,5837.52
5267,2025-12-31,South America,Chile,Monitor,2,826.27,496.12
5268,2026-04-19,Europe,Germany,Smartphone,3,2874.78,1939.35
5269,2026-01-28,South America,Chile,Headphones,7,2091.26,1408.51
5270,2026-01-09,Asia,Malaysia,Smartphone,25,23925.23,15001.49
5271,2026-01-15,North America,Mexico,Tablet,24,15591.77,9266.88
5272,2025-03-25,South America,Argentina,Monitor,27,6156.88,4129.9
5273,2025-10-31,Asia,Japan,Laptop,23,30544.3,19399.62
5274,2025-10-05,Asia,South Korea,Tablet,14,10498.96,7278.94
5275,2025-12-05,Europe,Spain,Laptop,5,7603.72,5084.87
5276,2025-03-08,North America,Mexico,Tablet,18,10847.78,7294.48
5277,2025-04-11,Europe,Spain,Smartphone,7,4392.83,3092.33
5278,2025-09-11,Asia,South Korea,Smartphone,25,14762.32,9455.47
5279,2026-01-13,North America,United States,Monitor,23,14610.87,8627.19
5280,2025-10-16,Europe,Italy,Tablet,8,4564.02,2858.56
5281,2025-05-31,Europe,Italy,Laptop,27,47699.74,31631.07
5282,2025-03-04,Europe,France,Tablet,23,16560.98,10860.82
5283,2025-08-18,Asia,Malaysia,Monitor,3,1273.62,948.2
5284,2026-01-19,South America,Chile,Laptop,15,17678.87,12218.08
5285,2025-02-07,North America,Mexico,Laptop,16,28029.44,18159.73
5286,2025-09-02,Europe,Netherlands,Laptop,2,2971.26,2185.0
5287,2025-03-27,South America,Chile,Headphones,7,1027.49,616.09
5288,2026-05-15,Asia,South Korea,Tablet,21,12594.55,8164.45
5289,2025-09-21,North America,United States,Monitor,12,6625.24,4758.44
5290,2025-10-31,North America,United States,Tablet,19,8010.0,5470.51
5291,2026-04-24,Europe,Netherlands,Monitor,28,18766.96,13909.16
5292,2026-01-13,Europe,Spain,Tablet,13,5303.43,2928.02
5293,2025-11-25,South America,Brazil,Smartphone,15,7327.91,5025.94
5294,2025-06-13,South America,Brazil,Smartphone,30,31924.67,21875.54
5295,2025-03-08,Europe,Spain,Monitor,17,10716.3,6464.02
5296,2025-05-01,Europe,Spain,Smartphone,14,14990.5,10103.92
5297,2025-03-11,North America,Mexico,Laptop,27,36605.17,26157.65
5298,2025-02-20,Europe,France,Smartphone,16,15235.77,10462.15
5299,2026-06-25,Europe,United Kingdom,Headphones,15,3083.0,1982.12
5300,2026-05-23,Europe,Germany,Tablet,22,14370.44,9381.06
5301,2026-01-30,Asia,India,Laptop,19,21581.18,15831.88
5302,2026-02-15,North America,Canada,Laptop,16,19993.57,14229.79
5303,2026-01-06,South America,Chile,Headphones,22,2425.69,1422.31
5304,2025-06-21,Asia,India,Tablet,28,22108.04,15553.69
5305,2025-07-29,North America,Canada,Smartphone,28,31975.02,22492.04
5306,2026-04-16,North America,Mexico,Headphones,26,6784.94,3258.01
5307,2025-02-15,Europe,Italy,Tablet,4,2218.6,1501.97
5308,2026-06-22,South America,Chile,Monitor,7,2670.87,1654.08
5309,2025-05-14,Europe,Italy,Monitor,9,4093.16,3074.05
5310,2025-10-16,South America,Argentina,Headphones,8,1447.44,979.24
5311,2025-12-08,North America,United States,Headphones,8,1445.34,836.87
5312,2026-04-26,Europe,France,Tablet,5,3819.06,2952.9
5313,2025-07-24,Europe,Netherlands,Monitor,29,9485.5,6663.24
5314,2025-05-07,Asia,South Korea,Monitor,4,1954.66,1370.17
5315,2025-07-13,Asia,Singapore,Smartphone,22,9461.26,6531.47
5316,2025-09-09,South America,Chile,Smartphone,2,1313.5,844.49
5317,2025-05-16,South America,Argentina,Smartphone,8,5308.31,3360.36
5318,2026-03-10,Asia,India,Smartphone,20,18808.59,13430.99
5319,2026-05-18,North America,Canada,Headphones,4,442.84,251.74
5320,2026-02-17,Asia,Singapore,Tablet,4,2284.94,1501.2
5321,2025-06-19,Asia,Japan,Headphones,8,818.64,497.98
5322,2026-06-07,South America,Argentina,Laptop,26,27151.67,19662.25
5323,2026-03-26,North America,Mexico,Laptop,11,12382.22,8508.78
5324,2026-05-22,South America,Chile,Laptop,15,16509.83,10432.01
5325,2025-05-09,North America,United States,Tablet,21,10322.74,6188.03
5326,2026-05-30,Europe,Germany,Tablet,16,8176.5,6342.49
5327,2025-05-25,South America,Brazil,Laptop,20,21433.48,13407.55
5328,2025-07-12,South America,Chile,Tablet,15,10292.87,7396.54
5329,2025-07-10,North America,United States,Smartphone,19,9126.38,5984.48
5330,2026-04-17,Europe,Spain,Headphones,11,1843.8,1146.73
5331,2025-10-06,Asia,Malaysia,Tablet,9,7030.07,4009.08
5332,2025-03-11,Europe,United Kingdom,Smartphone,28,22103.97,15468.09
5333,2026-05-01,North America,Mexico,Smartphone,12,7472.69,4958.32
5334,2025-04-28,Europe,Germany,Headphones,26,2578.45,1483.92
5335,2026-03-02,Europe,France,Smartphone,25,26950.45,18337.76
5336,2025-09-09,North America,Canada,Tablet,7,4320.41,2918.08
5337,2025-03-21,Europe,Germany,Tablet,23,13792.89,9591.1
5338,2025-11-03,South America,Argentina,Monitor,2,1043.03,771.11
5339,2026-02-26,North America,Mexico,Smartphone,13,7148.71,5026.6
5340,2025-12-09,North America,Canada,Monitor,6,1209.74,748.17
5341,2025-05-07,Asia,Singapore,Tablet,26,13874.42,9442.42
5342,2025-06-23,Asia,Japan,Headphones,10,810.71,528.91
5343,2025-03-27,South America,Brazil,Tablet,8,3725.74,2291.75
5344,2025-03-05,North America,Canada,Monitor,22,4945.46,3441.64
5345,2026-03-04,Europe,France,Headphones,17,5276.34,2467.79
5346,2026-03-29,North America,United States,Monitor,7,2580.54,1553.3
5347,2025-03-29,Asia,India,Smartphone,6,3797.11,2305.12
5348,2025-12-13,South America,Brazil,Monitor,17,3753.64,2616.96
5349,2026-03-23,North America,Mexico,Laptop,17,26042.85,19666.93
5350,2025-10-04,Europe,France,Smartphone,22,12268.24,7885.17
5351,2025-01-13,Asia,Malaysia,Tablet,20,15601.49,8915.43
5352,2026-03-18,North America,Mexico,Laptop,15,21701.96,13581.62
5353,2026-01-18,South America,Chile,Smartphone,19,8505.08,5380.91
5354,2025-11-08,Asia,Japan,Laptop,27,37392.2,24251.94
5355,2025-04-16,North America,United States,Headphones,19,6190.81,3108.88
5356,2025-04-26,North America,United States,Tablet,1,750.65,432.96
5357,2026-06-10,North America,Mexico,Monitor,29,14170.07,8790.12
5358,2025-05-04,North America,United States,Monitor,11,3046.1,2238.65
5359,2025-06-16,Europe,Germany,Monitor,10,6450.15,4027.11
5360,2026-06-03,North America,Mexico,Tablet,14,9393.47,5876.03
5361,2026-06-18,South America,Argentina,Tablet,20,9567.54,5382.67
5362,2025-05-31,South America,Brazil,Headphones,4,587.08,316.25
5363,2025-12-01,Europe,Italy,Tablet,9,6446.78,4177.78
5364,2025-11-17,Asia,Japan,Laptop,18,26183.37,20234.21
5365,2025-04-11,Asia,India,Headphones,11,3501.53,1786.05
5366,2026-01-03,South America,Chile,Smartphone,29,33979.75,21283.93
5367,2025-09-14,Europe,Netherlands,Smartphone,5,5525.63,3979.99
5368,2025-09-15,South America,Brazil,Monitor,16,9869.05,6915.8
5369,2025-06-11,Europe,France,Tablet,8,6899.01,4929.2
5370,2025-09-17,Asia,Japan,Headphones,14,2787.02,1307.26
5371,2026-04-04,South America,Argentina,Laptop,10,15727.58,11308.96
5372,2025-07-22,South America,Chile,Monitor,23,9144.1,6173.75
5373,2025-02-23,South America,Argentina,Smartphone,3,1295.32,886.06
5374,2025-07-02,North America,Mexico,Laptop,1,1041.1,671.5
5375,2025-02-06,North America,United States,Laptop,23,33883.93,25027.46
5376,2026-05-20,Asia,Singapore,Monitor,26,17870.14,11886.26
5377,2025-07-07,South America,Argentina,Tablet,29,9826.33,6648.89
5378,2026-06-29,Asia,Malaysia,Smartphone,16,19175.54,12646.35
5379,2025-08-28,North America,Mexico,Smartphone,8,6755.53,3962.41
5380,2025-06-23,Asia,South Korea,Smartphone,22,19827.43,14163.34
5381,2026-04-16,South America,Chile,Laptop,16,26954.23,19892.62
5382,2025-02-10,North America,United States,Smartphone,12,13476.36,8666.07
5383,2025-08-25,Europe,Spain,Headphones,20,3582.96,1806.21
5384,2025-03-24,South America,Chile,Headphones,19,2479.75,1162.02
5385,2025-07-15,North America,United States,Tablet,23,13352.59,7339.85
5386,2025-01-08,South America,Chile,Laptop,16,20471.78,12712.58
5387,2025-11-01,North America,Mexico,Headphones,20,4904.56,3187.85
5388,2025-07-22,North America,Canada,Monitor,17,6937.26,5156.54
5389,2025-05-09,Europe,France,Headphones,30,2493.03,1308.42
5390,2026-01-03,Europe,Spain,Tablet,18,8418.32,5143.84
5391,2025-06-25,Asia,Singapore,Headphones,11,1879.84,949.53
5392,2025-07-13,Europe,Netherlands,Tablet,20,6807.85,4084.74
5393,2026-02-28,Asia,Singapore,Laptop,30,46429.77,36113.74
5394,2025-04-12,Europe,Spain,Monitor,16,5668.98,3498.67
5395,2025-08-24,South America,Brazil,Monitor,25,9443.52,6580.86
5396,2025-12-10,Europe,United Kingdom,Laptop,16,16597.62,12635.18
5397,2025-05-26,Asia,Japan,Tablet,5,2759.43,1874.62
5398,2026-05-30,South America,Brazil,Smartphone,29,33775.58,23256.14
5399,2025-08-10,Europe,France,Headphones,3,597.49,390.74
5400,2026-06-23,Asia,Singapore,Tablet,22,12449.19,8414.88
5401,2025-11-24,Asia,India,Laptop,29,27875.71,20903.24
5402,2026-03-10,Asia,South Korea,Smartphone,3,1410.43,968.98
5403,2025-07-30,Asia,India,Laptop,18,23469.63,15394.1
5404,2025-09-04,Europe,Italy,Tablet,26,22948.88,16088.67
5405,2025-01-27,Europe,France,Headphones,4,870.19,395.33
5406,2026-03-04,North America,Mexico,Tablet,23,8178.98,4468.7
5407,2025-02-15,Asia,India,Headphones,5,811.14,504.92
5408,2025-01-25,Europe,Italy,Laptop,5,6588.98,5110.43
5409,2025-03-06,South America,Chile,Headphones,16,3582.38,2140.66
5410,2025-07-16,Asia,India,Tablet,19,12615.04,8090.05
5411,2025-01-12,Asia,Japan,Laptop,9,8889.37,6043.19
5412,2026-05-23,North America,United States,Smartphone,10,6443.48,3780.49
5413,2026-02-26,North America,United States,Laptop,26,21341.08,15898.1
5414,2025-01-02,Europe,Germany,Tablet,4,1678.27,989.93
5415,2026-01-11,North America,Mexico,Monitor,19,6682.88,3993.5
5416,2026-04-29,Asia,Japan,Smartphone,20,23361.55,15365.41
5417,2026-04-21,Asia,India,Monitor,13,7766.92,4833.21
5418,2026-06-20,South America,Chile,Headphones,29,8967.61,4971.73
5419,2026-03-10,South America,Chile,Monitor,30,11565.98,7057.22
5420,2026-05-28,South America,Argentina,Laptop,5,7949.17,5699.84
5421,2025-03-28,Asia,Malaysia,Monitor,21,10876.54,6914.41
5422,2025-10-12,South America,Brazil,Laptop,9,10451.21,7461.21
5423,2025-11-23,North America,Mexico,Headphones,14,4633.1,2900.1
5424,2025-03-28,South America,Chile,Smartphone,9,4416.98,2954.44
5425,2025-02-01,South America,Chile,Monitor,25,8896.23,6301.86
5426,2025-09-11,Europe,United Kingdom,Monitor,26,9346.98,6103.88
5427,2025-07-17,Europe,Spain,Tablet,8,5576.04,3749.61
5428,2025-02-03,North America,Canada,Tablet,20,8294.56,4811.19
5429,2025-07-07,South America,Brazil,Headphones,11,1627.44,1085.38
5430,2025-08-22,North America,Canada,Monitor,1,270.14,161.74
5431,2026-04-25,Europe,United Kingdom,Smartphone,15,12707.07,8954.12
5432,2025-02-26,North America,Canada,Tablet,24,12046.69,6953.8
5433,2025-11-24,North America,Canada,Laptop,15,23382.67,17699.35
5434,2026-02-28,South America,Argentina,Headphones,28,6213.79,4185.43
5435,2025-06-18,Asia,India,Laptop,24,20128.78,15192.0
5436,2025-01-10,North America,United States,Headphones,10,2135.12,1415.75
5437,2025-05-08,Asia,Singapore,Monitor,4,2176.17,1455.27
5438,2026-05-19,Europe,United Kingdom,Laptop,29,23866.58,19356.97
5439,2025-11-15,South America,Argentina,Monitor,3,1382.72,886.52
5440,2025-10-07,Asia,South Korea,Smartphone,25,15846.89,11438.22
5441,2026-05-25,Europe,Netherlands,Tablet,19,11954.2,8486.32
5442,2025-04-28,Europe,Germany,Headphones,15,3088.11,1399.44
5443,2025-09-06,Asia,Singapore,Monitor,25,5587.58,3663.45
5444,2025-10-28,Asia,India,Monitor,8,2138.42,1591.87
5445,2026-03-10,South America,Chile,Tablet,20,15735.43,10471.67
5446,2025-08-07,Europe,United Kingdom,Smartphone,17,20163.53,14284.81
5447,2026-03-29,Asia,Singapore,Monitor,27,13143.74,8614.15
5448,2025-01-23,North America,Mexico,Laptop,4,6916.37,4971.58
5449,2025-03-02,Europe,Spain,Monitor,25,17219.96,11007.17
5450,2025-09-11,Europe,United Kingdom,Tablet,23,12129.59,7437.49
5451,2026-06-07,Europe,France,Monitor,12,5968.06,4915.33
5452,2026-05-02,Europe,Germany,Smartphone,9,5342.64,4174.89
5453,2025-10-05,Asia,Japan,Tablet,29,15335.19,10367.31
5454,2025-10-31,Europe,Netherlands,Tablet,7,3695.76,2230.7
5455,2025-06-08,Asia,India,Laptop,27,30687.04,19869.1
5456,2025-03-10,Europe,Spain,Laptop,21,19687.68,13400.79
5457,2026-05-16,Europe,France,Monitor,21,10322.1,7106.16
5458,2025-02-03,North America,United States,Smartphone,3,3546.65,2197.1
5459,2025-06-17,South America,Argentina,Smartphone,24,24079.11,17110.82
5460,2025-09-29,Asia,Singapore,Monitor,4,1047.39,707.51
5461,2025-11-17,North America,Canada,Smartphone,14,14471.59,8446.25
5462,2025-10-09,North America,Canada,Smartphone,15,15158.26,11057.67
5463,2025-11-21,Asia,South Korea,Headphones,5,1371.78,828.17
5464,2025-03-03,Europe,United Kingdom,Headphones,19,5711.35,3433.03
5465,2025-02-02,Asia,Japan,Smartphone,7,4745.09,3080.84
5466,2025-08-24,North America,Mexico,Laptop,23,23143.85,16597.52
5467,2025-12-08,Asia,Malaysia,Headphones,1,170.74,114.9
5468,2026-05-23,North America,United States,Monitor,23,12255.01,7403.06
5469,2026-04-07,Asia,Singapore,Tablet,26,20122.95,12276.96
5470,2025-05-15,North America,United States,Tablet,23,16577.0,10339.04
5471,2026-05-10,North America,Canada,Tablet,19,10151.91,6852.89
5472,2025-09-09,Europe,United Kingdom,Monitor,10,6033.66,3667.32
5473,2025-01-09,South America,Chile,Headphones,28,6103.42,2937.06
5474,2025-11-01,South America,Brazil,Monitor,12,7237.36,5271.5
5475,2026-05-24,South America,Chile,Smartphone,26,28828.13,21321.46
5476,2025-12-27,North America,Mexico,Monitor,1,491.4,300.91
5477,2025-01-23,North America,United States,Monitor,6,3779.12,2382.83
5478,2025-12-29,Asia,Malaysia,Monitor,2,492.58,334.69
5479,2025-08-16,Asia,Singapore,Monitor,1,420.18,265.95
5480,2025-05-20,North America,Mexico,Laptop,23,29369.25,18861.13
5481,2026-02-08,Europe,France,Smartphone,12,5363.69,3819.14
5482,2025-11-01,Asia,Malaysia,Headphones,30,6702.43,4544.11
5483,2025-06-08,South America,Chile,Headphones,12,1463.15,969.59
5484,2026-03-14,Europe,Italy,Headphones,30,4543.22,2477.2
5485,2025-09-26,North America,Canada,Headphones,23,6487.92,3383.44
5486,2025-12-29,South America,Chile,Headphones,29,3228.08,1785.72
5487,2025-07-17,Europe,Italy,Tablet,22,16208.02,10729.5
5488,2025-05-28,South America,Chile,Laptop,17,17485.89,13219.35
5489,2025-10-14,Europe,France,Smartphone,20,23439.85,15073.28
5490,2025-05-13,South America,Argentina,Laptop,15,18129.83,13606.65
5491,2025-02-01,North America,United States,Tablet,24,20491.42,12237.08
5492,2026-01-11,Europe,Germany,Smartphone,18,12639.93,8351.74
5493,2025-05-06,Europe,United Kingdom,Laptop,5,7536.75,5643.1
5494,2026-06-29,Asia,India,Monitor,25,13123.12,9431.16
5495,2025-12-13,North America,United States,Headphones,23,7723.19,4183.97
5496,2026-03-07,South America,Argentina,Tablet,6,2542.6,1489.29
5497,2025-09-29,Asia,Japan,Monitor,7,3959.93,2499.95
5498,2026-03-28,Asia,Malaysia,Monitor,25,14327.27,9168.55
5499,2025-12-19,Europe,Germany,Laptop,5,5896.78,4118.04
5500,2025-06-19,Europe,United Kingdom,Smartphone,29,26170.34,16231.4
5501,2026-06-19,South America,Chile,Monitor,26,17243.78,11293.34
5502,2026-05-24,Europe,United Kingdom,Tablet,16,7186.81,5712.3
5503,2025-12-31,Asia,India,Headphones,19,4389.89,2085.48
5504,2026-04-10,Asia,India,Headphones,12,1127.64,680.21
5505,2025-08-27,South America,Argentina,Smartphone,4,4743.7,3216.08
5506,2025-07-17,North America,United States,Tablet,17,8566.83,5927.67
5507,2025-06-13,South America,Chile,Tablet,20,13666.81,9596.44
5508,2025-01-28,Asia,South Korea,Headphones,23,1955.12,1172.53
5509,2026-04-29,Asia,Japan,Laptop,18,26193.76,18503.65
5510,2025-06-10,Europe,Spain,Headphones,28,7929.54,4077.64
5511,2025-07-04,Asia,Malaysia,Tablet,19,10414.21,5898.88
5512,2025-08-29,Asia,India,Tablet,26,17482.63,12107.77
5513,2026-06-13,South America,Argentina,Laptop,15,17411.68,12994.85
5514,2025-01-31,Asia,Japan,Smartphone,1,1055.24,715.59
5515,2025-02-28,South America,Brazil,Headphones,10,3335.19,1857.42
5516,2025-01-13,Asia,Singapore,Laptop,8,13862.04,8837.5
5517,2026-06-10,South America,Argentina,Tablet,17,12246.81,7744.65
5518,2025-12-15,North America,United States,Headphones,11,2587.87,1196.38
5519,2025-12-10,Europe,United Kingdom,Headphones,27,8784.65,4308.65
5520,2025-09-12,South America,Argentina,Headphones,10,2628.32,1260.08
5521,2025-07-02,South America,Argentina,Laptop,18,30802.9,20517.35
5522,2025-05-18,Europe,United Kingdom,Smartphone,21,17697.83,12432.18
5523,2025-11-28,Europe,Netherlands,Tablet,30,16224.59,9216.02
5524,2026-01-31,North America,Mexico,Smartphone,30,19101.46,13546.2
5525,2025-10-21,Europe,Italy,Monitor,15,4923.07,2980.24
5526,2026-03-06,North America,Mexico,Tablet,15,6936.6,3834.65
5527,2025-03-30,Europe,Italy,Monitor,15,7808.3,5907.24
5528,2025-10-24,Europe,Spain,Monitor,20,6361.5,4406.29
5529,2025-11-21,Asia,South Korea,Monitor,2,472.48,300.32
5530,2025-08-06,Europe,Italy,Tablet,12,8465.68,5516.22
5531,2025-05-31,North America,United States,Monitor,18,3731.31,2464.39
5532,2025-10-27,Europe,Italy,Headphones,7,1295.17,603.16
5533,2026-06-06,South America,Argentina,Monitor,26,12738.76,9652.42
5534,2025-05-23,Europe,France,Smartphone,16,18596.21,13653.79
5535,2026-05-24,Europe,France,Tablet,13,10850.0,8661.97
5536,2025-03-16,Asia,Japan,Laptop,1,1352.57,926.0
5537,2026-06-03,North America,Mexico,Laptop,12,12409.54,8970.89
5538,2025-07-05,North America,Canada,Monitor,1,203.45,137.6
5539,2025-01-01,North America,Canada,Headphones,7,1329.73,770.34
5540,2025-07-30,Europe,France,Tablet,3,2378.08,1702.33
5541,2026-02-20,North America,Mexico,Smartphone,5,4353.23,2706.44
5542,2025-10-01,South America,Chile,Monitor,27,18431.26,13230.31
5543,2025-02-14,South America,Brazil,Laptop,16,17157.69,11673.62
5544,2025-10-12,Asia,Japan,Monitor,2,1392.87,1024.35
5545,2025-03-23,South America,Argentina,Tablet,7,3727.58,2327.52
5546,2026-01-26,Asia,Malaysia,Monitor,14,4105.21,2556.29
5547,2026-01-02,South America,Chile,Monitor,26,9113.66,5477.25
5548,2025-11-29,North America,Canada,Headphones,14,2741.93,1536.61
5549,2025-10-25,South America,Argentina,Laptop,9,8733.06,6121.39
5550,2025-08-28,Europe,United Kingdom,Laptop,24,36816.32,25789.76
5551,2026-04-27,Asia,South Korea,Smartphone,23,13951.6,9508.19
5552,2025-03-26,Asia,Japan,Smartphone,23,13225.97,9643.36
5553,2026-06-21,Asia,India,Tablet,19,14654.48,8242.13
5554,2025-05-06,Asia,Japan,Laptop,10,15183.75,11869.01
5555,2025-09-22,North America,Canada,Monitor,30,17926.03,10780.2
5556,2025-09-30,Europe,Netherlands,Monitor,21,11505.17,7622.1
5557,2025-10-31,North America,Canada,Headphones,19,5818.04,3331.69
5558,2025-04-12,South America,Chile,Tablet,12,6769.23,4184.16
5559,2026-04-06,South America,Argentina,Monitor,24,9996.28,6638.92
5560,2025-09-15,South America,Argentina,Laptop,18,20750.19,12893.08
5561,2025-12-17,Asia,Malaysia,Monitor,10,3647.66,2412.22
5562,2025-07-09,Europe,Italy,Tablet,2,945.02,619.88
5563,2026-06-16,South America,Chile,Smartphone,19,16086.34,10585.2
5564,2025-05-28,South America,Argentina,Tablet,24,11172.58,6461.37
5565,2026-03-18,Europe,Netherlands,Headphones,12,3203.19,1746.56
5566,2025-06-24,South America,Chile,Smartphone,21,17239.93,12164.83
5567,2025-10-10,Europe,Germany,Monitor,26,11426.39,7413.97
5568,2026-03-19,Asia,Malaysia,Laptop,8,7697.82,5917.12
5569,2025-09-21,Asia,India,Smartphone,3,2505.57,1554.42
5570,2025-09-02,Asia,India,Laptop,4,6887.12,5221.51
5571,2026-06-05,North America,Mexico,Laptop,13,14997.34,10352.41
5572,2025-11-28,North America,Mexico,Monitor,11,4243.42,2976.52
5573,2025-12-31,Asia,Malaysia,Monitor,4,1487.21,972.98
5574,2026-02-26,South America,Argentina,Tablet,15,10867.6,6943.94
5575,2025-11-21,Europe,Italy,Headphones,29,6596.8,3955.04
5576,2026-04-13,Europe,Netherlands,Smartphone,11,7472.06,5406.68
5577,2026-03-11,South America,Brazil,Smartphone,26,27892.21,19355.18
5578,2025-12-30,South America,Chile,Tablet,3,1735.16,1111.82
5579,2025-05-25,North America,Mexico,Monitor,29,6465.7,3941.66
5580,2025-04-24,South America,Brazil,Tablet,28,15532.75,10134.63
5581,2026-04-27,South America,Chile,Smartphone,19,10578.08,7492.17
5582,2025-10-18,Asia,South Korea,Headphones,28,4975.87,2422.71
5583,2026-04-14,Asia,South Korea,Monitor,19,10705.42,7568.65
5584,2025-02-19,Europe,Germany,Smartphone,21,24999.23,17766.43
5585,2026-05-22,Europe,Spain,Laptop,22,34905.78,27897.54
5586,2025-05-11,Europe,France,Headphones,22,4457.93,2109.48
5587,2025-05-12,Europe,United Kingdom,Laptop,19,15987.85,10613.41
5588,2025-12-27,South America,Brazil,Tablet,27,24076.82,14350.08
5589,2025-07-07,Asia,India,Laptop,13,14775.56,10273.23
5590,2025-08-30,Asia,Singapore,Laptop,17,16246.2,10725.38
5591,2025-05-15,South America,Brazil,Tablet,8,5633.26,3185.77
5592,2025-10-11,Europe,France,Laptop,21,27184.84,18217.62
5593,2026-06-24,North America,United States,Tablet,29,11477.47,6473.23
5594,2025-10-17,North America,United States,Tablet,2,1185.43,714.51
5595,2025-08-06,Asia,Japan,Headphones,2,621.68,377.44
5596,2026-04-22,Europe,France,Tablet,9,2721.11,2143.52
5597,2025-07-27,Europe,Germany,Headphones,1,206.38,97.43
5598,2025-06-28,Asia,Singapore,Smartphone,30,15101.25,11011.46
5599,2026-05-02,Asia,South Korea,Monitor,12,4458.89,3034.42
5600,2025-03-08,South America,Brazil,Monitor,12,5254.89,3342.31
5601,2025-11-25,North America,Mexico,Laptop,10,12681.53,7933.21
5602,2026-02-03,South America,Argentina,Laptop,11,18604.47,12270.21
5603,2025-08-11,Asia,Malaysia,Tablet,6,3465.62,1970.79
5604,2025-05-23,Europe,United Kingdom,Laptop,30,43250.05,28252.28
5605,2025-09-18,Asia,Japan,Headphones,2,395.8,225.09
5606,2025-12-05,Asia,Singapore,Monitor,16,4711.55,3405.4
5607,2025-03-13,Asia,Malaysia,Headphones,28,2568.11,1447.09
5608,2025-04-25,Europe,France,Monitor,12,5996.73,4142.4
5609,2026-01-07,North America,Canada,Laptop,10,16020.41,9988.47
5610,2025-04-02,South America,Chile,Smartphone,6,2561.26,1865.07
5611,2026-02-05,North America,Mexico,Laptop,2,1607.71,1051.73
5612,2025-09-15,Asia,South Korea,Tablet,29,12451.28,7537.97
5613,2025-09-15,Asia,Japan,Headphones,26,7656.56,4557.91
5614,2025-09-16,Asia,Japan,Laptop,21,17983.86,13140.45
5615,2025-06-19,South America,Argentina,Headphones,8,1329.34,739.4
5616,2025-02-18,South America,Chile,Tablet,22,12967.73,7256.54
5617,2025-08-12,Asia,Malaysia,Tablet,7,2265.87,1285.68
5618,2025-02-14,Europe,Netherlands,Monitor,7,3619.48,2253.06
5619,2026-06-11,South America,Chile,Monitor,30,12689.17,8284.92
5620,2026-02-17,North America,Mexico,Monitor,4,1758.87,1193.28
5621,2025-11-13,South America,Chile,Laptop,8,8714.36,6523.12
5622,2025-08-10,Asia,Japan,Tablet,27,14232.37,9539.19
5623,2026-02-28,North America,United States,Tablet,10,7491.39,4981.2
5624,2025-12-07,Europe,Italy,Tablet,16,6758.52,4834.96
5625,2025-03-11,North America,United States,Monitor,13,6297.73,4105.22
5626,2026-01-05,South America,Argentina,Monitor,1,220.89,165.35
5627,2025-08-23,Asia,South Korea,Tablet,5,2047.01,1439.69
5628,2025-10-06,North America,Mexico,Smartphone,3,1220.89,727.12
5629,2025-05-11,North America,United States,Tablet,11,5630.64,3919.08
5630,2026-01-13,Asia,South Korea,Smartphone,8,6301.91,4134.77
5631,2025-10-07,Europe,United Kingdom,Smartphone,30,22311.45,13704.6
5632,2025-07-09,South America,Brazil,Headphones,3,418.75,235.31
5633,2025-07-03,Asia,India,Laptop,20,31583.26,21725.26
5634,2025-06-02,North America,Mexico,Smartphone,20,10445.26,6968.84
5635,2026-01-14,Europe,Germany,Tablet,19,10193.0,5836.77
5636,2025-09-24,Europe,Italy,Monitor,22,11510.52,7995.94
5637,2025-12-03,Asia,Malaysia,Laptop,30,40373.1,28913.58
5638,2025-08-06,North America,Canada,Monitor,15,8152.79,4841.51
5639,2026-03-25,Asia,Singapore,Tablet,13,7261.34,4550.41
5640,2025-11-13,Asia,South Korea,Laptop,22,38890.61,28444.8
5641,2025-08-04,South America,Chile,Smartphone,29,27428.81,17470.97
5642,2025-01-17,North America,Canada,Headphones,6,1021.4,598.17
5643,2025-06-19,South America,Brazil,Monitor,13,6276.18,4619.54
5644,2025-08-04,Asia,Singapore,Monitor,24,14575.41,10028.68
5645,2025-11-08,South America,Chile,Headphones,23,2868.67,1924.92
5646,2025-10-04,South America,Brazil,Smartphone,25,23439.48,14498.59
5647,2025-09-15,South America,Argentina,Monitor,4,891.95,549.46
5648,2025-11-02,South America,Brazil,Headphones,2,689.37,448.18
5649,2026-02-10,Asia,Malaysia,Headphones,13,3699.71,2336.84
5650,2026-06-19,South America,Chile,Smartphone,9,10597.42,7170.76
5651,2025-09-18,Europe,France,Headphones,12,1230.17,824.37
5652,2025-11-28,South America,Brazil,Smartphone,22,14074.64,8269.25
5653,2025-08-22,Asia,India,Headphones,8,1816.02,886.04
5654,2025-07-15,North America,Canada,Monitor,19,4447.11,2720.01
5655,2025-07-28,South America,Argentina,Headphones,26,3818.87,2570.25
5656,2025-01-03,Europe,Netherlands,Smartphone,6,6865.82,4012.72
5657,2026-01-30,Asia,India,Headphones,25,4477.68,2091.74
5658,2025-06-06,Asia,Malaysia,Laptop,12,11422.83,7330.16
5659,2025-07-19,Asia,South Korea,Smartphone,22,9971.6,7108.59
5660,2025-07-01,Europe,France,Monitor,2,583.59,361.56
5661,2026-03-13,South America,Brazil,Laptop,27,24634.72,17726.85
5662,2025-01-19,Asia,India,Monitor,16,8284.83,5582.46
5663,2025-01-15,Europe,Netherlands,Laptop,23,20819.57,14846.3
5664,2025-03-23,South America,Argentina,Tablet,27,23643.65,13858.4
5665,2025-06-28,North America,Canada,Headphones,8,1195.51,586.16
5666,2026-06-07,South America,Brazil,Tablet,30,10309.15,6168.95
5667,2026-05-20,North America,Canada,Headphones,4,442.65,294.17
5668,2025-03-01,South America,Brazil,Smartphone,16,8200.08,6025.24
5669,2025-02-03,North America,United States,Laptop,20,20748.31,15947.2
5670,2026-06-17,Europe,Spain,Smartphone,10,9016.8,6770.39
5671,2025-04-27,Asia,Japan,Smartphone,4,2817.41,1969.37
5672,2025-01-26,North America,Mexico,Smartphone,6,3673.43,2138.57
5673,2025-08-28,Asia,Singapore,Smartphone,23,17495.98,10771.02
5674,2025-06-01,Europe,France,Laptop,8,7293.63,5031.61
5675,2025-12-21,North America,United States,Headphones,29,8154.23,3901.94
5676,2026-01-31,South America,Chile,Laptop,4,6197.2,3925.0
5677,2026-04-02,Europe,Germany,Monitor,30,13024.22,10584.7
5678,2026-02-26,Asia,Malaysia,Laptop,6,6719.15,4591.16
5679,2026-06-04,South America,Argentina,Smartphone,14,10555.14,7438.78
5680,2025-06-24,Asia,India,Headphones,19,3053.18,1743.87
5681,2025-12-13,Asia,India,Tablet,22,6757.42,4693.91
5682,2025-03-21,North America,United States,Laptop,22,25139.79,17134.71
5683,2025-11-24,Europe,Spain,Tablet,17,8363.08,5378.44
5684,2026-02-27,South America,Argentina,Laptop,8,12653.35,8865.87
5685,2026-03-23,South America,Chile,Monitor,2,1133.84,781.74
5686,2025-08-21,Europe,Netherlands,Monitor,13,4371.91,2828.88
5687,2025-02-11,North America,Mexico,Smartphone,11,7283.52,5195.54
5688,2025-03-28,South America,Brazil,Monitor,6,2563.69,1782.25
5689,2026-03-30,Asia,Japan,Headphones,6,1394.83,679.41
5690,2025-08-30,Asia,India,Tablet,4,1415.98,830.9
5691,2025-07-17,North America,United States,Monitor,29,8633.98,5623.62
5692,2025-02-01,Europe,Spain,Headphones,2,356.49,175.08
5693,2025-02-12,South America,Argentina,Laptop,3,4423.22,3193.95
5694,2025-10-07,South America,Brazil,Laptop,15,12735.36,8696.47
5695,2025-12-27,South America,Chile,Monitor,30,13653.23,9077.84
5696,2025-07-19,Europe,France,Tablet,27,9007.37,6084.54
5697,2025-01-26,North America,Mexico,Tablet,18,12795.19,8954.15
5698,2026-06-18,Europe,Spain,Laptop,30,27728.91,23832.64
5699,2025-10-08,North America,Mexico,Monitor,16,9565.83,6259.29
5700,2026-03-26,South America,Brazil,Headphones,28,4797.76,2454.7
5701,2026-02-13,Europe,Germany,Monitor,2,968.24,703.36
5702,2026-04-06,South America,Argentina,Tablet,3,2577.57,1629.39
5703,2026-04-23,Europe,France,Smartphone,22,12419.19,8205.0
5704,2025-12-25,Asia,Singapore,Monitor,17,10828.79,7368.65
5705,2025-05-20,North America,United States,Smartphone,2,1787.63,1120.0
5706,2025-07-06,North America,Mexico,Headphones,18,3745.1,1850.89
5707,2026-05-30,South America,Brazil,Monitor,6,3058.2,2263.75
5708,2025-07-14,Asia,Singapore,Monitor,29,15724.69,9632.06
5709,2025-09-19,Europe,Spain,Smartphone,19,15246.04,10467.27
5710,2025-07-20,North America,Canada,Tablet,18,8488.77,4779.21
5711,2026-04-11,Asia,Malaysia,Headphones,8,1329.25,843.44
5712,2025-12-22,Asia,Japan,Headphones,3,687.99,403.96
5713,2026-04-10,South America,Brazil,Smartphone,16,9586.28,7052.91
5714,2025-08-20,Asia,Singapore,Laptop,13,18599.99,11886.2
5715,2025-04-17,South America,Argentina,Smartphone,8,4929.09,2905.48
5716,2025-09-26,Asia,India,Tablet,13,9279.76,5599.62
5717,2025-12-18,Asia,South Korea,Smartphone,13,6981.8,5089.73
5718,2026-03-06,Asia,Japan,Smartphone,12,9209.95,5851.36
5719,2025-09-30,North America,Canada,Laptop,24,40986.24,29279.95
5720,2025-11-10,Asia,Singapore,Tablet,30,11651.37,6678.26
5721,2026-04-24,North America,Canada,Headphones,9,1432.06,817.07
5722,2026-05-05,North America,United States,Laptop,21,28438.48,20617.19
5723,2025-07-03,North America,Canada,Smartphone,17,8291.38,5213.08
5724,2025-06-15,Europe,Germany,Monitor,9,5185.94,3644.0
5725,2025-06-27,North America,Mexico,Monitor,10,2890.17,1980.91
5726,2026-05-29,South America,Brazil,Tablet,15,11055.96,6688.25
5727,2026-06-25,South America,Argentina,Headphones,26,2910.15,1470.12
5728,2025-01-03,Europe,Italy,Tablet,26,9659.98,5918.28
5729,2025-03-19,Asia,Singapore,Monitor,29,14048.12,10631.4
5730,2025-08-29,Europe,United Kingdom,Monitor,27,17396.79,10915.48
5731,2025-11-29,Asia,India,Laptop,24,31276.13,20406.12
5732,2026-02-19,North America,United States,Monitor,18,9359.57,6758.95
5733,2026-01-29,Asia,Singapore,Smartphone,24,10510.96,7577.09
5734,2025-03-14,North America,Mexico,Monitor,1,412.89,292.25
5735,2026-02-03,Europe,Netherlands,Laptop,13,20917.03,14959.64
5736,2026-02-28,Asia,South Korea,Tablet,20,7229.28,5046.39
5737,2025-03-07,South America,Chile,Laptop,13,14796.15,10179.14
5738,2025-09-30,South America,Brazil,Tablet,19,5802.47,3297.38
5739,2025-06-18,North America,United States,Smartphone,24,28626.0,16689.63
5740,2025-02-15,Europe,United Kingdom,Laptop,6,10262.19,7151.67
5741,2026-03-02,Asia,Japan,Laptop,30,29179.56,20970.46
5742,2025-03-23,North America,Mexico,Headphones,18,2875.43,1511.16
5743,2026-04-19,South America,Argentina,Headphones,20,5997.84,3737.04
5744,2026-04-09,North America,United States,Laptop,30,25849.63,16047.24
5745,2025-03-28,North America,Canada,Smartphone,9,6424.25,4321.35
5746,2025-08-17,South America,Brazil,Smartphone,23,24728.51,17972.11
5747,2025-03-11,North America,Mexico,Tablet,6,3667.75,2558.34
5748,2025-11-26,North America,Canada,Tablet,22,12811.1,7869.33
5749,2026-05-17,Asia,Malaysia,Smartphone,1,672.01,450.13
5750,2026-04-26,Asia,South Korea,Monitor,14,2911.08,1921.03
5751,2025-04-13,Europe,United Kingdom,Headphones,7,1703.91,1052.75
5752,2025-04-16,North America,United States,Tablet,27,21821.0,13897.06
5753,2025-08-31,North America,Canada,Laptop,28,26134.3,17428.71
5754,2026-02-24,South America,Argentina,Laptop,28,39687.25,25948.98
5755,2025-11-11,South America,Argentina,Laptop,30,38585.09,29141.07
5756,2025-06-25,Europe,Germany,Laptop,17,18546.38,12654.33
5757,2025-05-21,South America,Argentina,Tablet,30,10868.1,6020.57
5758,2025-05-14,North America,Canada,Headphones,10,964.39,501.75
5759,2025-08-28,North America,Canada,Tablet,8,4014.56,2714.59
5760,2025-09-08,South America,Argentina,Headphones,11,993.06,549.03
5761,2026-03-04,North America,Canada,Monitor,29,9040.88,6600.54
5762,2025-09-16,North America,Mexico,Smartphone,11,5069.23,3027.77
5763,2025-12-05,North America,Canada,Monitor,26,12903.49,8934.84
5764,2025-03-26,South America,Argentina,Smartphone,28,14734.69,9678.44
5765,2025-06-29,North America,Mexico,Monitor,11,7025.54,4380.03
5766,2026-02-11,South America,Argentina,Headphones,30,6966.29,3219.33
5767,2025-03-03,Asia,Malaysia,Tablet,9,2905.46,1627.51
5768,2025-09-26,Europe,United Kingdom,Headphones,23,2350.14,1127.24
5769,2025-05-27,South America,Chile,Tablet,16,13333.85,7835.42
5770,2025-12-15,Europe,Netherlands,Smartphone,22,25371.96,18250.54
5771,2026-01-20,Asia,Singapore,Smartphone,20,12549.12,7545.18
5772,2025-05-14,South America,Chile,Smartphone,1,616.9,408.25
5773,2025-05-25,Europe,Italy,Smartphone,7,4275.38,2758.56
5774,2025-03-12,South America,Chile,Monitor,7,2970.88,2030.32
5775,2026-01-27,North America,Mexico,Smartphone,22,12645.81,8235.13
5776,2025-10-21,Europe,Netherlands,Headphones,3,629.58,399.8
5777,2026-01-29,Europe,France,Smartphone,27,26740.48,18407.61
5778,2025-03-04,North America,Canada,Tablet,3,1852.45,1095.23
5779,2026-03-06,South America,Brazil,Smartphone,22,9079.72,6145.0
5780,2025-07-23,Europe,France,Monitor,30,14299.88,8690.39
5781,2025-06-12,Europe,Germany,Headphones,8,2648.37,1487.51
5782,2026-02-28,South America,Argentina,Monitor,15,4801.26,3200.36
5783,2026-04-13,South America,Argentina,Tablet,12,5751.33,3766.95
5784,2025-03-01,Asia,Singapore,Headphones,4,982.45,634.04
5785,2025-09-14,Asia,Singapore,Laptop,4,6806.97,4440.55
5786,2025-07-29,North America,Canada,Smartphone,8,8464.55,5552.55
5787,2025-05-19,Asia,Japan,Smartphone,21,24296.1,14654.42
5788,2026-01-09,Europe,United Kingdom,Headphones,11,1878.99,1185.0
5789,2026-04-21,Europe,France,Monitor,9,1878.14,1318.79
5790,2026-03-09,Europe,Italy,Monitor,10,5586.51,3637.78
5791,2025-05-07,North America,Canada,Headphones,16,3167.75,1472.03
5792,2026-03-07,North America,Mexico,Smartphone,24,28583.92,19315.42
5793,2026-04-10,South America,Brazil,Laptop,6,8298.79,5216.53
5794,2025-12-02,South America,Brazil,Tablet,6,4200.11,2422.65
5795,2026-01-05,Asia,South Korea,Monitor,25,6395.71,4284.35
5796,2025-07-05,North America,Mexico,Headphones,20,6427.66,3702.98
5797,2025-11-04,North America,United States,Monitor,22,12377.51,8540.37
5798,2025-03-10,North America,Canada,Monitor,22,15397.5,11544.28
5799,2026-03-19,North America,Canada,Smartphone,8,8477.87,4840.39
5800,2025-09-22,Europe,United Kingdom,Smartphone,10,10984.18,8090.14
5801,2026-06-23,South America,Argentina,Headphones,12,2029.96,1143.99
5802,2025-01-10,Europe,Spain,Headphones,16,4572.24,2687.55
5803,2025-12-21,Europe,Germany,Tablet,13,7421.13,4136.49
5804,2025-08-22,South America,Argentina,Smartphone,25,22833.6,14499.2
5805,2025-02-15,Asia,Malaysia,Laptop,2,3194.91,2171.05
5806,2025-03-20,South America,Argentina,Laptop,27,38751.63,25522.22
5807,2026-03-10,Europe,Netherlands,Smartphone,4,2923.54,1799.29
5808,2025-11-02,Europe,Netherlands,Monitor,19,9671.79,7043.99
5809,2025-03-31,South America,Argentina,Tablet,16,7906.69,4587.25
5810,2025-12-20,North America,Mexico,Smartphone,23,18452.22,13238.62
5811,2025-07-26,Asia,Malaysia,Monitor,16,8698.13,6004.66
5812,2025-04-03,North America,Mexico,Laptop,14,23901.78,16076.38
5813,2026-06-05,Europe,United Kingdom,Tablet,24,13940.58,10423.88
5814,2026-01-09,South America,Chile,Monitor,3,1889.41,1258.97
5815,2025-11-05,Europe,Spain,Smartphone,14,16063.29,9930.92
5816,2025-09-14,South America,Chile,Laptop,11,15055.42,10226.83
5817,2025-05-03,South America,Brazil,Laptop,8,8056.4,5425.79
5818,2025-07-12,Asia,Japan,Tablet,30,15686.1,8983.25
5819,2025-06-02,North America,Canada,Headphones,13,1276.49,599.43
5820,2025-05-29,South America,Chile,Monitor,28,15947.06,10364.03
5821,2026-02-02,South America,Chile,Tablet,17,10013.7,6790.52
5822,2026-06-04,South America,Chile,Smartphone,3,2571.97,1874.33
5823,2025-03-01,North America,United States,Monitor,21,4734.98,3330.49
5824,2026-02-03,Asia,Japan,Tablet,27,17227.06,9877.29
5825,2025-09-14,Asia,Japan,Laptop,4,3736.57,2522.38
5826,2025-01-11,Europe,Italy,Monitor,7,4805.59,3462.45
5827,2025-04-03,South America,Brazil,Monitor,22,11567.44,8489.31
5828,2026-01-07,North America,United States,Monitor,1,410.03,251.75
5829,2025-07-17,Europe,Italy,Smartphone,12,8804.92,5397.18
5830,2025-12-28,South America,Argentina,Tablet,13,8738.67,5236.09
5831,2026-06-18,North America,United States,Laptop,26,28547.18,17452.15
5832,2025-02-06,Asia,Japan,Monitor,7,1464.63,1069.74
5833,2025-11-12,Asia,South Korea,Tablet,28,20072.04,12540.19
5834,2025-11-29,Asia,Japan,Tablet,27,14793.16,8575.73
5835,2026-06-12,Asia,India,Smartphone,27,31872.86,18821.85
5836,2026-03-16,North America,Mexico,Monitor,5,2653.29,1804.1
5837,2025-07-24,Europe,Netherlands,Laptop,4,5823.45,3762.95
5838,2025-03-22,South America,Argentina,Headphones,1,298.58,148.72
5839,2026-02-05,South America,Argentina,Monitor,8,3169.13,2266.58
5840,2025-11-08,South America,Brazil,Headphones,3,766.54,372.86
5841,2025-12-01,North America,Canada,Laptop,7,7007.36,5041.23
5842,2025-02-20,Asia,Malaysia,Tablet,1,799.56,514.44
5843,2025-08-12,North America,Mexico,Smartphone,22,21863.88,14771.77
5844,2025-06-09,North America,Mexico,Tablet,5,4036.27,2487.14
5845,2025-12-04,South America,Argentina,Laptop,19,27195.83,17067.83
5846,2025-09-13,Europe,United Kingdom,Monitor,17,7265.59,4430.95
5847,2025-03-10,Asia,South Korea,Tablet,5,2352.12,1658.79
5848,2025-10-27,Europe,Spain,Tablet,6,4677.56,3049.29
5849,2026-06-02,Asia,Malaysia,Headphones,29,3645.21,1680.13
5850,2025-03-17,North America,United States,Tablet,19,11021.58,6882.21
5851,2025-10-02,Europe,France,Monitor,24,5818.78,4289.25
5852,2026-03-28,South America,Argentina,Smartphone,17,19070.27,11568.86
5853,2025-05-18,South America,Brazil,Headphones,21,3538.57,1811.2
5854,2025-01-25,Asia,Malaysia,Tablet,18,14643.2,9645.01
5855,2025-10-31,Asia,Singapore,Tablet,15,8822.32,6153.52
5856,2026-02-24,South America,Brazil,Smartphone,30,25015.97,17888.38
5857,2025-12-18,North America,United States,Laptop,23,38980.24,29084.34
5858,2026-01-12,North America,Mexico,Monitor,24,10123.2,6276.4
5859,2025-08-02,North America,Mexico,Smartphone,13,13593.49,9757.26
5860,2025-10-19,Europe,France,Monitor,1,407.53,251.44
5861,2025-12-02,Asia,South Korea,Laptop,23,30614.22,21907.08
5862,2026-03-25,Asia,India,Smartphone,1,1121.91,824.05
5863,2025-08-08,Europe,Germany,Smartphone,1,1006.68,676.95
5864,2026-03-14,South America,Argentina,Monitor,8,3371.5,2532.27
5865,2025-07-24,South America,Brazil,Tablet,25,11253.31,6617.44
5866,2026-01-20,North America,Canada,Monitor,1,430.0,260.62
5867,2025-01-03,North America,Canada,Tablet,16,12533.08,8555.44
5868,2025-07-18,South America,Argentina,Monitor,2,717.65,475.49
5869,2026-04-07,Asia,Malaysia,Smartphone,3,2141.93,1512.48
5870,2025-01-06,North America,Canada,Monitor,29,13771.39,9298.84
5871,2025-09-04,Europe,United Kingdom,Headphones,17,3327.99,1592.9
5872,2025-06-14,North America,United States,Laptop,5,8838.06,6523.63
5873,2026-03-09,South America,Brazil,Tablet,9,8015.97,5468.1
5874,2025-02-19,Europe,Spain,Tablet,17,5627.84,3108.83
5875,2025-04-03,North America,Canada,Laptop,27,30118.06,22166.71
5876,2025-01-14,Europe,Germany,Laptop,30,41397.21,26034.51
5877,2025-02-05,South America,Brazil,Headphones,17,5666.27,2885.58
5878,2026-03-28,Asia,Singapore,Monitor,10,3220.06,2171.29
5879,2025-08-26,Europe,Spain,Headphones,9,974.26,462.46
5880,2026-06-28,North America,Mexico,Monitor,16,3741.47,2338.59
5881,2025-04-22,Asia,India,Tablet,10,3755.12,2524.38
5882,2025-09-17,Asia,Singapore,Laptop,4,3546.35,2746.57
5883,2025-02-12,Asia,Singapore,Headphones,10,3121.51,1446.23
5884,2025-10-28,Asia,Malaysia,Tablet,3,2386.24,1463.48
5885,2026-04-05,Europe,Netherlands,Smartphone,25,25432.0,17789.8
5886,2026-04-04,South America,Argentina,Monitor,28,11622.88,8821.76
5887,2026-02-01,Asia,Malaysia,Headphones,11,3541.93,2311.58
5888,2025-07-26,North America,United States,Smartphone,19,16900.79,12266.66
5889,2025-08-12,South America,Argentina,Tablet,22,15836.32,9233.4
5890,2026-06-25,Europe,Spain,Smartphone,14,8274.76,6375.65
5891,2025-07-29,South America,Chile,Laptop,6,7108.97,4841.93
5892,2026-06-07,Asia,India,Monitor,4,1496.5,986.83
5893,2025-03-23,North America,United States,Smartphone,8,8479.38,4976.3
5894,2026-04-27,South America,Brazil,Tablet,15,11962.88,7405.24
5895,2026-04-09,South America,Brazil,Headphones,5,1733.18,1091.75
5896,2025-05-19,Europe,France,Laptop,30,28682.56,22235.29
5897,2026-03-31,North America,Canada,Tablet,2,1029.03,664.88
5898,2025-07-10,Asia,India,Smartphone,14,5745.15,3792.17
5899,2026-06-27,South America,Brazil,Headphones,28,7104.16,3631.98
5900,2026-04-29,Asia,South Korea,Tablet,11,8254.29,5275.37
5901,2025-07-13,South America,Argentina,Headphones,27,5179.57,3460.19
5902,2026-01-08,Europe,Netherlands,Tablet,11,4810.6,2937.3
5903,2025-07-01,North America,Canada,Tablet,26,12435.87,8429.64
5904,2026-06-15,Asia,Singapore,Smartphone,24,17649.81,12795.78
5905,2025-02-19,Europe,Spain,Tablet,4,3028.55,1718.75
5906,2025-04-25,North America,Mexico,Monitor,16,10345.24,7406.94
5907,2025-12-19,Europe,United Kingdom,Monitor,14,4807.94,3208.21
5908,2025-02-07,North America,United States,Monitor,25,15820.74,11840.0
5909,2025-01-10,Asia,Malaysia,Smartphone,3,3262.75,2041.62
5910,2026-03-21,North America,Mexico,Laptop,6,9356.41,6186.52
5911,2026-03-15,Europe,France,Tablet,24,17935.86,10913.92
5912,2025-07-27,Asia,Japan,Headphones,19,2293.24,1213.47
5913,2026-01-04,Asia,Singapore,Tablet,15,4982.37,2855.46
5914,2025-12-12,South America,Chile,Smartphone,13,7200.74,4803.08
5915,2025-07-27,Asia,Singapore,Smartphone,15,7064.08,4292.25
5916,2026-06-22,South America,Brazil,Headphones,30,7518.69,4386.41
5917,2026-04-19,North America,Canada,Monitor,24,14465.19,10739.36
5918,2025-08-09,South America,Brazil,Smartphone,22,18594.56,12723.0
5919,2025-10-13,South America,Chile,Monitor,25,15878.26,9998.02
5920,2026-06-24,Europe,Spain,Smartphone,30,14948.46,11326.65
5921,2025-07-03,North America,United States,Smartphone,30,35100.63,21259.3
5922,2026-06-07,Europe,Italy,Smartphone,12,7110.27,5352.34
5923,2025-04-08,North America,Canada,Tablet,12,5603.07,3828.93
5924,2025-06-18,North America,Mexico,Headphones,29,9542.84,4723.5
5925,2025-09-25,Europe,Germany,Smartphone,12,8662.44,5063.01
5926,2025-06-12,Asia,South Korea,Monitor,7,2542.34,1673.99
5927,2025-01-10,North America,Canada,Headphones,27,7664.02,5048.91
5928,2026-01-04,South America,Brazil,Monitor,27,16108.28,11170.67
5929,2026-03-24,Asia,India,Smartphone,5,5117.84,3669.5
5930,2025-03-03,South America,Brazil,Headphones,14,4549.3,2375.45
5931,2025-10-27,Asia,Singapore,Monitor,13,2928.5,2105.05
5932,2025-06-29,Asia,India,Headphones,6,1858.68,1087.71
5933,2025-07-01,North America,Canada,Monitor,30,19126.82,11938.1
5934,2025-08-03,Europe,Italy,Smartphone,8,3305.26,2210.08
5935,2026-02-01,Europe,Germany,Monitor,6,3432.66,2590.94
5936,2025-06-05,Europe,France,Smartphone,23,25586.12,16115.56
5937,2025-02-20,North America,Mexico,Monitor,10,4854.82,3355.02
5938,2026-03-20,Asia,Singapore,Smartphone,28,33537.85,19972.83
5939,2025-04-08,Europe,Netherlands,Laptop,13,15756.63,11706.81
5940,2026-03-18,Asia,Japan,Headphones,9,1601.68,853.98
5941,2025-03-16,North America,United States,Headphones,21,3558.42,2069.31
5942,2026-01-23,Asia,Japan,Headphones,12,1206.09,787.13
5943,2025-01-02,North America,Mexico,Monitor,3,654.58,462.77
5944,2026-03-01,Europe,Netherlands,Laptop,6,9997.83,7623.96
5945,2025-10-31,South America,Chile,Laptop,21,18981.98,12564.09
5946,2025-12-10,Asia,Malaysia,Headphones,4,1301.74,814.08
5947,2025-05-18,North America,Canada,Laptop,1,1216.41,863.94
5948,2025-10-22,North America,Canada,Smartphone,28,29740.73,21278.55
5949,2026-03-17,North America,United States,Smartphone,30,28399.07,16882.12
5950,2025-08-05,Asia,Singapore,Tablet,24,10861.11,7624.8
5951,2026-04-17,Europe,Germany,Laptop,22,27809.2,20229.69
5952,2026-06-13,North America,United States,Smartphone,8,7431.83,4266.51
5953,2025-12-21,Europe,Italy,Monitor,15,3707.14,2545.11
5954,2025-08-28,Asia,Japan,Laptop,16,25023.35,16784.56
5955,2025-11-21,North America,Canada,Laptop,6,8177.44,6034.48
5956,2025-06-19,North America,Mexico,Smartphone,6,2427.78,1687.98
5957,2026-06-04,Europe,United Kingdom,Smartphone,2,1614.42,1287.54
5958,2025-12-29,Asia,India,Monitor,28,11094.66,6774.11
5959,2025-06-11,South America,Chile,Monitor,6,2202.49,1337.53
5960,2025-12-02,Europe,Italy,Smartphone,23,11700.03,8189.71
5961,2025-03-06,Asia,Malaysia,Tablet,8,2660.05,1859.69
5962,2025-06-22,North America,United States,Smartphone,16,9607.71,6087.34
5963,2025-06-05,Asia,Malaysia,Smartphone,17,19859.85,12656.88
5964,2025-08-26,South America,Chile,Monitor,12,3941.34,2740.73
5965,2025-09-30,Asia,Malaysia,Tablet,24,14753.45,8741.17
5966,2025-01-27,South America,Chile,Tablet,27,9655.67,6224.3
5967,2025-09-09,Asia,Malaysia,Laptop,17,19028.5,12049.92
5968,2025-02-28,North America,Mexico,Headphones,28,5986.57,2779.78
5969,2025-01-29,North America,United States,Headphones,5,1630.26,892.28
5970,2025-06-24,Europe,Germany,Headphones,2,420.98,217.42
5971,2026-04-27,Asia,Malaysia,Laptop,23,20049.62,13031.85
5972,2025-09-15,Europe,Germany,Smartphone,23,13914.08,8948.39
5973,2026-06-01,North America,Mexico,Monitor,11,5908.15,3945.95
5974,2025-08-02,South America,Argentina,Tablet,20,10540.33,6472.78
5975,2025-01-06,South America,Brazil,Smartphone,13,9135.83,5383.64
5976,2025-10-27,South America,Argentina,Laptop,5,4033.4,2568.87
5977,2025-01-02,Asia,South Korea,Headphones,20,2737.81,1662.03
5978,2025-12-31,Asia,Malaysia,Headphones,21,3279.16,1739.3
5979,2025-09-10,North America,United States,Monitor,1,268.37,184.43
5980,2025-12-03,South America,Argentina,Tablet,5,3569.82,2224.7
5981,2025-10-24,Europe,France,Laptop,14,13948.18,9696.51
5982,2025-03-13,South America,Argentina,Smartphone,9,9606.44,6422.44
5983,2025-09-12,North America,United States,Monitor,13,8361.64,5143.05
5984,2026-06-12,Asia,Malaysia,Smartphone,1,567.35,391.39
5985,2026-01-02,Asia,Malaysia,Tablet,5,3721.49,2642.33
5986,2026-02-11,Europe,Spain,Headphones,12,1569.79,923.07
5987,2026-04-25,Asia,Singapore,Laptop,3,2652.26,1933.78
5988,2026-05-16,North America,Canada,Tablet,9,6628.58,3806.72
5989,2026-04-06,South America,Brazil,Tablet,25,16326.96,10689.47
5990,2026-03-04,South America,Chile,Laptop,20,22200.6,16687.32
5991,2026-02-03,North America,Mexico,Monitor,15,4747.61,3093.5
5992,2025-02-02,Asia,Singapore,Laptop,11,13971.56,10833.04
5993,2026-02-16,Europe,Germany,Headphones,28,7878.39,4076.81
5994,2025-04-23,South America,Argentina,Monitor,20,10391.27,7715.16
5995,2025-02-02,South America,Chile,Smartphone,26,12564.75,8664.05
5996,2026-06-03,South America,Chile,Monitor,26,6088.61,4353.51
5997,2025-04-14,South America,Argentina,Headphones,15,1933.2,1052.32
5998,2025-11-12,Europe,Germany,Laptop,9,12042.26,8105.53
5999,2026-03-06,South America,Brazil,Smartphone,13,8607.99,5649.68
6000,2025-06-13,Europe,Spain,Smartphone,27,27436.29,19600.78
6001,2025-06-20,South America,Chile,Headphones,21,6487.4,3678.65
6002,2025-06-18,North America,Mexico,Headphones,3,745.86,397.54
6003,2026-06-27,North America,United States,Tablet,22,19791.93,13306.62
6004,2026-01-12,Asia,South Korea,Smartphone,2,1929.85,1224.48
6005,2026-04-12,South America,Brazil,Laptop,17,19054.7,13537.94
6006,2026-05-21,Europe,Italy,Laptop,14,21719.26,18103.82
6007,2025-09-19,Europe,United Kingdom,Tablet,1,302.87,205.0
6008,2025-10-06,Europe,Italy,Tablet,14,4579.14,2704.14
6009,2025-05-06,Europe,Netherlands,Monitor,10,6844.96,4151.17
6010,2026-05-13,Asia,Malaysia,Monitor,17,9694.97,6187.66
6011,2026-05-31,North America,Mexico,Tablet,5,2860.36,1644.83
6012,2025-10-01,North America,Mexico,Monitor,19,11616.92,7967.73
6013,2026-01-19,Europe,Netherlands,Headphones,16,4259.3,2712.59
6014,2026-02-22,North America,Canada,Monitor,24,16075.78,10793.23
6015,2026-04-18,Asia,South Korea,Laptop,30,25795.15,19143.51
6016,2025-07-12,Asia,Singapore,Headphones,2,589.89,365.4
6017,2026-05-23,South America,Brazil,Headphones,11,1459.27,791.36
6018,2025-04-20,South America,Argentina,Smartphone,23,9568.38,5643.46
6019,2025-06-11,North America,Canada,Laptop,2,2187.03,1404.42
6020,2025-04-12,South America,Chile,Monitor,28,12518.84,8216.61
6021,2026-05-07,Europe,Italy,Laptop,5,8406.73,6659.01
6022,2026-04-25,Europe,Italy,Monitor,7,3994.51,2924.49
6023,2026-02-25,North America,United States,Monitor,6,2908.41,1998.65
6024,2025-01-25,North America,United States,Headphones,18,4497.3,2482.64
6025,2026-02-21,South America,Argentina,Smartphone,30,32750.62,23439.94
6026,2026-03-25,Europe,France,Tablet,10,4479.45,2518.42
6027,2025-08-26,Europe,United Kingdom,Headphones,10,3488.15,1788.46
6028,2026-05-10,Asia,Singapore,Monitor,2,1226.16,823.28
6029,2026-04-24,Asia,India,Smartphone,14,12547.97,8187.86
6030,2025-04-21,North America,Mexico,Tablet,2,1395.75,797.55
6031,2025-03-08,Asia,Singapore,Laptop,23,32748.15,25822.3
6032,2025-08-20,Europe,France,Smartphone,26,26432.68,15565.35
6033,2026-03-19,South America,Argentina,Monitor,13,8905.92,5751.78
6034,2025-01-05,North America,United States,Smartphone,9,4728.76,3430.53
6035,2025-04-27,South America,Chile,Tablet,8,4007.71,2682.03
6036,2026-05-28,South America,Brazil,Monitor,18,9589.77,6314.96
6037,2025-03-11,Asia,Malaysia,Laptop,11,13783.92,9095.83
6038,2025-08-17,South America,Argentina,Headphones,25,8313.77,4990.83
6039,2026-01-30,North America,Canada,Tablet,27,14131.09,8612.75
6040,2025-11-19,Europe,Germany,Monitor,1,696.45,456.62
6041,2026-01-10,South America,Brazil,Tablet,6,4042.42,2479.99
6042,2026-02-13,South America,Argentina,Tablet,3,1128.07,657.06
6043,2026-03-21,Asia,Singapore,Headphones,13,3134.42,2072.1
6044,2025-09-10,North America,Canada,Laptop,2,2365.75,1513.92
6045,2025-12-21,Europe,United Kingdom,Laptop,16,25605.42,19773.43
6046,2026-04-03,North America,United States,Headphones,7,1457.04,815.69
6047,2025-12-09,Asia,India,Smartphone,15,15631.38,9890.58
6048,2025-09-15,North America,Mexico,Laptop,22,19055.02,14652.81
6049,2026-03-10,Asia,India,Smartphone,9,6601.51,3989.09
6050,2025-10-11,South America,Brazil,Tablet,5,4315.53,2963.78
6051,2026-03-18,North America,United States,Smartphone,26,13335.66,9408.26
6052,2025-09-25,South America,Brazil,Headphones,4,1378.64,621.15
6053,2025-10-04,Europe,France,Headphones,24,4788.88,2832.85
6054,2025-10-07,Europe,Spain,Headphones,29,9895.04,5024.17
6055,2026-04-04,North America,Mexico,Laptop,26,24329.76,16405.46
6056,2025-04-23,South America,Chile,Smartphone,1,982.26,651.62
6057,2025-01-19,North America,Mexico,Headphones,26,6241.24,3998.79
6058,2025-12-04,Europe,Spain,Laptop,9,7344.71,4808.29
6059,2025-01-26,North America,United States,Headphones,27,7562.44,4536.12
6060,2025-02-19,North America,Canada,Smartphone,11,12823.33,8372.53
6061,2026-03-19,Europe,Netherlands,Smartphone,4,4089.26,3025.82
6062,2025-04-10,South America,Chile,Monitor,19,6682.88,4033.29
6063,2025-05-21,Europe,France,Tablet,29,16184.86,10134.36
6064,2026-03-09,North America,United States,Headphones,4,480.96,287.44
6065,2025-12-22,Asia,South Korea,Smartphone,2,1531.26,1101.58
6066,2026-06-06,North America,Mexico,Tablet,20,6898.22,3926.93
6067,2025-01-05,Asia,India,Smartphone,8,3705.82,2686.53
6068,2026-03-20,North America,Canada,Tablet,16,11668.17,8029.91
6069,2026-03-06,South America,Argentina,Monitor,28,17648.69,12035.82
6070,2025-04-09,Asia,India,Tablet,19,12809.29,9022.76
6071,2025-11-07,Asia,Malaysia,Headphones,22,6237.58,3286.34
6072,2025-04-13,South America,Argentina,Tablet,2,1234.04,708.96
6073,2025-11-27,Asia,Japan,Smartphone,28,16264.86,10823.98
6074,2025-06-01,North America,Mexico,Headphones,30,6362.5,3172.18
6075,2025-07-10,South America,Brazil,Smartphone,22,24048.76,15349.17
6076,2026-01-07,South America,Argentina,Tablet,18,9686.1,6157.23
6077,2025-01-14,North America,Mexico,Smartphone,19,11330.08,8061.6
6078,2025-02-07,Asia,Singapore,Tablet,21,16576.29,10069.65
6079,2025-05-25,South America,Chile,Headphones,12,2789.3,1850.45
6080,2025-05-08,Asia,India,Monitor,20,7830.74,5253.97
6081,2025-07-20,Asia,Singapore,Headphones,14,4182.69,2839.76
6082,2026-03-23,Asia,Japan,Smartphone,14,11635.37,7019.22
6083,2025-06-28,South America,Argentina,Smartphone,29,17500.15,11640.89
6084,2025-12-19,North America,Mexico,Monitor,27,12973.82,9208.09
6085,2025-02-03,Asia,Japan,Headphones,1,103.74,58.56
6086,2025-03-24,Europe,Italy,Smartphone,19,12102.25,8699.19
6087,2025-01-19,Asia,South Korea,Headphones,10,1522.13,778.32
6088,2026-01-09,Asia,Singapore,Laptop,29,47529.25,32086.99
6089,2025-09-10,Europe,Germany,Smartphone,6,6958.95,4855.63
6090,2025-05-07,South America,Chile,Monitor,15,9425.59,6616.23
6091,2026-03-11,South America,Chile,Monitor,24,7884.09,5338.56
6092,2025-05-20,Europe,Netherlands,Laptop,3,4385.6,2762.24
6093,2025-01-02,Asia,Malaysia,Tablet,8,5960.06,4195.0
6094,2025-06-27,South America,Brazil,Laptop,21,28271.4,19648.74
6095,2026-05-03,North America,Mexico,Smartphone,7,7652.3,5276.38
6096,2025-10-17,Asia,Japan,Tablet,7,4584.19,3300.61
6097,2025-05-13,Asia,Singapore,Smartphone,12,13296.7,8892.91
6098,2026-04-07,Asia,South Korea,Monitor,9,3429.5,2462.08
6099,2025-02-19,Asia,India,Headphones,17,5386.64,2709.16
6100,2025-04-13,North America,Mexico,Tablet,14,12560.36,7267.88
6101,2026-01-23,Asia,Malaysia,Smartphone,19,20171.99,14197.87
6102,2026-05-16,North America,United States,Laptop,25,38701.98,27739.43
6103,2026-04-19,North America,Mexico,Headphones,25,5783.01,3034.67
6104,2026-05-31,North America,Canada,Monitor,2,1280.46,873.53
6105,2025-09-08,Asia,Malaysia,Tablet,8,3027.85,2024.5
6106,2025-06-03,North America,Canada,Monitor,3,1878.26,1322.35
6107,2026-05-01,North America,Canada,Monitor,21,8948.69,6231.16
6108,2025-03-11,South America,Brazil,Monitor,24,15834.1,11712.44
6109,2025-11-30,North America,Mexico,Tablet,26,16938.09,11174.48
6110,2025-03-08,Europe,Netherlands,Headphones,11,3102.52,1519.52
6111,2025-12-07,Europe,Germany,Headphones,9,1839.32,1036.82
6112,2026-03-09,Asia,South Korea,Smartphone,17,19247.7,13152.84
6113,2025-12-28,North America,Mexico,Headphones,29,6183.83,3381.91
6114,2025-03-29,South America,Chile,Smartphone,26,28394.81,17082.98
6115,2025-02-15,Europe,Germany,Laptop,4,6169.42,4000.65
6116,2026-02-22,South America,Chile,Laptop,13,12768.66,8091.87
6117,2026-05-16,North America,Mexico,Tablet,4,1808.06,1155.45
6118,2025-02-13,South America,Argentina,Laptop,21,31443.01,22868.83
6119,2025-01-15,Europe,Germany,Tablet,21,18144.89,11567.8
6120,2026-05-11,Asia,Singapore,Smartphone,22,11871.12,8633.26
6121,2025-10-28,South America,Argentina,Tablet,23,15997.37,10482.39
6122,2026-06-13,Asia,India,Tablet,4,2295.93,1514.57
6123,2025-06-09,North America,United States,Smartphone,21,12048.01,8621.72
6124,2025-07-30,Asia,Singapore,Smartphone,14,10788.91,7531.55
6125,2026-05-11,South America,Argentina,Smartphone,9,10103.04,7131.97
6126,2025-05-14,South America,Argentina,Headphones,28,5884.72,2713.21
6127,2025-03-13,Europe,United Kingdom,Headphones,15,3627.03,1846.36
6128,2026-04-27,South America,Brazil,Smartphone,28,22624.1,16581.01
6129,2026-02-27,Europe,Netherlands,Headphones,20,1790.24,1152.46
6130,2026-02-08,South America,Chile,Monitor,20,11629.45,8526.76
6131,2025-10-07,South America,Brazil,Laptop,15,13795.6,10618.71
6132,2025-10-24,Asia,Singapore,Monitor,14,6303.16,4661.49
6133,2025-02-21,Asia,Japan,Tablet,25,10458.38,7510.58
6134,2026-01-16,Asia,Singapore,Tablet,18,10211.28,6995.83
6135,2026-01-24,South America,Brazil,Tablet,24,7351.49,5255.06
6136,2025-04-06,Europe,Netherlands,Monitor,6,2767.78,1759.86
6137,2025-11-01,South America,Argentina,Tablet,24,13178.86,8768.33
6138,2025-03-15,Asia,South Korea,Laptop,9,12684.54,9288.15
6139,2025-07-29,South America,Chile,Smartphone,4,4066.99,2615.8
6140,2026-03-28,North America,Canada,Tablet,9,3904.01,2683.9
6141,2025-02-09,North America,United States,Headphones,27,4615.96,2974.5
6142,2026-02-15,Asia,India,Laptop,21,25071.18,17359.56
6143,2025-05-01,Europe,United Kingdom,Laptop,13,13766.7,9516.28
6144,2026-04-19,Europe,United Kingdom,Headphones,4,417.64,292.52
6145,2026-01-08,Asia,South Korea,Smartphone,20,14649.86,10825.68
6146,2026-05-10,Asia,Malaysia,Tablet,19,14242.01,8925.99
6147,2026-04-17,South America,Chile,Laptop,11,12765.96,8970.55
6148,2025-02-07,South America,Brazil,Smartphone,23,20015.8,13547.19
6149,2025-04-09,North America,Canada,Headphones,6,2057.81,1350.7
6150,2025-01-10,Europe,Netherlands,Smartphone,19,11358.76,7998.26
6151,2025-04-18,Asia,Japan,Monitor,17,8261.39,5661.98
6152,2025-09-26,South America,Brazil,Smartphone,3,1799.31,1261.78
6153,2025-10-22,Europe,United Kingdom,Monitor,16,3868.74,2405.06
6154,2025-03-11,North America,United States,Tablet,3,2200.38,1320.32
6155,2026-02-28,Europe,Italy,Monitor,22,15264.68,10049.26
6156,2025-06-10,Asia,Japan,Tablet,12,9956.95,6745.2
6157,2025-11-27,South America,Chile,Laptop,28,50072.95,34547.76
6158,2025-01-06,Asia,Japan,Headphones,25,7870.94,3941.67
6159,2025-08-17,Asia,Singapore,Smartphone,18,19495.61,13146.76
6160,2026-05-25,Europe,United Kingdom,Smartphone,12,12507.17,9452.67
6161,2026-02-24,North America,Canada,Smartphone,14,11493.98,7121.31
6162,2026-05-26,North America,Canada,Tablet,22,11351.16,6194.9
6163,2025-06-04,Asia,India,Laptop,30,52947.15,41817.32
6164,2025-12-28,Europe,Spain,Headphones,2,664.7,372.53
6165,2026-02-17,North America,Canada,Laptop,24,35463.58,24713.5
6166,2025-01-13,North America,Mexico,Laptop,4,3206.03,2419.65
6167,2026-03-07,South America,Chile,Monitor,26,17760.59,11377.12
6168,2026-03-22,Europe,Spain,Smartphone,15,12376.69,8707.14
6169,2026-03-14,South America,Brazil,Monitor,26,13442.0,8901.1
6170,2025-12-05,Asia,Japan,Smartphone,10,10537.91,6963.76
6171,2026-02-23,Asia,Japan,Monitor,19,12294.56,7790.62
6172,2026-03-17,Asia,Malaysia,Laptop,20,34497.4,23637.22
6173,2025-07-05,Asia,South Korea,Tablet,7,4407.54,2946.88
6174,2025-09-08,North America,Canada,Laptop,11,19399.93,12191.86
6175,2025-10-24,Europe,United Kingdom,Laptop,9,11459.14,8482.61
6176,2025-01-28,South America,Chile,Headphones,14,1739.34,813.12
6177,2025-12-30,South America,Argentina,Smartphone,14,9829.67,6601.04
6178,2025-11-21,Europe,Spain,Headphones,3,595.66,308.88
6179,2025-08-26,South America,Argentina,Tablet,7,4678.79,3086.8
6180,2026-06-24,North America,Mexico,Monitor,26,9092.7,6452.2
6181,2025-12-21,North America,Canada,Laptop,8,7305.85,5195.04
6182,2025-09-17,North America,Canada,Headphones,30,5561.45,3622.33
6183,2025-09-06,North America,United States,Tablet,16,7209.35,4477.33
6184,2025-10-12,Asia,South Korea,Smartphone,3,1539.85,1033.57
6185,2026-06-12,South America,Argentina,Tablet,13,10939.22,6151.79
6186,2025-03-25,South America,Argentina,Tablet,16,10489.22,6961.68
6187,2025-08-15,Asia,Japan,Headphones,2,505.2,235.7
6188,2025-03-03,North America,Mexico,Laptop,11,11953.18,8705.62
6189,2026-03-25,Asia,South Korea,Tablet,18,9334.66,5278.85
6190,2025-03-10,Asia,Singapore,Tablet,30,12328.28,7760.5
6191,2026-04-26,Europe,France,Smartphone,20,11748.69,9516.88
6192,2025-02-26,South America,Argentina,Smartphone,7,4882.41,3450.06
6193,2026-01-13,South America,Argentina,Headphones,22,4977.71,2892.92
6194,2025-06-10,Asia,India,Headphones,13,4255.96,2471.99
6195,2026-05-16,North America,Mexico,Monitor,17,8938.95,6063.51
6196,2026-05-03,Asia,South Korea,Monitor,8,1789.61,1358.52
6197,2026-04-12,Asia,Malaysia,Headphones,24,3522.24,1974.53
6198,2026-01-30,South America,Brazil,Headphones,16,4119.74,2797.41
6199,2026-05-31,North America,Canada,Laptop,26,43665.55,27021.98
6200,2025-10-27,North America,Canada,Laptop,15,22563.85,15932.25
6201,2025-06-10,Europe,Netherlands,Laptop,1,1729.08,1241.38
6202,2025-07-06,Asia,South Korea,Tablet,5,2845.92,1670.32
6203,2025-10-24,South America,Brazil,Laptop,11,15632.67,11369.86
6204,2025-12-26,South America,Argentina,Laptop,3,3776.44,2534.44
6205,2026-03-29,Asia,Singapore,Tablet,18,6378.06,4525.08
6206,2026-04-17,Europe,Spain,Headphones,10,819.29,496.28
6207,2025-11-19,Asia,Malaysia,Laptop,12,11949.56,8277.47
6208,2026-05-04,Asia,South Korea,Headphones,7,2205.11,1493.91
6209,2025-02-04,South America,Chile,Laptop,12,10584.85,6884.19
6210,2025-02-16,South America,Chile,Monitor,15,4362.54,3161.61
6211,2025-04-20,North America,Canada,Headphones,8,1834.03,1136.58
6212,2025-07-07,South America,Chile,Tablet,8,4559.02,3187.49
6213,2025-06-09,Europe,United Kingdom,Headphones,6,982.49,492.44
6214,2025-04-16,South America,Brazil,Laptop,28,47218.22,34476.78
6215,2025-02-06,North America,Mexico,Smartphone,2,1452.8,888.72
6216,2026-05-29,Asia,South Korea,Headphones,30,3401.34,1911.22
6217,2025-07-23,South America,Argentina,Tablet,22,12061.68,8549.71
6218,2026-05-02,South America,Argentina,Tablet,19,9755.28,6666.69
6219,2025-12-01,North America,United States,Laptop,11,19177.86,14021.98
6220,2026-03-29,South America,Chile,Smartphone,12,14181.32,8891.49
6221,2025-07-03,North America,Mexico,Headphones,21,5166.2,2869.85
6222,2025-03-08,Europe,Netherlands,Headphones,30,4993.27,2620.6
6223,2026-04-04,Asia,Japan,Tablet,16,9636.97,6635.36
6224,2026-04-29,Asia,India,Headphones,1,121.29,82.05
6225,2025-01-17,North America,United States,Tablet,2,1547.05,1028.75
6226,2025-11-07,Asia,India,Monitor,13,2689.55,1929.43
6227,2026-03-15,Europe,Germany,Tablet,21,10920.72,6716.34
6228,2026-03-24,Europe,France,Tablet,1,722.78,451.65
6229,2025-12-31,Europe,Germany,Laptop,28,45619.27,30734.36
6230,2025-11-05,Europe,Netherlands,Headphones,19,2226.81,1322.78
6231,2025-01-24,South America,Chile,Headphones,22,1980.6,1187.74
6232,2025-11-14,North America,Mexico,Smartphone,11,8246.43,5160.0
6233,2026-06-03,Europe,Netherlands,Smartphone,26,24032.64,16673.52
6234,2025-08-11,South America,Argentina,Monitor,5,3177.07,2060.98
6235,2025-11-30,Europe,Italy,Laptop,17,26002.34,17102.11
6236,2025-03-08,North America,Mexico,Smartphone,9,5559.46,3734.67
6237,2026-02-21,South America,Chile,Smartphone,22,19491.45,13707.68
6238,2025-02-05,North America,Canada,Smartphone,19,21389.16,14621.82
6239,2025-01-19,North America,Mexico,Headphones,28,7990.17,4984.09
6240,2026-03-04,South America,Chile,Smartphone,27,17629.44,11075.77
6241,2026-01-21,Europe,Netherlands,Monitor,2,964.63,656.25
6242,2026-04-04,Asia,India,Monitor,27,5587.81,3936.04
6243,2025-04-29,South America,Argentina,Headphones,30,6943.7,3480.61
6244,2025-01-19,Asia,Malaysia,Tablet,13,8601.36,5810.15
6245,2025-04-09,North America,United States,Laptop,13,13680.97,8916.95
6246,2026-02-23,South America,Brazil,Tablet,15,6584.71,3794.86
6247,2025-12-24,Asia,South Korea,Laptop,5,6206.88,4499.74
6248,2026-04-09,South America,Brazil,Smartphone,26,26123.05,18856.16
6249,2025-12-30,South America,Chile,Headphones,10,2118.36,1130.54
6250,2025-03-03,South America,Brazil,Monitor,29,9157.33,5817.43
6251,2025-12-11,South America,Brazil,Monitor,2,1293.81,811.99
6252,2025-03-26,North America,Canada,Monitor,3,1944.98,1251.16
6253,2025-09-29,North America,United States,Tablet,6,3348.51,1969.82
6254,2025-12-20,Asia,Malaysia,Monitor,24,11952.83,8684.26
6255,2026-01-13,North America,United States,Headphones,26,8281.99,5235.06
6256,2026-04-20,Europe,United Kingdom,Headphones,17,3586.64,2254.46
6257,2025-01-22,Asia,Malaysia,Smartphone,15,8958.37,5847.56
6258,2025-11-30,Asia,Singapore,Smartphone,27,21064.81,13833.33
6259,2026-05-13,North America,Mexico,Laptop,10,12365.58,9214.55
6260,2025-10-04,Europe,France,Monitor,23,6025.7,3955.08
6261,2025-10-17,Asia,Singapore,Tablet,11,5843.56,3825.7
6262,2025-05-27,South America,Chile,Smartphone,27,12706.95,8454.42
6263,2025-05-06,North America,Canada,Laptop,27,21840.13,15653.31
6264,2025-10-07,Asia,Singapore,Smartphone,28,21979.84,12991.42
6265,2026-02-16,Europe,Spain,Tablet,21,17347.86,12262.38
6266,2025-01-14,South America,Brazil,Monitor,3,826.95,521.06
6267,2025-11-11,Europe,Netherlands,Smartphone,22,19682.14,12954.67
6268,2025-04-18,Asia,Japan,Monitor,16,4466.86,2901.64
6269,2025-06-08,South America,Brazil,Monitor,15,9869.18,6599.79
6270,2025-10-26,South America,Chile,Tablet,30,18118.96,11532.33
6271,2025-05-07,North America,Canada,Headphones,15,3792.67,2068.12
6272,2025-10-29,Asia,Malaysia,Tablet,9,5978.32,3544.91
6273,2025-03-16,Asia,South Korea,Monitor,12,6223.24,4288.96
6274,2026-02-17,South America,Chile,Tablet,23,18146.77,12954.42
6275,2025-01-05,North America,United States,Monitor,21,8638.27,5703.52
6276,2026-05-29,Asia,Japan,Laptop,7,6129.5,3982.64
6277,2025-07-31,Europe,Italy,Monitor,20,4148.14,2650.38
6278,2025-02-12,Asia,Malaysia,Headphones,8,1049.13,507.17
6279,2025-11-23,Europe,Spain,Laptop,4,4792.05,3185.41
6280,2025-01-12,Asia,Japan,Monitor,5,2344.36,1755.92
6281,2025-08-16,North America,United States,Laptop,4,4614.45,3386.92
6282,2025-09-04,South America,Chile,Laptop,12,15416.25,10199.61
6283,2025-03-30,North America,Mexico,Laptop,1,1473.75,1081.71
6284,2025-01-13,South America,Brazil,Smartphone,23,16193.03,9546.39
6285,2026-02-11,Europe,France,Monitor,30,20832.9,13081.69
6286,2025-05-27,North America,Canada,Headphones,21,5111.06,2418.86
6287,2025-12-11,Europe,Netherlands,Headphones,23,2749.25,1843.11
6288,2026-03-13,Europe,France,Tablet,2,1746.56,997.83
6289,2025-03-03,North America,United States,Laptop,11,18330.93,13658.31
6290,2026-05-24,Europe,Italy,Smartphone,23,20518.36,15260.59
6291,2025-02-08,South America,Chile,Tablet,6,4922.13,3060.83
6292,2026-02-10,South America,Argentina,Laptop,18,18259.63,12934.67
6293,2026-02-05,Asia,India,Tablet,2,1131.03,676.84
6294,2025-07-20,Europe,Spain,Monitor,3,1985.29,1430.82
6295,2025-01-19,Asia,Malaysia,Laptop,20,33873.21,22180.47
6296,2025-02-23,North America,Mexico,Monitor,6,2393.41,1427.26
6297,2025-01-08,Asia,Singapore,Monitor,10,4568.33,3025.23
6298,2026-04-05,Asia,India,Smartphone,6,4616.86,3117.64
6299,2025-12-05,Asia,Japan,Headphones,26,7879.78,3938.09
6300,2026-04-10,Asia,Singapore,Tablet,2,734.56,485.36
6301,2025-09-12,North America,Canada,Tablet,10,4408.35,2444.45
6302,2026-02-16,North America,Canada,Headphones,9,1824.49,824.64
6303,2026-05-02,Asia,Singapore,Monitor,7,2799.24,2149.59
6304,2026-06-20,Asia,South Korea,Tablet,12,10642.1,7134.75
6305,2025-01-18,North America,Canada,Headphones,8,1805.67,944.37
6306,2025-01-14,South America,Chile,Monitor,2,1017.07,619.07
6307,2025-07-12,Europe,Italy,Smartphone,4,3616.48,2142.58
6308,2025-08-21,North America,Mexico,Headphones,1,156.34,76.32
6309,2025-04-23,North America,Mexico,Monitor,19,7794.98,4621.97
6310,2025-02-19,Europe,United Kingdom,Monitor,1,245.32,171.45
6311,2025-07-24,Asia,Singapore,Smartphone,1,1079.37,711.91
6312,2025-06-28,South America,Brazil,Headphones,7,706.02,380.67
6313,2025-10-10,Asia,South Korea,Monitor,27,18047.85,11676.54
6314,2026-01-24,Europe,United Kingdom,Laptop,29,39142.3,25246.24
6315,2025-04-18,Europe,Germany,Monitor,3,1636.65,1013.69
6316,2025-10-30,North America,Canada,Tablet,2,1001.34,559.47
6317,2026-01-06,Europe,Spain,Laptop,20,33919.74,21093.28
6318,2025-12-07,South America,Argentina,Smartphone,21,14416.26,10212.64
6319,2025-08-20,North America,Mexico,Tablet,3,1749.32,1073.16
6320,2026-01-06,Asia,Singapore,Laptop,8,11617.28,7371.18
6321,2025-07-10,South America,Argentina,Laptop,2,2393.7,1609.16
6322,2026-03-10,Europe,France,Tablet,19,7610.75,4435.97
6323,2026-04-02,South America,Argentina,Tablet,3,2095.73,1359.28
6324,2026-01-12,South America,Brazil,Monitor,11,3254.04,2019.33
6325,2026-05-23,South America,Chile,Tablet,6,3217.55,1836.4
6326,2026-06-24,South America,Chile,Headphones,23,7491.82,4964.38
6327,2025-04-29,South America,Chile,Headphones,28,4124.51,2308.87
6328,2025-04-19,North America,United States,Laptop,3,3174.17,2303.6
6329,2025-04-29,Asia,Singapore,Headphones,10,3483.8,2313.15
6330,2026-03-03,South America,Brazil,Laptop,30,44183.85,28835.38
6331,2025-03-18,South America,Chile,Tablet,3,1932.06,1365.48
6332,2026-02-24,South America,Chile,Tablet,10,8428.18,5090.38
6333,2025-02-24,North America,Canada,Laptop,7,7379.16,5555.37
6334,2025-04-03,South America,Argentina,Laptop,15,12433.91,7916.45
6335,2025-02-07,Europe,Germany,Smartphone,15,8558.61,5267.52
6336,2025-04-03,Europe,Italy,Smartphone,1,1150.02,844.54
6337,2026-04-27,South America,Argentina,Monitor,9,1854.97,1131.87
6338,2025-03-07,North America,Canada,Smartphone,25,17976.22,10411.11
6339,2026-03-25,Asia,Singapore,Laptop,4,4884.58,3296.24
6340,2025-10-05,Asia,Singapore,Laptop,27,24896.83,19184.63
6341,2026-04-30,North America,Canada,Monitor,14,3811.46,2803.45
6342,2026-06-25,Asia,Japan,Smartphone,27,12148.86,7994.78
6343,2025-10-28,Asia,India,Laptop,14,24087.91,16184.04
6344,2025-02-26,Asia,Malaysia,Headphones,26,4520.9,2732.52
6345,2025-12-13,Asia,Japan,Tablet,30,21410.0,13412.4
6346,2025-05-31,Europe,Italy,Tablet,14,6359.81,3701.51
6347,2025-08-28,Europe,Italy,Tablet,19,14734.62,8127.96
6348,2025-02-04,North America,Mexico,Tablet,4,1430.71,987.02
6349,2026-05-03,Europe,France,Tablet,21,11658.68,9098.61
6350,2025-09-05,Europe,Netherlands,Laptop,16,21493.15,16241.36
6351,2025-02-16,South America,Chile,Monitor,19,11738.3,8450.47
6352,2026-04-09,South America,Brazil,Laptop,18,28813.11,20293.13
6353,2025-01-15,North America,United States,Tablet,21,17119.19,10054.32
6354,2025-10-18,South America,Argentina,Monitor,8,2552.47,1818.23
6355,2026-01-16,South America,Brazil,Monitor,25,12537.27,7591.42
6356,2026-03-13,North America,United States,Tablet,27,12011.0,7845.34
6357,2026-05-11,North America,United States,Tablet,1,777.1,447.94
6358,2025-01-19,Europe,Netherlands,Laptop,17,19167.06,13103.61
6359,2026-04-04,North America,Mexico,Laptop,24,34083.68,21713.5
6360,2025-01-22,North America,Mexico,Tablet,2,1318.76,820.43
6361,2025-06-06,Europe,Spain,Tablet,15,11069.29,6823.08
6362,2026-06-02,Europe,Italy,Smartphone,24,26472.27,20036.77
6363,2025-06-26,North America,United States,Monitor,21,5195.92,3561.76
6364,2025-10-03,Europe,Netherlands,Monitor,6,3419.02,2331.94
6365,2025-01-27,Europe,Italy,Headphones,26,3493.72,2184.59
6366,2025-06-03,Europe,Italy,Headphones,11,2669.95,1740.77
6367,2025-06-02,Asia,Japan,Smartphone,3,1644.9,1073.18
6368,2026-05-26,Asia,Singapore,Laptop,27,40233.54,30710.94
6369,2026-06-16,North America,Canada,Laptop,14,13648.08,9330.91
6370,2025-04-29,North America,United States,Smartphone,9,9296.33,6037.86
6371,2026-05-22,Asia,Japan,Smartphone,11,10124.91,6350.38
6372,2026-05-17,North America,United States,Laptop,22,37309.61,27071.43
6373,2025-01-13,North America,United States,Laptop,15,20908.78,15753.12
6374,2025-09-25,Europe,United Kingdom,Headphones,15,1465.3,898.3
6375,2025-10-22,Asia,Singapore,Laptop,28,40950.32,32327.0
6376,2025-05-20,North America,United States,Laptop,28,43850.4,29303.54
6377,2026-05-19,South America,Chile,Headphones,8,1494.02,903.02
6378,2025-07-06,South America,Brazil,Monitor,19,7108.24,4434.36
6379,2026-06-18,Europe,Italy,Laptop,5,6914.98,4934.6
6380,2025-11-25,Europe,Germany,Laptop,8,11644.82,7314.3
6381,2025-01-31,South America,Argentina,Smartphone,12,13877.18,9550.6
6382,2025-07-02,North America,Canada,Headphones,9,3039.87,1919.45
6383,2025-10-23,Europe,France,Smartphone,5,5291.1,3175.6
6384,2025-08-22,Asia,India,Headphones,16,4672.72,2712.31
6385,2025-11-26,South America,Brazil,Headphones,10,1359.44,871.57
6386,2025-04-18,Asia,South Korea,Laptop,17,30174.07,21722.22
6387,2026-03-27,Asia,South Korea,Headphones,6,680.71,461.84
6388,2025-04-25,South America,Chile,Headphones,6,707.71,424.19
6389,2026-06-13,Europe,Spain,Headphones,7,1403.65,864.15
6390,2025-08-26,Europe,Italy,Headphones,10,1528.88,898.48
6391,2025-09-10,Europe,France,Monitor,21,7122.22,5014.07
6392,2025-08-25,Europe,Germany,Smartphone,26,14744.4,8696.13
6393,2025-09-14,North America,Canada,Smartphone,10,10738.51,6659.01
6394,2025-02-01,South America,Argentina,Laptop,1,1120.87,736.66
6395,2025-12-31,North America,Mexico,Headphones,17,1957.47,953.34
6396,2025-09-28,Europe,Netherlands,Laptop,25,32779.35,23825.34
6397,2025-07-03,Asia,Malaysia,Tablet,2,1567.17,913.92
6398,2025-10-15,South America,Argentina,Headphones,18,5151.91,3457.71
6399,2026-06-12,South America,Chile,Tablet,8,4629.58,3327.09
6400,2026-03-13,North America,United States,Tablet,29,23487.09,16465.07
6401,2025-08-10,Europe,Italy,Laptop,13,15742.55,11475.85
6402,2026-05-21,Europe,Netherlands,Monitor,7,4079.43,2926.04
6403,2025-04-13,Europe,Netherlands,Monitor,23,5672.94,3498.48
6404,2025-12-07,North America,Mexico,Smartphone,1,875.98,567.99
6405,2025-04-27,Asia,Singapore,Laptop,8,10301.33,7516.29
6406,2026-04-23,Europe,France,Monitor,19,9794.73,6991.41
6407,2026-03-01,Europe,Spain,Headphones,5,1586.81,1041.13
6408,2025-10-21,North America,Mexico,Smartphone,2,1562.91,1092.52
6409,2026-02-05,Asia,Singapore,Monitor,23,8033.54,5284.21
6410,2025-10-04,South America,Brazil,Smartphone,12,13239.15,9629.59
6411,2025-03-04,South America,Argentina,Smartphone,19,17640.67,10299.55
6412,2025-08-13,South America,Argentina,Headphones,21,2358.4,1074.42
6413,2026-04-07,Asia,India,Headphones,12,2504.46,1620.19
6414,2025-01-24,Asia,Singapore,Tablet,1,852.24,555.07
6415,2026-03-01,North America,Canada,Tablet,14,6943.79,4580.73
6416,2025-03-23,South America,Argentina,Tablet,6,1921.02,1159.3
6417,2025-02-26,North America,United States,Tablet,30,21429.14,12758.72
6418,2026-05-11,North America,United States,Headphones,26,3303.51,1542.48
6419,2026-02-08,South America,Argentina,Headphones,24,5786.96,2927.21
6420,2025-01-25,Europe,France,Tablet,28,18944.87,11396.24
6421,2025-02-04,North America,Mexico,Headphones,2,369.3,203.16
6422,2025-03-15,North America,Canada,Monitor,12,4255.98,2686.29
6423,2025-02-20,Europe,Germany,Tablet,2,627.0,420.87
6424,2025-09-18,North America,Canada,Headphones,15,2759.43,1716.76
6425,2025-10-30,South America,Argentina,Smartphone,12,8700.37,5438.85
6426,2025-05-26,North America,Canada,Monitor,5,1790.64,1177.4
6427,2025-03-27,Asia,Malaysia,Laptop,23,29221.79,19959.19
6428,2025-03-23,Europe,Spain,Laptop,6,8805.53,5609.85
6429,2026-01-29,North America,United States,Tablet,2,1268.25,710.19
6430,2025-12-04,Europe,United Kingdom,Smartphone,4,2682.23,1564.94
6431,2025-03-14,South America,Argentina,Laptop,21,25889.59,17188.71
6432,2026-05-11,South America,Brazil,Laptop,21,17637.26,13651.01
6433,2025-08-23,Asia,Japan,Laptop,19,23912.77,16870.21
6434,2025-06-16,North America,Canada,Monitor,4,1626.59,1025.79
6435,2025-10-27,North America,Canada,Headphones,14,2189.2,1346.46
6436,2026-06-02,Asia,Singapore,Tablet,3,2594.65,1692.18
6437,2025-07-09,Europe,Germany,Smartphone,28,21144.09,12693.21
6438,2025-10-13,South America,Chile,Headphones,27,7337.66,4620.25
6439,2026-04-14,North America,Mexico,Laptop,23,38161.51,28868.1
6440,2025-11-03,North America,United States,Laptop,19,27750.44,18634.93
6441,2025-09-19,South America,Brazil,Headphones,5,1269.89,655.92
6442,2026-05-31,South America,Chile,Laptop,21,36908.94,27324.1
6443,2026-05-05,South America,Chile,Monitor,14,8419.64,6201.84
6444,2026-04-27,Asia,South Korea,Headphones,2,333.68,174.54
6445,2025-06-01,North America,United States,Headphones,4,1243.4,677.1
6446,2026-03-10,Asia,Malaysia,Headphones,15,2441.78,1367.64
6447,2026-04-14,South America,Argentina,Monitor,25,5717.15,3988.84
6448,2025-05-04,Asia,Singapore,Smartphone,13,13921.48,8494.73
6449,2025-08-04,Europe,Italy,Monitor,28,13711.19,10081.48
6450,2025-01-16,North America,Canada,Monitor,11,5363.39,3186.85
6451,2026-01-19,South America,Chile,Smartphone,26,28933.74,19518.53
6452,2026-03-02,South America,Brazil,Tablet,28,13061.54,8172.69
6453,2026-05-08,Europe,United Kingdom,Laptop,12,19259.51,16088.22
6454,2026-04-25,Europe,France,Tablet,24,7463.11,4810.3
6455,2026-01-13,North America,Canada,Headphones,10,896.61,565.82
6456,2025-11-25,South America,Argentina,Smartphone,12,8538.65,5813.02
6457,2026-05-18,North America,Canada,Headphones,9,1587.36,965.89
6458,2026-04-30,South America,Chile,Monitor,7,2247.09,1469.87
6459,2025-10-06,Asia,India,Tablet,1,899.81,641.34
6460,2025-08-09,Europe,Netherlands,Monitor,6,2611.26,1873.31
6461,2025-05-14,Asia,South Korea,Monitor,19,6906.35,4773.68
6462,2026-05-25,Europe,Netherlands,Headphones,19,6603.72,4778.08
6463,2025-06-11,South America,Argentina,Laptop,8,9677.99,6656.39
6464,2025-02-01,Asia,South Korea,Monitor,22,14026.54,9149.13
6465,2025-06-26,North America,United States,Tablet,2,667.96,415.42
6466,2026-02-12,Europe,Italy,Tablet,8,4695.36,3277.42
6467,2026-04-24,North America,United States,Tablet,16,5819.24,4125.48
6468,2025-03-08,Europe,Italy,Smartphone,22,16338.55,10348.64
6469,2026-04-28,Asia,Singapore,Headphones,6,1037.71,501.0
6470,2025-03-17,North America,Canada,Headphones,16,3570.3,1965.39
6471,2026-06-06,Asia,Japan,Laptop,16,23518.25,14896.03
6472,2025-03-06,Asia,Japan,Tablet,27,20038.75,11284.32
6473,2025-08-02,South America,Argentina,Smartphone,6,6389.77,4147.93
6474,2025-06-29,North America,Mexico,Tablet,4,2525.28,1402.41
6475,2026-01-24,North America,Mexico,Headphones,4,447.42,268.31
6476,2025-11-04,South America,Argentina,Laptop,8,6945.37,4425.01
6477,2025-06-09,South America,Chile,Laptop,9,11111.81,7524.44
6478,2025-12-24,Europe,Germany,Smartphone,1,1047.78,746.25
6479,2025-03-02,North America,Mexico,Monitor,14,7559.83,5242.05
6480,2025-09-17,Asia,Japan,Headphones,30,4749.66,2391.18
6481,2025-08-01,South America,Argentina,Tablet,29,11466.91,7283.26
6482,2026-01-30,Asia,South Korea,Monitor,8,2825.96,1972.47
6483,2025-11-29,Europe,Netherlands,Smartphone,1,1053.04,733.93
6484,2026-04-05,South America,Brazil,Laptop,15,20631.82,15478.89
6485,2026-02-15,Asia,Singapore,Laptop,27,30510.18,20187.33
6486,2026-03-11,South America,Chile,Headphones,5,775.19,498.94
6487,2025-11-09,Asia,South Korea,Smartphone,13,15123.36,10661.84
6488,2026-05-15,Asia,Malaysia,Headphones,19,5788.75,3808.66
6489,2025-03-23,Asia,Malaysia,Monitor,15,4243.06,2919.29
6490,2025-09-21,South America,Chile,Monitor,30,15248.65,9276.08
6491,2025-01-19,South America,Argentina,Smartphone,20,14034.47,9533.18
6492,2026-01-26,North America,United States,Tablet,4,2984.77,1858.42
6493,2025-03-18,Europe,France,Laptop,10,8201.88,5186.86
6494,2025-01-09,South America,Brazil,Headphones,3,349.07,219.35
6495,2025-10-14,Asia,Japan,Monitor,2,1388.38,886.9
6496,2026-01-09,South America,Chile,Laptop,10,14203.24,9310.55
6497,2026-01-02,North America,United States,Laptop,19,19180.75,12341.74
6498,2025-03-06,Europe,Germany,Laptop,24,26959.19,18017.98
6499,2026-02-10,South America,Brazil,Laptop,27,27510.28,17309.63
6500,2025-02-17,Europe,Netherlands,Monitor,9,4352.52,2675.77
6501,2026-04-07,North America,Canada,Laptop,26,33791.39,21873.66
6502,2025-07-09,Europe,Netherlands,Monitor,7,2986.0,1904.38
6503,2026-05-08,Europe,Germany,Laptop,4,5842.12,4971.96
6504,2025-06-25,South America,Brazil,Laptop,27,43170.27,30575.63
6505,2025-06-11,Asia,Singapore,Laptop,1,1215.93,806.64
6506,2026-01-26,North America,Canada,Headphones,14,4622.32,2090.17
6507,2025-11-17,Europe,United Kingdom,Smartphone,11,9173.87,5381.65
6508,2025-10-11,South America,Brazil,Laptop,27,36642.04,27721.42
6509,2025-02-03,North America,Canada,Laptop,3,5082.56,3707.31
6510,2025-03-13,Europe,Spain,Tablet,20,17604.07,12358.48
6511,2026-02-21,Europe,France,Monitor,13,6502.76,4099.91
6512,2025-10-08,South America,Argentina,Headphones,14,2696.79,1739.13
6513,2025-09-20,North America,Canada,Smartphone,11,8555.32,4887.8
6514,2025-10-07,Asia,Japan,Tablet,13,10646.33,7332.24
6515,2026-02-01,North America,Mexico,Headphones,14,3980.97,2466.14
6516,2026-05-19,North America,Canada,Laptop,24,31637.35,21822.9
6517,2026-05-26,Europe,Germany,Tablet,18,11427.21,8731.36
6518,2026-01-27,Europe,United Kingdom,Headphones,1,335.76,194.92
6519,2025-12-05,North America,Canada,Laptop,18,17467.27,12029.79
6520,2026-01-26,North America,United States,Tablet,9,6664.26,3702.26
6521,2025-11-03,North America,Mexico,Smartphone,20,23566.75,14415.6
6522,2025-05-29,South America,Argentina,Laptop,17,22759.91,16660.17
6523,2025-02-14,Europe,United Kingdom,Laptop,8,9906.04,6952.93
6524,2026-03-02,Asia,South Korea,Headphones,9,2852.97,1934.01
6525,2026-03-31,Europe,United Kingdom,Smartphone,9,4051.93,2820.55
6526,2026-06-02,Europe,United Kingdom,Smartphone,28,31505.7,20821.88
6527,2026-01-27,Europe,Italy,Laptop,2,2458.35,1554.78
6528,2025-09-29,Asia,South Korea,Tablet,19,11085.45,7473.68
6529,2025-08-20,South America,Argentina,Monitor,24,6057.27,3680.27
6530,2025-09-15,Europe,Italy,Laptop,11,9215.35,6887.97
6531,2026-03-19,Europe,Germany,Monitor,12,6946.64,4291.22
6532,2025-01-07,Europe,Italy,Monitor,18,5853.79,3987.04
6533,2026-01-12,North America,Canada,Monitor,4,1858.95,1224.05
6534,2026-05-10,South America,Brazil,Monitor,14,6216.73,4414.43
6535,2025-06-13,Asia,Malaysia,Smartphone,10,8689.56,5289.95
6536,2025-07-30,Europe,Netherlands,Headphones,26,3140.34,1674.89
6537,2026-04-09,Asia,Singapore,Headphones,16,3590.06,1813.5
6538,2026-04-20,North America,Mexico,Laptop,29,38392.45,26959.07
6539,2025-06-24,Europe,United Kingdom,Headphones,19,5667.14,3603.57
6540,2026-04-22,South America,Chile,Headphones,28,6318.62,2975.05
6541,2025-06-19,North America,Canada,Smartphone,2,1651.39,1050.93
6542,2025-01-15,Europe,France,Tablet,16,12708.5,7072.82
6543,2025-03-13,South America,Chile,Smartphone,23,10069.68,6893.74
6544,2025-09-04,South America,Brazil,Smartphone,29,20222.55,12819.64
6545,2025-12-27,Europe,United Kingdom,Laptop,13,16095.45,10954.65
6546,2025-03-20,South America,Chile,Monitor,5,3456.41,2298.3
6547,2025-12-22,South America,Chile,Smartphone,13,14101.16,8301.3
6548,2026-01-04,Asia,South Korea,Headphones,16,2092.19,1031.84
6549,2025-03-04,Asia,Japan,Tablet,28,13035.25,7401.68
6550,2025-01-21,South America,Chile,Tablet,1,667.52,430.59
6551,2026-04-20,Asia,Malaysia,Monitor,30,7453.51,5548.57
6552,2025-07-24,North America,United States,Laptop,2,2879.44,1957.8
6553,2025-11-27,North America,Mexico,Tablet,8,6487.92,4336.47
6554,2025-08-25,Europe,Germany,Tablet,14,4720.61,3159.34
6555,2025-11-17,South America,Brazil,Headphones,20,5360.09,3585.35
6556,2026-05-24,Europe,Italy,Tablet,19,15529.11,11587.06
6557,2026-04-27,North America,Mexico,Laptop,10,10826.53,8134.76
6558,2025-02-22,North America,Mexico,Headphones,27,3928.42,1965.96
6559,2025-01-16,Asia,South Korea,Headphones,19,1641.07,1075.26
6560,2026-03-12,North America,Canada,Laptop,7,5630.68,4285.22
6561,2025-02-18,North America,Mexico,Laptop,29,47973.47,36133.79
6562,2025-12-02,South America,Argentina,Tablet,16,6813.61,4375.43
6563,2025-01-01,North America,United States,Monitor,10,2121.81,1306.16
6564,2025-06-18,North America,United States,Monitor,6,2233.42,1397.66
6565,2025-01-14,North America,Mexico,Smartphone,18,12394.49,7698.67
6566,2026-01-14,Europe,Germany,Smartphone,11,5781.61,3786.37
6567,2025-04-05,South America,Chile,Headphones,16,4185.14,2826.93
6568,2025-12-20,Europe,Netherlands,Tablet,4,1699.83,1185.0
6569,2025-05-04,North America,United States,Headphones,1,176.89,81.6
6570,2025-10-24,Europe,France,Laptop,23,39935.39,24780.66
6571,2025-09-22,Europe,United Kingdom,Tablet,3,1496.2,970.55
6572,2025-08-06,Asia,Japan,Monitor,14,7701.1,4876.83
6573,2026-01-27,North America,Canada,Smartphone,17,13130.36,8769.51
6574,2025-02-13,Asia,Singapore,Smartphone,28,15761.87,9421.66
6575,2025-02-22,North America,Canada,Smartphone,14,14685.42,9402.05
6576,2025-06-02,North America,United States,Smartphone,16,9026.34,6365.84
6577,2025-03-30,Asia,Singapore,Headphones,27,2666.79,1362.78
6578,2026-03-17,South America,Chile,Tablet,28,11586.85,6958.73
6579,2026-03-14,North America,Mexico,Smartphone,3,2778.69,1984.49
6580,2025-11-19,North America,Canada,Monitor,18,10445.67,6778.25
6581,2025-11-24,Europe,United Kingdom,Monitor,23,7276.17,5126.02
6582,2025-04-21,South America,Chile,Headphones,19,3976.88,2165.39
6583,2025-08-22,Asia,India,Smartphone,7,2843.87,1748.71
6584,2025-08-04,Asia,Japan,Headphones,17,4257.92,2193.01
6585,2026-01-31,Europe,France,Tablet,1,666.35,447.34
6586,2025-06-07,South America,Brazil,Tablet,1,314.55,189.6
6587,2026-03-22,South America,Argentina,Headphones,10,2061.72,1312.71
6588,2025-06-06,South America,Brazil,Smartphone,15,9773.74,6816.11
6589,2026-03-05,South America,Brazil,Monitor,17,3646.02,2307.29
6590,2026-05-13,Asia,Malaysia,Laptop,27,36578.34,26121.98
6591,2025-05-31,Asia,Japan,Laptop,19,23947.49,15444.66
6592,2025-06-23,North America,Canada,Monitor,2,1030.9,685.22
6593,2025-04-12,South America,Brazil,Laptop,1,1363.44,989.36
6594,2026-02-28,Asia,South Korea,Monitor,17,11343.29,8163.71
6595,2026-06-02,Europe,Italy,Headphones,19,3506.37,1869.48
6596,2026-02-13,Europe,France,Monitor,19,4246.02,3041.45
6597,2025-06-17,North America,United States,Headphones,22,3341.58,1718.18
6598,2025-01-24,South America,Chile,Laptop,22,27490.91,17634.49
6599,2025-10-20,Europe,Netherlands,Headphones,20,5845.37,3965.99
6600,2026-03-30,Europe,France,Laptop,2,2715.22,1914.2
6601,2025-09-28,Europe,Spain,Headphones,30,9286.82,6069.47
6602,2025-09-22,North America,Mexico,Monitor,18,8761.64,6492.9
6603,2025-10-06,Asia,Japan,Tablet,14,11760.6,7222.35
6604,2026-01-22,South America,Chile,Smartphone,13,5822.75,3470.32
6605,2025-03-13,Europe,Italy,Monitor,24,13525.56,8759.47
6606,2025-11-24,South America,Chile,Tablet,8,5473.66,3504.81
6607,2025-01-09,Asia,South Korea,Headphones,6,1974.2,1199.83
6608,2025-12-09,Asia,South Korea,Laptop,5,6091.34,4692.14
6609,2026-06-23,South America,Brazil,Tablet,29,10097.14,6903.5
6610,2025-11-24,South America,Chile,Laptop,8,11453.92,7907.07
6611,2025-03-21,North America,United States,Laptop,27,34506.55,22916.33
6612,2025-05-21,North America,Canada,Headphones,20,3087.93,1871.9
6613,2025-09-10,Asia,India,Monitor,18,5031.45,3251.15
6614,2025-02-09,North America,Mexico,Headphones,16,3044.73,1434.12
6615,2026-06-25,North America,United States,Monitor,17,5731.05,4220.8
6616,2025-09-17,Europe,Germany,Tablet,15,8541.19,5287.58
6617,2026-01-31,Asia,India,Headphones,20,5369.04,3100.78
6618,2025-11-21,South America,Argentina,Smartphone,11,12346.04,8472.32
6619,2025-11-04,Asia,Singapore,Tablet,18,13913.08,8741.91
6620,2025-06-28,Asia,Malaysia,Headphones,2,696.75,346.47
6621,2026-03-07,South America,Chile,Tablet,2,1120.15,620.55
6622,2025-11-18,North America,United States,Smartphone,17,9025.52,6180.34
6623,2025-08-27,South America,Chile,Headphones,17,2363.52,1192.2
6624,2025-05-19,Asia,Malaysia,Headphones,17,3151.37,1562.08
6625,2025-09-16,South America,Chile,Headphones,24,4649.82,2694.52
6626,2026-03-18,Europe,Germany,Smartphone,12,8653.86,5707.73
6627,2025-02-23,North America,United States,Monitor,21,13923.58,9787.8
6628,2025-06-14,South America,Brazil,Monitor,8,4107.59,2467.22
6629,2026-02-13,Europe,Germany,Laptop,5,8109.61,5563.31
6630,2025-10-20,South America,Chile,Laptop,19,30388.16,19207.6
6631,2025-02-07,Europe,Germany,Laptop,20,18127.59,12376.73
6632,2025-11-27,North America,Canada,Tablet,30,21964.66,12005.59
6633,2025-04-09,South America,Chile,Tablet,28,15122.32,9999.92
6634,2026-05-18,North America,Mexico,Smartphone,26,27502.95,19686.98
6635,2025-11-19,Asia,Japan,Tablet,22,15507.13,10188.25
6636,2026-04-14,Asia,India,Monitor,25,16978.58,10785.73
6637,2026-02-26,South America,Argentina,Monitor,19,12222.98,7423.45
6638,2026-04-04,Europe,Netherlands,Headphones,22,5726.94,4024.5
6639,2025-03-09,Europe,Italy,Laptop,7,10282.62,6791.18
6640,2025-05-31,North America,United States,Laptop,14,14976.28,9489.44
6641,2026-04-15,South America,Argentina,Smartphone,10,10656.39,7282.76
6642,2026-02-28,North America,United States,Monitor,22,11943.96,7727.52
6643,2025-11-24,Asia,Singapore,Monitor,29,12910.0,9630.39
6644,2025-03-23,Europe,Italy,Laptop,6,7850.07,5747.66
6645,2025-12-27,Asia,Malaysia,Headphones,24,5150.49,2794.68
6646,2026-05-21,North America,Mexico,Smartphone,2,1216.53,707.0
6647,2025-12-19,North America,United States,Headphones,24,7003.86,4558.75
6648,2025-08-22,Europe,Germany,Monitor,30,20121.35,14418.26
6649,2025-01-21,Asia,Japan,Headphones,16,3258.49,1708.19
6650,2025-10-22,Asia,Japan,Smartphone,19,18273.8,11790.4
6651,2026-04-13,South America,Argentina,Tablet,29,21008.2,12607.84
6652,2026-04-29,South America,Brazil,Tablet,21,14319.37,8833.17
6653,2025-10-08,South America,Brazil,Headphones,7,1810.23,937.77
6654,2025-01-11,South America,Argentina,Laptop,1,832.19,592.16
6655,2025-10-26,North America,United States,Headphones,17,2117.55,1209.29
6656,2025-03-09,South America,Chile,Tablet,5,1863.31,1184.07
6657,2026-03-10,North America,Mexico,Tablet,20,11638.01,7817.47
6658,2025-07-04,North America,Mexico,Headphones,3,241.43,141.95
6659,2026-04-26,Europe,United Kingdom,Headphones,24,3611.55,2133.83
6660,2025-12-26,South America,Argentina,Laptop,21,19895.13,14787.91
6661,2025-10-21,Asia,Singapore,Tablet,2,1460.07,933.65
6662,2025-01-28,Europe,Italy,Smartphone,3,3455.98,2136.81
6663,2025-12-03,North America,United States,Tablet,30,17096.4,11410.45
6664,2025-10-03,North America,Mexico,Laptop,24,30542.02,23501.79
6665,2025-05-07,Asia,Malaysia,Smartphone,3,2729.22,1957.02
6666,2025-07-06,South America,Argentina,Smartphone,4,4710.8,3117.32
6667,2025-11-24,North America,Canada,Monitor,18,8146.98,5090.12
6668,2026-04-21,South America,Brazil,Monitor,2,769.92,465.43
6669,2025-01-26,North America,Mexico,Laptop,21,25245.79,15925.63
6670,2025-08-11,Asia,South Korea,Monitor,6,3995.02,2893.23
6671,2025-07-27,Asia,South Korea,Tablet,15,5876.3,4247.53
6672,2026-05-23,Europe,United Kingdom,Monitor,2,881.26,686.89
6673,2025-09-05,South America,Chile,Headphones,16,3416.81,1795.97
6674,2025-07-15,South America,Brazil,Monitor,19,11452.62,8357.22
6675,2025-11-04,North America,Canada,Tablet,4,3279.28,2220.41
6676,2025-08-18,North America,Canada,Headphones,5,1111.87,591.45
6677,2025-05-31,Europe,Germany,Monitor,26,17133.21,10566.83
6678,2025-11-18,Asia,South Korea,Tablet,15,12170.36,7939.67
6679,2026-05-21,Europe,United Kingdom,Tablet,24,10423.89,8270.33
6680,2025-03-14,South America,Chile,Smartphone,3,3103.15,1905.66
6681,2025-11-02,South America,Argentina,Monitor,29,6721.8,4927.72
6682,2025-04-08,South America,Argentina,Tablet,21,6937.4,3948.32
6683,2025-01-21,Europe,Germany,Smartphone,16,13162.8,8282.44
6684,2026-01-01,South America,Brazil,Laptop,12,11047.49,7070.81
6685,2025-11-30,Asia,Malaysia,Laptop,28,40590.62,28311.48
6686,2025-04-08,Europe,United Kingdom,Smartphone,29,23105.85,16718.95
6687,2025-08-02,Asia,Malaysia,Monitor,21,10243.23,7605.48
6688,2025-06-21,South America,Argentina,Monitor,25,7341.33,4869.03
6689,2026-06-12,South America,Argentina,Smartphone,3,1384.11,998.06
6690,2025-06-17,North America,United States,Headphones,16,1858.87,1098.51
6691,2026-04-01,North America,Canada,Headphones,7,1945.19,994.79
6692,2025-11-03,North America,Mexico,Headphones,9,2686.39,1675.87
6693,2026-01-20,North America,Canada,Headphones,25,7149.35,3777.74
6694,2025-09-27,Asia,Malaysia,Tablet,1,879.51,634.25
6695,2025-05-25,South America,Argentina,Laptop,28,32332.93,24462.96
6696,2025-08-23,South America,Chile,Tablet,1,688.23,385.41
6697,2025-04-23,Asia,Singapore,Laptop,21,35865.51,27130.43
6698,2025-07-16,Europe,Netherlands,Headphones,14,2832.08,1924.0
6699,2026-05-04,North America,Mexico,Laptop,9,9700.41,7068.6
6700,2026-03-01,South America,Brazil,Headphones,14,4166.76,2572.91
6701,2026-01-21,Europe,Germany,Tablet,2,1459.66,861.02
6702,2025-01-02,Europe,Germany,Smartphone,13,12002.09,7618.28
6703,2026-01-23,North America,Canada,Tablet,14,11290.92,7720.94
6704,2026-02-09,North America,Mexico,Monitor,29,8592.42,5260.99
6705,2026-05-04,South America,Argentina,Laptop,25,21466.46,13318.53
6706,2026-06-17,North America,Mexico,Laptop,26,40360.15,29311.43
6707,2025-09-05,Asia,India,Headphones,26,4164.69,2751.46
6708,2025-07-10,Europe,United Kingdom,Monitor,21,4445.97,2965.05
6709,2025-04-11,South America,Argentina,Smartphone,28,29958.94,19594.85
6710,2025-01-13,North America,United States,Tablet,6,3755.42,2027.97
6711,2026-05-18,Europe,Netherlands,Monitor,5,2446.95,1688.36
6712,2026-01-22,Europe,United Kingdom,Laptop,16,14584.85,11008.01
6713,2026-03-19,South America,Brazil,Monitor,20,4545.82,3042.76
6714,2026-04-16,Europe,United Kingdom,Headphones,2,305.36,170.25
6715,2026-04-26,South America,Chile,Monitor,22,6630.05,4608.6
6716,2025-10-19,South America,Argentina,Laptop,19,32871.63,22417.1
6717,2025-02-19,South America,Argentina,Headphones,14,4247.56,2754.5
6718,2025-06-03,Asia,India,Headphones,22,6220.7,3635.64
6719,2025-11-15,South America,Argentina,Headphones,18,3911.02,2214.0
6720,2025-09-20,Asia,South Korea,Tablet,20,10839.21,7048.47
6721,2026-02-06,South America,Brazil,Monitor,9,5942.69,3743.79
6722,2025-08-28,Europe,Germany,Headphones,23,4574.1,3004.54
6723,2025-09-21,South America,Argentina,Headphones,12,1011.7,644.3
6724,2025-07-19,Asia,South Korea,Monitor,28,7719.42,5521.39
6725,2025-03-09,North America,Canada,Monitor,25,14148.43,10536.76
6726,2025-10-11,Europe,Spain,Smartphone,30,24833.04,18167.65
6727,2026-02-20,North America,Mexico,Laptop,21,21839.49,13600.69
6728,2025-11-30,Europe,Spain,Tablet,22,15046.35,9973.7
6729,2025-08-10,Europe,United Kingdom,Headphones,14,3534.23,1971.79
6730,2025-03-29,Asia,India,Headphones,3,535.31,309.36
6731,2025-03-18,Asia,South Korea,Headphones,26,2244.5,1174.83
6732,2026-03-27,Europe,United Kingdom,Monitor,24,8463.31,5888.33
6733,2025-03-03,North America,Mexico,Headphones,3,506.17,293.13
6734,2025-08-17,North America,United States,Monitor,18,8681.7,5251.56
6735,2025-03-16,Asia,South Korea,Headphones,20,1893.47,1142.59
6736,2026-03-13,Europe,Netherlands,Monitor,27,17849.34,10916.99
6737,2025-10-26,North America,United States,Monitor,29,15060.95,10985.06
6738,2026-02-03,Europe,Germany,Monitor,25,10832.45,6763.11
6739,2025-10-12,Asia,India,Monitor,29,18348.75,11339.98
6740,2025-01-31,North America,Mexico,Headphones,24,8261.7,4688.56
6741,2025-10-14,Europe,United Kingdom,Headphones,21,4399.44,2699.89
6742,2025-11-27,South America,Brazil,Tablet,1,320.09,179.24
6743,2025-03-27,North America,United States,Headphones,28,5367.01,2913.67
6744,2026-03-22,Asia,Japan,Tablet,20,9644.99,6925.91
6745,2026-03-06,North America,Mexico,Laptop,20,21409.61,16366.42
6746,2025-12-21,Asia,Japan,Tablet,3,1978.35,1120.62
6747,2025-01-11,Asia,South Korea,Smartphone,7,4269.2,2944.22
6748,2025-05-18,Asia,South Korea,Monitor,23,13337.6,8253.02
6749,2025-12-02,North America,Mexico,Smartphone,14,11268.93,6846.62
6750,2026-01-05,North America,Canada,Smartphone,23,14319.94,9395.5
6751,2025-07-06,Europe,France,Headphones,21,1703.72,813.98
6752,2025-12-14,South America,Argentina,Headphones,9,2612.18,1579.34
6753,2026-01-15,Europe,France,Headphones,18,5147.25,2745.42
6754,2026-01-13,Asia,Japan,Smartphone,16,11028.68,7396.7
6755,2025-08-09,South America,Brazil,Laptop,15,16794.25,10860.73
6756,2025-11-24,Asia,Japan,Smartphone,9,5290.04,3712.48
6757,2025-04-09,Asia,Malaysia,Tablet,26,19377.76,13459.26
6758,2026-03-19,North America,Canada,Smartphone,18,7293.42,4387.46
6759,2025-08-17,North America,United States,Laptop,14,21132.41,15787.38
6760,2025-11-30,North America,Mexico,Headphones,2,699.47,356.81
6761,2026-06-15,Asia,Malaysia,Tablet,2,1171.03,790.89
6762,2025-06-13,South America,Brazil,Tablet,24,12201.11,7624.67
6763,2025-07-04,Asia,South Korea,Laptop,25,30694.33,23033.9
6764,2026-01-05,South America,Chile,Smartphone,13,5402.48,3185.72
6765,2025-12-27,Asia,Japan,Monitor,5,2889.33,2195.7
6766,2025-03-26,South America,Argentina,Tablet,28,8737.46,4930.9
6767,2025-07-22,Asia,South Korea,Laptop,25,25375.68,17207.72
6768,2025-04-08,North America,Canada,Monitor,30,11062.02,7198.68
6769,2026-06-06,South America,Brazil,Monitor,3,954.55,639.87
6770,2026-04-29,Europe,Spain,Laptop,28,45046.09,38531.29
6771,2025-12-07,Asia,Malaysia,Smartphone,18,20664.44,14012.99
6772,2025-03-19,Asia,Japan,Smartphone,22,24092.34,15719.18
6773,2025-12-05,South America,Chile,Tablet,28,11680.25,7705.19
6774,2026-02-03,North America,Canada,Tablet,4,1580.48,941.5
6775,2026-01-28,Asia,Japan,Smartphone,1,833.32,608.56
6776,2025-07-30,North America,Canada,Tablet,22,10148.52,7175.39
6777,2026-01-31,Europe,France,Headphones,2,401.69,232.4
6778,2026-01-21,Europe,Netherlands,Monitor,19,9429.9,6641.96
6779,2025-09-27,North America,United States,Laptop,13,18954.3,13167.27
6780,2026-06-16,Asia,Malaysia,Smartphone,3,2114.72,1577.36
6781,2026-06-13,South America,Brazil,Tablet,23,9460.47,6018.41
6782,2026-05-23,Europe,Germany,Smartphone,14,12890.4,9815.22
6783,2026-01-04,South America,Chile,Tablet,21,18313.65,12424.94
6784,2025-06-30,North America,Mexico,Laptop,22,30387.95,21519.54
6785,2025-03-17,Asia,Japan,Tablet,6,3769.62,2461.07
6786,2025-01-02,South America,Brazil,Headphones,3,314.33,206.21
6787,2026-04-17,Europe,United Kingdom,Headphones,24,3050.24,2289.31
6788,2026-02-14,Europe,France,Monitor,17,3649.44,2569.29
6789,2026-06-02,North America,Canada,Tablet,7,5469.32,3407.14
6790,2025-04-26,Asia,Japan,Monitor,28,16663.96,12060.29
6791,2026-05-23,South America,Brazil,Headphones,26,8768.58,5510.42
6792,2025-03-16,Europe,Netherlands,Headphones,2,592.56,298.4
6793,2025-11-01,Asia,India,Headphones,16,3742.38,2141.72
6794,2026-01-20,North America,United States,Laptop,18,16587.53,12133.42
6795,2025-02-03,Europe,Spain,Monitor,9,3881.94,2700.83
6796,2025-08-22,Europe,Germany,Smartphone,13,8910.77,6154.5
6797,2025-11-13,South America,Brazil,Smartphone,2,1009.83,620.04
6798,2025-05-17,Europe,Italy,Headphones,4,803.59,500.46
6799,2025-11-12,Asia,Japan,Smartphone,16,17357.0,11701.07
6800,2025-04-05,Europe,Spain,Tablet,20,15742.92,8723.31
6801,2025-08-12,Europe,United Kingdom,Laptop,13,14872.91,11280.78
6802,2025-06-21,South America,Brazil,Headphones,29,6755.14,3054.86
6803,2025-12-19,Asia,India,Laptop,1,1773.57,1351.63
6804,2026-04-16,Asia,Singapore,Laptop,8,9575.66,7008.97
6805,2025-06-09,Asia,Malaysia,Laptop,3,3045.99,2137.69
6806,2025-02-02,Asia,India,Headphones,21,6711.22,4457.33
6807,2025-04-04,North America,United States,Laptop,28,48044.61,31438.46
6808,2026-02-01,Europe,Netherlands,Smartphone,27,19504.45,14232.54
6809,2026-05-23,Asia,South Korea,Smartphone,2,1812.43,1151.21
6810,2025-02-19,Europe,Italy,Smartphone,23,21807.63,15736.43
6811,2025-08-23,Asia,Japan,Tablet,1,367.22,230.76
6812,2025-07-11,South America,Brazil,Tablet,3,964.2,668.5
6813,2025-10-06,South America,Brazil,Monitor,8,1741.98,1294.46
6814,2025-03-18,North America,United States,Smartphone,8,7408.17,4257.41
6815,2026-02-10,South America,Brazil,Laptop,28,46614.38,33275.14
6816,2025-06-03,North America,United States,Monitor,10,2466.82,1787.94
6817,2025-12-13,South America,Argentina,Tablet,8,3535.21,1974.35
6818,2026-01-29,Asia,Malaysia,Tablet,16,7468.32,4463.21
6819,2025-04-14,North America,Mexico,Laptop,23,18668.27,13763.47
6820,2025-11-02,Europe,Italy,Smartphone,22,15438.61,9845.09
6821,2025-04-05,North America,Canada,Headphones,8,2040.51,1023.6
6822,2026-01-07,Europe,Germany,Smartphone,19,11486.25,7825.58
6823,2026-01-15,North America,Mexico,Tablet,13,10610.71,6248.52
6824,2025-06-15,Europe,Germany,Headphones,4,1143.8,755.38
6825,2025-01-22,Asia,Japan,Smartphone,1,475.94,355.24
6826,2025-04-18,Europe,Italy,Laptop,27,37633.54,28460.86
6827,2025-12-24,Europe,Italy,Tablet,4,3405.94,2303.46
6828,2025-06-15,South America,Argentina,Monitor,21,7920.35,4778.7
6829,2026-02-15,Europe,Italy,Smartphone,22,11358.46,7746.24
6830,2026-06-12,North America,United States,Headphones,22,4321.82,2324.03
6831,2026-05-27,Asia,India,Smartphone,29,11681.09,8471.72
6832,2026-05-13,Europe,Germany,Smartphone,13,13343.15,9530.98
6833,2025-10-19,South America,Argentina,Tablet,3,1354.54,925.8
6834,2026-04-26,Europe,Netherlands,Headphones,30,5946.5,3555.71
6835,2025-08-12,Europe,United Kingdom,Tablet,19,9897.51,5469.42
6836,2025-02-22,Europe,France,Headphones,29,2464.58,1350.84
6837,2025-12-25,North America,Canada,Smartphone,11,8137.58,5832.88
6838,2025-05-19,South America,Chile,Smartphone,19,11463.93,7406.31
6839,2025-04-06,Europe,Spain,Laptop,19,25093.45,16198.27
6840,2025-11-28,Europe,Netherlands,Headphones,4,605.25,332.3
6841,2025-11-01,South America,Brazil,Smartphone,27,15079.19,8760.48
6842,2025-10-30,Europe,Italy,Laptop,26,31925.19,20648.75
6843,2026-01-07,Asia,Singapore,Tablet,30,25483.66,17133.33
6844,2025-03-24,Asia,Singapore,Laptop,15,18318.92,14454.23
6845,2025-01-29,North America,Canada,Laptop,16,18719.62,13452.57
6846,2025-04-09,South America,Brazil,Monitor,20,4361.72,3155.35
6847,2025-10-02,Asia,Malaysia,Laptop,15,14818.92,9820.01
6848,2026-02-20,Europe,Germany,Headphones,6,1778.19,973.3
6849,2025-12-29,South America,Brazil,Smartphone,26,11666.86,8336.18
6850,2026-01-27,North America,Canada,Tablet,24,13086.62,9163.44
6851,2026-05-07,South America,Argentina,Monitor,18,10949.36,7239.57
6852,2025-12-05,Europe,Spain,Tablet,30,15353.85,10388.34
6853,2025-03-21,North America,United States,Headphones,19,4417.35,2305.51
6854,2025-01-16,Asia,Malaysia,Monitor,4,816.57,566.17
6855,2025-12-09,Europe,United Kingdom,Smartphone,17,15996.11,9669.65
6856,2025-12-08,Asia,India,Smartphone,6,6906.39,4817.98
6857,2026-02-24,North America,Mexico,Laptop,18,28125.96,17706.69
6858,2026-06-26,Europe,United Kingdom,Smartphone,17,18445.0,14562.17
6859,2025-02-13,North America,United States,Laptop,14,18045.81,13576.39
6860,2025-08-19,Europe,France,Headphones,29,6448.71,2929.45
6861,2026-03-18,South America,Argentina,Monitor,19,5152.04,3658.88
6862,2025-03-08,Europe,Netherlands,Laptop,11,8939.72,6242.94
6863,2025-04-14,South America,Brazil,Headphones,12,4129.59,2136.84
6864,2025-11-10,North America,Mexico,Tablet,1,809.8,518.66
6865,2025-04-30,North America,United States,Headphones,15,4433.85,2431.03
6866,2025-11-09,Asia,India,Tablet,24,18734.19,11806.95
6867,2026-03-11,North America,Mexico,Monitor,20,5634.99,3664.67
6868,2026-02-23,Asia,Japan,Monitor,7,1985.9,1295.43
6869,2025-08-22,South America,Brazil,Smartphone,22,23966.32,16261.82
6870,2025-02-11,North America,Canada,Monitor,25,9014.31,6480.58
6871,2025-04-22,North America,United States,Smartphone,10,5529.55,3941.71
6872,2026-02-11,Asia,Japan,Headphones,25,5422.35,2973.99
6873,2025-03-29,South America,Brazil,Tablet,26,19047.24,10756.88
6874,2025-04-16,South America,Brazil,Smartphone,22,13517.26,9712.31
6875,2026-03-15,Asia,South Korea,Tablet,24,16726.81,10682.15
6876,2025-02-16,Europe,France,Laptop,17,30520.1,19863.84
6877,2025-03-18,Asia,Singapore,Monitor,23,5972.18,4061.02
6878,2025-05-27,South America,Brazil,Laptop,4,6161.79,4103.21
6879,2026-01-26,Asia,India,Monitor,7,2293.68,1596.84
6880,2025-08-23,North America,Canada,Laptop,9,14623.35,9677.44
6881,2025-12-24,South America,Argentina,Monitor,29,19390.04,12235.87
6882,2025-04-11,South America,Chile,Headphones,11,2639.59,1433.4
6883,2025-08-25,South America,Chile,Laptop,1,1345.44,973.48
6884,2025-10-02,Asia,Malaysia,Smartphone,2,999.32,677.06
6885,2026-01-10,South America,Chile,Laptop,13,15255.79,10516.9
6886,2026-06-16,Europe,Netherlands,Tablet,29,9892.41,7382.15
6887,2025-02-08,Asia,Singapore,Tablet,13,10190.15,6026.24
6888,2026-06-24,Asia,South Korea,Laptop,15,15078.38,11170.02
6889,2025-02-04,South America,Brazil,Monitor,27,8121.83,5213.44
6890,2025-07-19,Europe,Spain,Laptop,7,8759.96,5618.56
6891,2025-06-05,Asia,Malaysia,Laptop,10,11393.63,8362.8
6892,2025-01-04,Asia,Singapore,Headphones,4,1026.89,567.28
6893,2026-05-17,South America,Argentina,Headphones,6,1655.07,820.0
6894,2026-02-21,Europe,France,Smartphone,30,29473.43,20155.0
6895,2025-06-15,South America,Chile,Headphones,4,922.93,492.54
6896,2025-08-01,Asia,Singapore,Headphones,18,2650.48,1787.7
6897,2025-04-01,Asia,South Korea,Monitor,3,1212.13,865.79
6898,2025-09-08,North America,United States,Monitor,25,11513.8,7536.78
6899,2025-06-08,South America,Argentina,Headphones,1,207.46,113.09
6900,2025-09-14,Europe,Germany,Tablet,23,7317.89,4755.91
6901,2026-03-04,South America,Chile,Laptop,6,7986.51,5806.77
6902,2026-03-31,Asia,Malaysia,Headphones,11,3569.95,2108.0
6903,2025-03-01,Asia,Japan,Monitor,21,14227.44,8898.2
6904,2026-03-12,North America,United States,Headphones,11,1607.91,993.72
6905,2026-06-13,Asia,Japan,Smartphone,2,1501.87,1038.06
6906,2026-06-08,South America,Brazil,Laptop,11,13549.97,10329.17
6907,2025-06-13,Asia,India,Monitor,16,7620.32,4727.06
6908,2025-10-14,South America,Argentina,Laptop,3,3230.85,2511.6
6909,2025-06-04,Europe,United Kingdom,Tablet,15,5446.74,3907.33
6910,2025-06-12,Europe,Spain,Smartphone,25,18396.57,11508.8
6911,2026-04-03,North America,Mexico,Tablet,13,5349.39,3630.99
6912,2026-03-12,Europe,Italy,Smartphone,26,27063.59,19151.34
6913,2026-04-16,South America,Brazil,Monitor,25,7352.94,5442.36
6914,2025-12-06,Europe,Netherlands,Smartphone,14,11842.12,8497.55
6915,2025-02-20,South America,Argentina,Monitor,10,2372.27,1580.07
6916,2025-09-15,Asia,South Korea,Monitor,30,16625.47,11938.3
6917,2026-05-03,North America,Canada,Laptop,29,48158.36,31475.22
6918,2025-08-15,North America,Canada,Monitor,16,8915.8,6528.79
6919,2026-01-06,Asia,Malaysia,Tablet,11,6633.67,4181.73
6920,2026-06-10,Asia,South Korea,Tablet,10,6247.96,4099.58
6921,2025-06-20,Asia,Malaysia,Monitor,2,682.05,445.37
6922,2025-11-29,Europe,France,Tablet,27,21825.22,13846.15
6923,2025-03-05,Asia,India,Monitor,26,11921.47,8450.6
6924,2025-03-15,South America,Brazil,Laptop,8,9905.27,6792.69
6925,2025-06-15,North America,United States,Smartphone,27,27913.52,20344.88
6926,2025-02-01,North America,United States,Monitor,9,2205.12,1356.33
6927,2025-01-10,South America,Argentina,Tablet,28,10418.07,6658.0
6928,2025-04-15,South America,Brazil,Monitor,28,15755.28,10719.74
6929,2025-07-31,Europe,France,Smartphone,20,12863.85,7803.66
6930,2026-04-28,North America,Mexico,Tablet,6,3092.28,1692.33
6931,2026-02-18,North America,Canada,Tablet,12,5899.27,3487.75
6932,2026-01-23,Asia,Japan,Headphones,3,1027.76,634.81
6933,2026-05-23,Europe,United Kingdom,Monitor,2,1271.45,933.22
6934,2025-11-19,South America,Brazil,Headphones,23,5724.68,3835.64
6935,2025-10-18,Europe,Germany,Headphones,13,1063.27,485.49
6936,2026-03-18,South America,Brazil,Monitor,29,19919.87,14100.23
6937,2025-03-10,North America,United States,Laptop,15,17677.0,10841.93
6938,2025-06-18,North America,Canada,Tablet,13,8586.44,5661.94
6939,2025-04-04,Europe,United Kingdom,Smartphone,8,8058.54,5829.34
6940,2026-02-01,South America,Argentina,Monitor,11,6858.26,4512.12
6941,2026-02-07,Europe,Italy,Headphones,7,1067.13,725.53
6942,2026-03-04,Europe,United Kingdom,Smartphone,8,8774.87,5856.77
6943,2025-11-14,South America,Chile,Monitor,13,7318.58,5031.36
6944,2025-04-29,South America,Argentina,Headphones,18,1615.92,767.3
6945,2025-01-21,Asia,South Korea,Smartphone,10,8211.54,5186.54
6946,2025-04-18,Asia,South Korea,Laptop,30,40912.68,27353.45
6947,2026-04-06,Europe,France,Smartphone,21,20872.56,15804.13
6948,2025-01-23,North America,Canada,Smartphone,3,2847.62,1661.76
6949,2025-07-22,North America,Mexico,Tablet,11,8787.23,5651.35
6950,2025-02-01,Europe,Italy,Smartphone,11,7929.46,5590.77
6951,2026-05-12,Asia,Japan,Laptop,13,18728.26,14618.98
6952,2025-12-23,South America,Chile,Smartphone,15,14373.5,9825.38
6953,2026-01-15,Europe,Germany,Tablet,4,1766.74,1117.58
6954,2026-05-10,South America,Argentina,Headphones,12,3566.72,2143.52
6955,2025-07-26,Asia,Japan,Tablet,28,18504.82,11870.93
6956,2026-04-25,Europe,Spain,Monitor,16,5708.86,4594.0
6957,2025-05-02,Asia,India,Headphones,10,1703.1,1045.88
6958,2025-06-17,North America,Canada,Smartphone,18,20531.02,13438.2
6959,2026-01-22,South America,Argentina,Headphones,9,3042.98,1534.2
6960,2026-02-02,South America,Argentina,Tablet,25,15688.52,9766.0
6961,2026-06-03,South America,Chile,Laptop,17,26622.17,18713.12
6962,2025-08-26,Europe,United Kingdom,Laptop,18,26868.63,18049.49
6963,2025-02-09,North America,Mexico,Laptop,22,23791.94,15620.95
6964,2026-04-23,North America,United States,Monitor,2,852.73,552.54
6965,2025-10-07,North America,Mexico,Smartphone,16,13577.22,7877.49
6966,2025-12-09,North America,Canada,Smartphone,18,14043.65,10038.02
6967,2026-04-13,North America,United States,Headphones,8,1959.65,1282.13
6968,2026-01-26,Europe,France,Monitor,18,5115.06,3526.41
6969,2025-02-01,Asia,Singapore,Monitor,17,11471.95,8116.28
6970,2025-04-28,Europe,Spain,Tablet,18,10743.92,6747.6
6971,2026-04-26,North America,United States,Laptop,7,9630.04,6910.28
6972,2025-08-09,Asia,Singapore,Monitor,15,9281.43,7043.24
6973,2026-05-05,North America,Mexico,Monitor,27,8705.18,6198.89
6974,2026-05-06,South America,Brazil,Headphones,13,1676.35,911.04
6975,2026-03-27,South America,Brazil,Monitor,29,9170.27,5834.44
6976,2026-02-06,Asia,Malaysia,Laptop,8,6482.81,4289.42
6977,2026-02-24,Asia,Singapore,Headphones,17,3294.13,1535.93
6978,2025-09-16,South America,Argentina,Tablet,26,20670.9,13361.54
6979,2026-04-09,Europe,United Kingdom,Smartphone,13,8288.21,6748.3
6980,2025-09-12,North America,Mexico,Tablet,10,3619.11,2021.34
6981,2026-04-22,South America,Brazil,Laptop,29,38885.37,24304.32
6982,2025-03-20,Asia,Malaysia,Headphones,8,2576.94,1729.42
6983,2025-06-17,Europe,Germany,Headphones,6,1812.97,964.01
6984,2026-01-30,North America,United States,Tablet,21,10771.68,6777.41
6985,2026-03-05,Europe,Germany,Laptop,20,19388.15,12698.4
6986,2025-04-02,North America,United States,Tablet,1,869.76,601.61
6987,2025-05-06,North America,Mexico,Monitor,11,5027.16,3180.7
6988,2025-05-29,South America,Argentina,Headphones,14,4809.51,2267.37
6989,2025-06-28,South America,Argentina,Headphones,24,7428.13,4716.83
6990,2025-08-20,Asia,Singapore,Monitor,27,13709.95,10347.19
6991,2025-01-21,Europe,Spain,Tablet,9,7001.23,4383.59
6992,2026-01-23,Europe,Italy,Smartphone,29,24946.54,17787.35
6993,2026-01-08,Europe,Netherlands,Monitor,10,2326.65,1475.58
6994,2025-11-11,Europe,Netherlands,Monitor,29,9363.0,5888.35
6995,2026-02-22,North America,United States,Smartphone,9,8168.67,5215.57
6996,2026-01-06,North America,Canada,Laptop,5,8091.03,5971.45
6997,2025-08-14,North America,Mexico,Monitor,15,8065.63,5320.86
6998,2025-11-06,Europe,Germany,Headphones,27,7654.28,4531.8
6999,2026-06-07,Europe,United Kingdom,Smartphone,27,18013.24,12499.8
7000,2025-09-26,Asia,Singapore,Monitor,5,3073.5,2136.92
7001,2026-03-09,Europe,Italy,Headphones,3,916.91,464.92
7002,2026-06-03,North America,Mexico,Monitor,26,9530.2,5734.11
7003,2025-09-21,Europe,Italy,Tablet,20,7058.52,4925.47
7004,2025-11-21,Europe,United Kingdom,Headphones,29,9905.2,5983.45
7005,2025-02-23,North America,Mexico,Tablet,25,11541.53,7630.23
7006,2025-03-21,Asia,India,Monitor,20,4230.84,3005.47
7007,2026-03-18,Europe,Germany,Headphones,26,7148.57,4485.01
7008,2026-04-11,Asia,South Korea,Smartphone,11,6497.93,3834.88
7009,2025-05-02,North America,Mexico,Tablet,13,6313.13,4445.75
7010,2025-09-14,North America,United States,Headphones,1,265.75,132.46
7011,2025-01-18,Europe,Spain,Smartphone,25,28220.29,19773.12
7012,2025-04-21,North America,United States,Monitor,18,8068.59,4779.95
7013,2025-12-17,Asia,Malaysia,Laptop,28,23462.48,17630.67
7014,2025-08-03,Asia,Malaysia,Smartphone,29,20610.13,12242.77
7015,2025-12-05,North America,Mexico,Tablet,23,11677.45,8148.98
7016,2026-01-27,Asia,Malaysia,Tablet,20,11973.91,7488.19
7017,2025-12-20,South America,Chile,Smartphone,27,32058.85,19771.01
7018,2025-09-06,North America,United States,Laptop,1,1378.35,918.23
7019,2026-06-01,North America,Canada,Headphones,15,3349.56,1617.72
7020,2026-06-27,Europe,Netherlands,Headphones,11,2312.42,1611.73
7021,2026-06-06,Asia,Malaysia,Monitor,17,5087.9,3658.91
7022,2025-03-14,South America,Argentina,Headphones,28,8037.58,4583.07
7023,2026-02-18,Europe,Italy,Tablet,11,9036.1,5211.59
7024,2025-11-24,South America,Chile,Monitor,1,647.98,483.36
7025,2026-04-04,Europe,Spain,Headphones,15,2644.56,1676.54
7026,2025-12-03,Europe,Spain,Headphones,28,2480.89,1191.81
7027,2026-05-13,North America,Mexico,Smartphone,2,1203.33,838.61
7028,2025-02-18,South America,Argentina,Smartphone,19,7917.22,5097.3
7029,2025-09-23,North America,Canada,Monitor,7,3548.57,2117.18
7030,2025-11-02,North America,Canada,Laptop,22,28108.63,20004.13
7031,2026-05-11,Europe,Spain,Headphones,24,6278.82,3502.21
7032,2025-07-05,Europe,France,Monitor,16,10478.26,7310.34
7033,2025-03-15,South America,Chile,Tablet,30,11255.86,7020.33
7034,2026-02-06,South America,Chile,Monitor,9,3975.37,3015.57
7035,2026-05-16,Asia,Singapore,Smartphone,15,10099.82,6551.42
7036,2025-01-26,Asia,India,Smartphone,1,921.14,554.56
7037,2026-01-31,Europe,Netherlands,Headphones,8,1025.5,539.44
7038,2025-02-17,Europe,Italy,Tablet,3,2353.21,1447.56
7039,2026-01-22,North America,United States,Laptop,18,21200.2,15655.41
7040,2025-06-01,Asia,India,Monitor,16,4322.36,2727.03
7041,2025-11-04,South America,Chile,Tablet,9,5260.66,2927.47
7042,2025-02-19,South America,Brazil,Monitor,15,10195.43,6503.7
7043,2026-04-10,Asia,India,Tablet,4,2504.12,1419.06
7044,2026-04-16,Asia,Malaysia,Laptop,17,24831.95,17515.16
7045,2026-06-30,Europe,Netherlands,Laptop,21,18795.65,13340.26
7046,2025-12-20,South America,Argentina,Monitor,21,13333.9,8914.64
7047,2025-12-05,North America,Canada,Tablet,15,9833.09,6791.6
7048,2025-08-19,South America,Chile,Monitor,28,15795.22,11077.46
7049,2025-10-14,South America,Chile,Laptop,27,47866.13,35944.32
7050,2025-08-11,South America,Chile,Tablet,18,13135.3,8122.56
7051,2025-06-16,Asia,India,Headphones,1,158.03,103.21
7052,2025-07-18,North America,United States,Laptop,9,12706.83,8858.32
7053,2025-01-27,South America,Brazil,Laptop,1,953.91,736.87
7054,2026-04-25,North America,Canada,Tablet,15,7624.96,5170.6
7055,2026-03-21,North America,Mexico,Laptop,14,14151.47,8948.26
7056,2025-03-24,Europe,Italy,Smartphone,27,32102.09,19658.4
7057,2025-07-17,North America,Mexico,Smartphone,3,2339.28,1691.89
7058,2026-02-02,Asia,Japan,Laptop,18,28200.09,18004.88
7059,2025-09-22,Europe,Spain,Headphones,23,4505.57,2747.35
7060,2025-04-20,Asia,Singapore,Headphones,1,161.7,100.49
7061,2025-08-26,Europe,Italy,Tablet,22,17541.9,11033.02
7062,2026-05-11,Asia,India,Laptop,5,6226.11,4622.13
7063,2026-06-13,Europe,Germany,Headphones,17,5490.93,4128.34
7064,2026-04-10,South America,Argentina,Smartphone,30,20818.86,12358.9
7065,2025-06-05,South America,Argentina,Smartphone,27,24914.6,14907.08
7066,2025-01-13,South America,Brazil,Monitor,18,7293.6,5128.6
7067,2025-10-08,South America,Chile,Tablet,4,1897.98,1329.88
7068,2025-12-25,North America,Canada,Headphones,19,3242.06,1900.6
7069,2025-10-26,Asia,Singapore,Smartphone,11,8442.42,6231.02
7070,2026-05-19,South America,Brazil,Headphones,12,1246.54,740.56
7071,2026-01-31,Europe,France,Smartphone,22,20254.32,13875.3
7072,2025-01-31,Europe,United Kingdom,Laptop,29,41036.01,30120.32
7073,2025-03-05,South America,Chile,Laptop,12,17329.6,12872.8
7074,2026-01-25,Asia,Japan,Smartphone,2,1840.8,1229.7
7075,2026-05-19,Asia,Singapore,Headphones,14,1404.64,675.68
7076,2025-12-19,Asia,Japan,Headphones,25,3965.68,2183.17
7077,2025-01-18,South America,Brazil,Headphones,24,6870.35,3229.28
7078,2026-02-23,South America,Brazil,Smartphone,1,1176.3,790.61
7079,2025-03-01,North America,United States,Headphones,7,1057.18,513.8
7080,2025-07-29,South America,Brazil,Tablet,14,8630.57,5762.68
7081,2026-06-19,South America,Argentina,Headphones,21,6891.52,4632.27
7082,2025-09-12,North America,Canada,Smartphone,10,11216.87,6861.29
7083,2026-03-11,South America,Argentina,Smartphone,4,4162.36,2741.01
7084,2025-10-25,Asia,India,Headphones,14,2201.27,1165.19
7085,2025-07-25,Asia,South Korea,Headphones,8,2215.43,1285.34
7086,2025-01-25,Asia,Malaysia,Tablet,4,2209.5,1300.72
7087,2025-02-11,North America,Canada,Tablet,17,13154.15,7947.69
7088,2026-03-25,South America,Brazil,Smartphone,4,4356.96,2657.57
7089,2026-06-18,Europe,France,Headphones,30,6166.21,4661.93
7090,2025-08-17,North America,United States,Tablet,26,9426.86,5799.36
7091,2025-09-16,North America,Canada,Monitor,11,6132.65,4452.09
7092,2025-05-13,North America,Canada,Headphones,13,2851.31,1471.7
7093,2025-04-28,South America,Chile,Smartphone,3,2343.99,1386.58
7094,2025-04-17,Asia,Singapore,Smartphone,21,17696.68,11368.93
7095,2026-04-11,Europe,Netherlands,Tablet,1,675.37,466.18
7096,2026-03-27,North America,Mexico,Tablet,23,14166.33,7754.68
7097,2026-03-02,South America,Argentina,Headphones,15,3296.51,1570.65
7098,2025-09-13,Europe,France,Monitor,14,3125.24,2143.05
7099,2025-08-29,Asia,Singapore,Headphones,10,2259.78,1370.68
7100,2025-05-11,North America,Canada,Smartphone,10,10608.87,7410.89
7101,2025-05-02,South America,Brazil,Smartphone,29,20058.47,12430.85
7102,2025-04-21,South America,Argentina,Tablet,10,5444.3,3741.65
7103,2025-04-12,Europe,Netherlands,Headphones,21,2299.24,1380.58
7104,2025-10-27,South America,Brazil,Headphones,21,5424.79,3547.59
7105,2025-06-23,Asia,Singapore,Headphones,9,1404.61,963.77
7106,2025-01-09,Europe,France,Monitor,16,3787.89,2810.09
7107,2026-05-17,Europe,United Kingdom,Monitor,21,9469.97,6951.87
7108,2025-01-05,Europe,Netherlands,Monitor,10,3357.06,2320.35
7109,2025-09-16,Europe,Spain,Laptop,22,21830.58,16305.98
7110,2025-06-13,Asia,Malaysia,Laptop,28,33665.97,25670.26
7111,2026-02-03,North America,Mexico,Tablet,2,785.46,499.6
7112,2026-04-21,South America,Argentina,Tablet,5,3964.28,2611.64
7113,2026-04-09,Asia,Malaysia,Laptop,30,29058.01,20864.28
7114,2026-01-30,North America,Canada,Smartphone,14,6089.98,3484.32
7115,2025-01-09,North America,Mexico,Headphones,1,260.66,121.89
7116,2026-06-23,Europe,Germany,Smartphone,1,400.37,323.67
7117,2026-04-13,Asia,Malaysia,Monitor,28,12934.48,8881.46
7118,2025-06-14,Asia,India,Smartphone,1,763.44,457.93
7119,2025-03-06,South America,Chile,Smartphone,6,3384.33,2346.07
7120,2026-04-24,South America,Chile,Monitor,6,1538.55,989.37
7121,2025-12-23,Europe,Spain,Headphones,2,400.48,257.44
7122,2025-05-10,South America,Chile,Smartphone,20,18610.45,13270.95
7123,2025-11-12,Asia,Malaysia,Monitor,7,2562.46,1878.35
7124,2025-09-01,North America,Mexico,Smartphone,23,25429.27,15309.37
7125,2026-05-15,North America,Mexico,Tablet,12,7984.85,4383.78
7126,2025-05-25,Asia,Japan,Tablet,12,9714.1,6272.45
7127,2026-04-12,Asia,Malaysia,Smartphone,9,6480.02,4046.69
7128,2026-06-13,Europe,Italy,Laptop,22,30797.14,23283.35
7129,2026-05-15,North America,United States,Laptop,23,33033.64,23253.14
7130,2025-03-30,North America,Mexico,Headphones,20,5213.91,2362.59
7131,2025-11-01,Europe,Italy,Monitor,19,6913.59,4876.72
7132,2025-02-13,Asia,South Korea,Headphones,25,8185.97,4923.71
7133,2025-04-09,North America,Canada,Tablet,30,18745.38,12702.45
7134,2025-05-04,South America,Chile,Smartphone,17,10602.05,7477.76
7135,2025-11-05,South America,Argentina,Headphones,9,824.31,379.3
7136,2025-06-28,South America,Brazil,Headphones,30,8716.87,5867.64
7137,2025-12-21,Europe,Italy,Smartphone,1,1062.59,711.07
7138,2025-01-24,North America,Canada,Laptop,3,4109.54,2834.09
7139,2025-08-04,North America,Canada,Tablet,22,8538.54,5928.29
7140,2025-05-12,North America,Canada,Tablet,28,19090.05,11931.99
7141,2025-10-02,South America,Chile,Laptop,1,903.94,660.9
7142,2025-04-24,Asia,Japan,Monitor,28,7732.83,5587.71
7143,2025-10-28,North America,Canada,Laptop,1,935.42,706.98
7144,2025-04-29,Europe,Italy,Monitor,29,7815.22,5557.45
7145,2026-03-12,Europe,Spain,Tablet,26,22803.69,15213.4
7146,2025-06-13,North America,Mexico,Monitor,16,5510.76,3591.99
7147,2025-02-25,Asia,Singapore,Monitor,5,2673.41,1888.8
7148,2025-04-07,Europe,Germany,Monitor,8,2668.14,1797.35
7149,2025-03-24,Europe,United Kingdom,Smartphone,2,1884.73,1140.45
7150,2025-01-16,North America,Mexico,Monitor,29,10791.54,6797.28
7151,2026-03-20,Asia,Malaysia,Monitor,13,4837.44,3298.61
7152,2026-01-01,North America,United States,Tablet,17,9318.94,5545.15
7153,2026-01-29,North America,United States,Monitor,25,9806.44,7332.49
7154,2026-05-28,South America,Chile,Smartphone,22,15855.07,11415.12
7155,2026-06-07,South America,Brazil,Smartphone,2,882.03,536.38
7156,2025-12-27,North America,Canada,Tablet,11,8900.17,5167.2
7157,2026-04-01,North America,United States,Headphones,9,2264.11,1504.34
7158,2025-10-21,North America,Canada,Laptop,10,16182.6,11656.48
7159,2025-11-15,North America,United States,Tablet,22,16436.5,9468.1
7160,2025-07-20,South America,Brazil,Monitor,20,13095.13,9216.37
7161,2025-03-09,Europe,Spain,Monitor,21,5466.57,3747.72
7162,2026-03-28,North America,Mexico,Headphones,12,2015.24,1016.21
7163,2025-07-02,Europe,Netherlands,Smartphone,8,8860.82,6057.52
7164,2025-10-23,Europe,Spain,Headphones,15,4630.94,3032.32
7165,2025-03-31,Europe,Spain,Laptop,28,25422.45,18582.97
7166,2026-03-29,South America,Argentina,Smartphone,13,5736.66,3569.59
7167,2025-01-03,North America,Mexico,Smartphone,15,7192.34,4396.87
7168,2026-03-02,North America,Canada,Tablet,20,8465.93,5486.74
7169,2026-05-07,South America,Chile,Headphones,18,4269.99,2624.02
7170,2026-03-04,Europe,Italy,Laptop,23,39617.89,28780.35
7171,2026-04-16,South America,Argentina,Tablet,17,11973.72,7684.06
7172,2025-07-13,Europe,Spain,Monitor,21,7539.71,5399.19
7173,2026-04-03,Europe,Netherlands,Laptop,28,31396.01,25308.96
7174,2025-05-18,South America,Brazil,Tablet,11,7899.62,5002.96
7175,2025-03-05,Asia,Malaysia,Tablet,30,15048.19,9366.74
7176,2026-03-29,South America,Chile,Tablet,12,7670.01,5313.75
7177,2025-06-24,South America,Chile,Laptop,8,6677.94,4694.25
7178,2026-04-07,Asia,India,Headphones,23,6123.58,3307.76
7179,2025-11-11,Europe,France,Smartphone,25,24871.38,15466.66
7180,2025-06-26,Asia,Japan,Tablet,23,14025.38,10154.17
7181,2025-07-05,North America,Canada,Tablet,27,16199.06,11272.94
7182,2026-01-28,Asia,South Korea,Tablet,25,10614.92,6129.65
7183,2025-10-17,Asia,Malaysia,Monitor,7,1868.29,1349.16
7184,2025-06-07,Asia,India,Monitor,9,4652.77,3550.49
7185,2025-05-13,Europe,Germany,Monitor,1,590.59,434.97
7186,2026-02-02,Asia,Singapore,Tablet,7,2972.04,2007.77
7187,2025-01-03,Asia,South Korea,Smartphone,8,7837.19,5123.11
7188,2025-03-17,South America,Chile,Smartphone,19,19831.33,13608.95
7189,2026-05-23,Europe,France,Tablet,5,1783.91,1342.55
7190,2025-04-01,North America,Mexico,Smartphone,12,13002.84,7609.93
7191,2025-05-14,Asia,South Korea,Headphones,12,1101.12,691.45
7192,2025-11-16,North America,United States,Monitor,2,1033.5,733.98
7193,2025-09-09,North America,Canada,Monitor,5,3193.12,2014.97
7194,2025-11-24,North America,United States,Laptop,25,30140.16,18756.14
7195,2025-04-29,Asia,Malaysia,Laptop,1,1066.34,783.72
7196,2025-05-19,South America,Argentina,Smartphone,7,4300.56,2842.9
7197,2025-02-06,North America,Canada,Headphones,26,8416.1,5624.54
7198,2025-08-19,Asia,Singapore,Tablet,12,6493.28,4198.23
7199,2025-03-06,Asia,Malaysia,Tablet,29,12352.18,8101.19
7200,2026-03-26,North America,Mexico,Monitor,19,9125.19,5447.8
7201,2025-12-20,North America,Canada,Smartphone,27,29451.89,17741.53
7202,2026-06-22,Europe,Italy,Headphones,24,8202.05,5113.1
7203,2026-02-02,Europe,Spain,Tablet,1,482.39,302.7
7204,2026-01-15,Europe,Germany,Monitor,26,9290.27,6069.36
7205,2026-02-06,North America,Canada,Headphones,20,5732.78,3358.16
7206,2025-02-09,South America,Argentina,Headphones,30,5614.93,3289.63
7207,2025-05-17,Asia,Japan,Smartphone,10,5453.45,3437.47
7208,2025-01-19,Europe,Italy,Smartphone,23,10378.96,6194.23
7209,2025-02-08,South America,Chile,Monitor,27,16818.35,12079.58
7210,2025-09-10,South America,Brazil,Tablet,19,6595.29,4380.47
7211,2025-04-04,North America,Mexico,Smartphone,27,11867.3,8352.37
7212,2026-02-12,Europe,France,Smartphone,7,3683.21,2378.56
7213,2025-05-04,North America,United States,Smartphone,21,13231.09,8240.08
7214,2025-05-20,Asia,Singapore,Headphones,5,630.59,324.86
7215,2025-06-02,Asia,Japan,Laptop,1,827.23,546.39
7216,2026-04-04,Asia,Malaysia,Smartphone,9,8368.51,5383.17
7217,2026-05-16,Europe,Netherlands,Smartphone,11,6426.23,4407.67
7218,2025-11-27,South America,Brazil,Monitor,14,4086.55,2635.45
7219,2026-06-16,North America,Canada,Monitor,26,10086.06,6041.15
7220,2026-04-11,South America,Chile,Tablet,7,3679.05,2589.56
7221,2025-01-04,Asia,India,Monitor,2,997.41,671.0
7222,2025-09-01,South America,Brazil,Smartphone,16,18539.7,13452.1
7223,2025-12-09,South America,Argentina,Smartphone,14,6371.23,4455.67
7224,2025-07-22,South America,Brazil,Headphones,5,793.5,505.2
7225,2026-04-27,South America,Argentina,Smartphone,18,17658.46,10756.98
7226,2025-11-04,Asia,Malaysia,Smartphone,3,1870.47,1153.31
7227,2025-06-13,Asia,Japan,Smartphone,17,18416.36,11445.53
7228,2025-03-26,Asia,Malaysia,Tablet,6,4398.73,2625.91
7229,2025-01-29,South America,Brazil,Monitor,22,4701.47,3257.86
7230,2025-10-26,Europe,Netherlands,Laptop,9,9893.65,6405.97
7231,2025-12-13,Asia,Japan,Headphones,5,739.71,403.16
7232,2026-03-30,Europe,Spain,Headphones,8,1882.61,945.33
7233,2025-12-23,Europe,United Kingdom,Monitor,30,8344.02,6295.29
7234,2025-07-13,Asia,South Korea,Tablet,4,2045.8,1214.07
7235,2025-12-17,Asia,Japan,Headphones,15,3259.28,2206.38
7236,2026-01-09,Europe,Netherlands,Headphones,1,171.89,107.5
7237,2025-10-02,North America,Mexico,Monitor,12,5822.29,3490.3
7238,2025-07-09,North America,Canada,Smartphone,8,4364.19,2975.08
7239,2025-07-15,Europe,Germany,Monitor,1,479.78,354.96
7240,2025-03-13,South America,Chile,Tablet,17,13523.2,8343.12
7241,2026-04-13,North America,Canada,Tablet,6,4475.36,2491.23
7242,2025-09-13,North America,Mexico,Monitor,28,10682.81,7253.2
7243,2026-01-26,Asia,Japan,Monitor,28,18742.0,14236.94
7244,2025-01-01,Asia,Singapore,Smartphone,22,20823.82,14960.99
7245,2025-09-28,Europe,Germany,Laptop,29,44962.6,30523.9
7246,2026-02-25,Asia,Singapore,Laptop,5,6114.1,4251.17
7247,2026-03-07,Europe,Netherlands,Headphones,27,4094.1,1888.82
7248,2025-11-17,South America,Argentina,Monitor,2,648.36,433.03
7249,2025-10-01,Asia,Singapore,Tablet,25,10479.07,7142.28
7250,2025-01-25,South America,Argentina,Tablet,28,20604.68,12120.43
7251,2026-02-22,Europe,United Kingdom,Smartphone,10,10947.81,7567.98
7252,2025-08-01,South America,Brazil,Tablet,5,4168.89,2796.97
7253,2025-07-14,Europe,Germany,Headphones,3,511.47,329.37
7254,2026-02-26,Asia,India,Headphones,30,9635.36,5241.5
7255,2025-03-21,Asia,Japan,Tablet,6,4455.46,3079.29
7256,2025-10-10,South America,Argentina,Monitor,18,7771.88,5203.88
7257,2026-01-26,North America,Canada,Smartphone,17,12424.65,8943.7
7258,2025-08-27,Europe,Italy,Laptop,15,19863.01,14649.5
7259,2025-03-12,Europe,Germany,Smartphone,10,11996.34,8819.58
7260,2026-06-21,Europe,United Kingdom,Monitor,20,10401.7,8641.64
7261,2025-04-18,Europe,Netherlands,Headphones,16,2607.93,1525.31
7262,2025-01-21,Europe,United Kingdom,Tablet,19,6493.18,3631.57
7263,2025-03-05,South America,Brazil,Smartphone,23,10513.51,7510.77
7264,2025-10-28,Asia,India,Tablet,19,12550.82,7063.19
7265,2026-03-01,North America,United States,Tablet,3,1134.17,623.82
7266,2025-02-11,North America,Mexico,Smartphone,3,1270.13,794.7
7267,2025-01-10,Asia,India,Tablet,24,14719.59,9383.31
7268,2025-11-21,Europe,Italy,Monitor,1,585.38,392.9
7269,2026-01-02,Europe,United Kingdom,Laptop,9,11901.48,8036.95
7270,2025-03-15,North America,Canada,Laptop,19,21872.43,14272.49
7271,2025-05-15,South America,Argentina,Laptop,22,21033.79,14194.48
7272,2025-08-24,South America,Brazil,Laptop,11,10143.81,6417.82
7273,2026-03-21,Asia,South Korea,Laptop,9,9070.25,6250.91
7274,2025-07-17,North America,United States,Laptop,13,11765.5,8790.25
7275,2025-11-30,Europe,Netherlands,Tablet,23,18951.07,11024.82
7276,2025-11-22,North America,United States,Laptop,28,41965.43,28934.51
7277,2026-05-27,Europe,France,Smartphone,1,750.97,534.32
7278,2025-02-02,North America,Canada,Smartphone,10,11411.24,7506.39
7279,2026-03-24,Europe,Netherlands,Headphones,14,3668.68,1759.19
7280,2025-08-24,Asia,South Korea,Laptop,4,5888.61,4579.23
7281,2025-09-01,Europe,Spain,Laptop,25,37629.5,24949.2
7282,2025-03-02,Europe,Spain,Headphones,22,4760.11,2322.41
7283,2026-04-08,Europe,Spain,Smartphone,22,21134.18,16628.21
7284,2025-07-09,South America,Argentina,Laptop,11,16609.76,12593.02
7285,2025-09-21,Asia,Singapore,Tablet,21,8715.65,5929.32
7286,2025-02-15,Asia,South Korea,Monitor,9,4701.49,3228.38
7287,2026-06-30,South America,Chile,Headphones,28,5216.48,2872.14
7288,2025-10-13,Europe,Germany,Laptop,11,9570.77,7106.78
7289,2025-05-19,South America,Brazil,Tablet,7,2180.77,1357.38
7290,2026-04-28,South America,Chile,Headphones,8,2072.56,1149.79
7291,2026-06-04,Europe,Germany,Monitor,1,455.34,374.53
7292,2025-09-15,Europe,Spain,Headphones,26,3646.07,1941.38
7293,2025-08-13,Asia,India,Tablet,15,9687.0,5514.9
7294,2025-07-04,Asia,South Korea,Monitor,3,1842.94,1238.42
7295,2025-06-17,Europe,Germany,Monitor,27,18557.04,11582.65
7296,2025-11-30,Europe,Netherlands,Smartphone,13,11901.88,8567.2
7297,2025-03-01,South America,Chile,Monitor,25,6379.44,3916.91
7298,2025-01-21,North America,United States,Smartphone,20,8431.45,5572.16
7299,2026-05-04,South America,Argentina,Smartphone,25,18239.78,12839.42
7300,2026-03-04,Asia,Japan,Smartphone,27,23397.44,16230.98
7301,2025-12-21,Europe,Italy,Monitor,23,9250.63,7026.59
7302,2026-03-15,Europe,Netherlands,Tablet,12,3742.56,2469.16
7303,2025-02-07,North America,United States,Headphones,2,456.14,205.22
7304,2025-07-11,North America,United States,Headphones,25,5408.79,2424.22
7305,2026-01-15,South America,Argentina,Tablet,26,9014.18,5837.27
7306,2025-10-22,Europe,France,Tablet,7,3854.68,2377.23
7307,2026-01-16,Europe,Netherlands,Smartphone,20,18171.11,13308.6
7308,2025-02-13,South America,Argentina,Laptop,19,17435.36,12568.38
7309,2025-04-23,North America,Mexico,Headphones,7,1340.68,750.82
7310,2025-01-15,Asia,Japan,Laptop,15,18636.71,13421.39
7311,2025-04-06,Europe,Italy,Monitor,15,5496.3,3318.26
7312,2025-02-11,North America,United States,Monitor,11,5729.27,3562.76
7313,2025-04-18,North America,Canada,Tablet,21,18139.65,12446.42
7314,2025-07-01,North America,United States,Headphones,8,2418.2,1282.96
7315,2025-07-22,Europe,France,Monitor,16,5529.1,3697.28
7316,2026-01-04,South America,Argentina,Tablet,28,11816.76,8095.66
7317,2025-03-18,North America,United States,Tablet,22,15823.12,11177.01
7318,2025-10-19,Asia,Malaysia,Smartphone,16,6413.3,3891.24
7319,2025-02-28,South America,Chile,Laptop,25,40661.48,25377.77
7320,2026-05-20,Europe,Germany,Laptop,1,1049.08,758.41
7321,2025-01-06,Asia,Japan,Tablet,30,10743.07,7419.53
7322,2025-01-10,Europe,Spain,Monitor,12,5334.39,3644.68
7323,2025-12-29,Europe,Italy,Monitor,3,1443.76,981.45
7324,2026-02-10,North America,Canada,Tablet,29,19126.49,11240.99
7325,2025-10-23,South America,Chile,Laptop,14,24620.55,15821.4
7326,2025-06-22,South America,Chile,Monitor,5,2078.82,1253.5
7327,2025-10-03,Europe,France,Monitor,1,572.83,360.2
7328,2025-11-06,South America,Argentina,Tablet,19,7320.11,4139.33
7329,2026-06-28,North America,Canada,Headphones,17,5070.1,3284.12
7330,2025-08-11,Asia,Malaysia,Monitor,9,3385.25,2539.92
7331,2025-03-06,Europe,France,Smartphone,18,11434.12,7438.39
7332,2025-03-28,North America,Canada,Tablet,8,5913.21,4044.8
7333,2026-03-28,Asia,South Korea,Laptop,20,35383.19,22642.06
7334,2025-12-04,South America,Argentina,Smartphone,25,24763.19,16751.21
7335,2026-03-30,South America,Brazil,Laptop,17,25760.55,18666.81
7336,2025-07-04,Europe,Germany,Smartphone,10,11459.89,6951.0
7337,2026-05-14,North America,United States,Smartphone,10,7195.96,5196.07
7338,2025-03-22,North America,United States,Smartphone,4,4017.58,2564.18
7339,2026-02-17,Europe,Spain,Headphones,14,1287.17,585.07
7340,2026-03-14,North America,Mexico,Headphones,15,3233.25,1541.66
7341,2025-11-14,Asia,Singapore,Monitor,12,5714.19,4176.35
7342,2025-08-12,North America,Canada,Laptop,21,30639.62,22229.17
7343,2025-12-11,Europe,Netherlands,Smartphone,29,24922.86,16047.94
7344,2026-06-24,Asia,Singapore,Monitor,13,6517.38,3999.23
7345,2025-05-03,North America,Canada,Headphones,17,3156.08,1420.29
7346,2026-02-19,North America,United States,Smartphone,22,18583.72,13245.69
7347,2025-03-20,North America,Mexico,Smartphone,1,783.5,505.05
7348,2025-04-17,Europe,United Kingdom,Headphones,23,4921.34,2695.47
7349,2025-01-24,Europe,United Kingdom,Laptop,17,25683.38,18542.48
7350,2025-08-20,Asia,Singapore,Tablet,3,1222.83,794.51
7351,2025-09-15,North America,Canada,Laptop,17,17148.5,12597.26
7352,2026-06-18,Europe,United Kingdom,Monitor,25,16327.21,11905.98
7353,2025-12-25,Europe,Italy,Tablet,8,4926.53,2820.88
7354,2025-07-24,North America,Mexico,Laptop,21,31730.76,19637.54
7355,2026-06-05,South America,Argentina,Monitor,28,10261.19,6157.68
7356,2025-11-25,Asia,Singapore,Monitor,26,17001.34,12103.68
7357,2026-01-28,Europe,Netherlands,Smartphone,13,14129.74,8667.7
7358,2026-02-03,Europe,United Kingdom,Smartphone,9,6996.69,4152.72
7359,2025-12-31,Europe,Italy,Smartphone,5,4463.28,2900.58
7360,2025-03-07,North America,Mexico,Smartphone,23,14065.45,8562.1
7361,2025-11-05,North America,United States,Monitor,17,4776.69,3161.86
7362,2026-01-06,South America,Argentina,Smartphone,2,2019.96,1193.65
7363,2026-02-05,Europe,Germany,Monitor,22,7204.08,4421.54
7364,2026-01-22,North America,United States,Laptop,2,3250.41,2288.64
7365,2025-12-02,South America,Chile,Headphones,26,3499.84,2258.33
7366,2025-12-04,South America,Brazil,Monitor,17,5519.95,4024.86
7367,2026-05-01,South America,Argentina,Monitor,11,3633.89,2258.28
7368,2025-11-01,South America,Brazil,Tablet,12,4424.25,2578.7
7369,2025-10-07,Europe,France,Headphones,21,6113.01,3338.77
7370,2025-12-31,South America,Argentina,Smartphone,19,10985.83,7545.29
7371,2026-05-06,North America,Canada,Smartphone,15,10438.02,6370.23
7372,2025-09-22,Europe,France,Tablet,19,12926.4,8230.61
7373,2025-09-10,South America,Argentina,Headphones,12,2026.72,1098.16
7374,2025-11-02,Asia,Japan,Laptop,28,38594.68,27019.58
7375,2025-12-06,North America,Canada,Monitor,28,11168.07,7490.34
7376,2025-07-25,Europe,Germany,Headphones,24,6164.78,3320.17
7377,2025-06-18,South America,Brazil,Tablet,28,12431.94,7979.19
7378,2025-05-31,South America,Brazil,Tablet,25,17844.18,10522.15
7379,2025-09-30,Asia,India,Smartphone,27,23392.86,16381.24
7380,2026-04-23,Asia,Malaysia,Tablet,10,4621.9,3253.97
7381,2025-10-15,Europe,France,Headphones,29,10114.43,5155.25
7382,2025-01-08,North America,Mexico,Monitor,17,7863.84,5523.7
7383,2025-02-17,South America,Argentina,Smartphone,29,32413.94,20122.27
7384,2025-06-28,South America,Brazil,Tablet,15,11746.94,6667.71
7385,2025-12-26,South America,Chile,Monitor,7,3081.49,2313.76
7386,2025-03-29,North America,Canada,Laptop,27,45447.41,28863.54
7387,2026-05-16,Asia,South Korea,Monitor,28,6801.25,4956.26
7388,2026-05-23,Asia,India,Tablet,1,719.22,522.75
7389,2025-03-19,Europe,Italy,Monitor,14,8869.93,6341.4
7390,2026-03-11,Asia,Singapore,Monitor,20,11243.8,7799.1
7391,2026-03-18,South America,Argentina,Smartphone,30,29677.21,19597.45
7392,2025-07-04,North America,Canada,Headphones,21,5252.08,2463.07
7393,2026-05-21,South America,Chile,Headphones,14,2783.05,1884.09
7394,2026-04-12,Europe,Italy,Monitor,3,1556.8,1187.85
7395,2026-01-03,South America,Chile,Smartphone,11,8413.72,5378.86
7396,2025-06-26,Asia,Singapore,Smartphone,20,16044.09,11984.51
7397,2025-01-27,Asia,Singapore,Laptop,8,12618.52,8432.56
7398,2025-12-16,North America,United States,Tablet,16,12790.13,8685.89
7399,2025-04-09,Europe,United Kingdom,Tablet,17,15217.1,10587.66
7400,2025-03-09,Europe,Spain,Tablet,3,1700.31,1161.26
7401,2025-01-02,South America,Brazil,Monitor,15,6541.15,4372.04
7402,2025-07-22,Europe,France,Laptop,26,42842.62,32743.71
7403,2025-11-01,North America,United States,Headphones,7,925.08,596.34
7404,2025-06-15,North America,Canada,Laptop,28,28641.3,19124.35
7405,2025-09-06,Asia,India,Laptop,4,3841.99,3003.17
7406,2026-02-18,South America,Argentina,Headphones,3,476.71,279.07
7407,2026-01-02,South America,Argentina,Laptop,8,7162.34,5362.82
7408,2025-01-02,North America,Canada,Headphones,22,6069.77,3186.81
7409,2025-07-20,Asia,India,Laptop,29,30906.84,24034.5
7410,2025-12-04,North America,Canada,Monitor,26,17087.68,10609.33
7411,2026-02-10,South America,Chile,Headphones,17,4510.85,3050.03
7412,2025-08-24,South America,Chile,Monitor,8,3277.43,2413.09
7413,2025-11-04,North America,Mexico,Tablet,29,18784.14,12941.91
7414,2025-02-01,South America,Brazil,Smartphone,26,18980.22,12370.46
7415,2025-07-17,Asia,India,Monitor,27,14980.95,9193.56
7416,2025-05-24,North America,United States,Headphones,20,6264.41,3846.1
7417,2025-04-02,Asia,Singapore,Monitor,9,6106.54,4352.54
7418,2025-12-16,Europe,Italy,Headphones,22,4630.89,3042.14
7419,2025-03-03,Asia,Malaysia,Monitor,5,3187.13,1992.29
7420,2025-01-19,Asia,Malaysia,Smartphone,24,20967.27,14065.78
7421,2025-02-11,Europe,United Kingdom,Laptop,25,36661.81,27307.52
7422,2026-01-12,North America,Canada,Monitor,14,3350.38,2276.28
7423,2025-03-04,South America,Chile,Laptop,8,6704.98,4937.43
7424,2025-02-01,Europe,United Kingdom,Tablet,28,15456.48,8545.59
7425,2025-07-25,Europe,United Kingdom,Smartphone,30,17765.98,10307.03
7426,2026-01-02,South America,Argentina,Smartphone,6,2891.31,2085.15
7427,2025-05-03,North America,Canada,Headphones,11,2719.77,1659.06
7428,2025-05-14,Europe,Netherlands,Monitor,20,11354.07,7008.21
7429,2026-01-24,Europe,Spain,Laptop,8,9434.2,5948.47
7430,2026-03-03,North America,Mexico,Headphones,5,424.39,268.82
7431,2026-01-13,North America,Mexico,Smartphone,26,18676.73,13338.3
7432,2025-01-28,Europe,Italy,Headphones,1,109.0,51.11
7433,2025-08-10,South America,Brazil,Headphones,13,2064.88,1218.17
7434,2026-01-08,Asia,Singapore,Headphones,16,2176.72,1030.74
7435,2026-02-28,Europe,Germany,Tablet,7,3506.03,2407.58
7436,2025-01-30,North America,United States,Smartphone,26,26438.41,19152.97
7437,2025-06-26,North America,Mexico,Headphones,18,5046.58,2872.38
7438,2025-01-18,North America,Mexico,Monitor,2,664.73,421.57
7439,2025-12-05,North America,Canada,Laptop,22,26499.49,19269.24
7440,2025-06-16,North America,United States,Tablet,29,22007.05,15223.32
7441,2025-10-24,Europe,Germany,Headphones,7,1258.55,730.42
7442,2025-01-02,Asia,Malaysia,Headphones,3,801.83,519.02
7443,2026-02-14,South America,Argentina,Laptop,20,33347.54,25925.57
7444,2025-06-08,Europe,Spain,Tablet,22,13256.61,9491.08
7445,2026-06-28,Europe,United Kingdom,Smartphone,20,12166.86,9178.52
7446,2025-02-03,Asia,Singapore,Headphones,27,6784.97,3876.49
7447,2025-07-24,Europe,France,Monitor,1,307.18,207.48
7448,2025-03-26,Asia,India,Tablet,18,13933.2,8772.58
7449,2025-11-10,North America,United States,Laptop,15,15780.13,10784.15
7450,2025-03-21,Asia,Singapore,Laptop,24,33420.63,24751.92
7451,2025-05-01,North America,United States,Tablet,2,1492.35,946.3
7452,2025-09-06,South America,Brazil,Monitor,29,6285.48,3808.7
7453,2025-10-10,North America,Canada,Laptop,24,39607.94,30279.44
7454,2025-05-19,Asia,Singapore,Headphones,30,3238.6,2141.29
7455,2025-10-19,North America,United States,Tablet,11,9134.97,6019.51
7456,2026-01-30,Asia,Singapore,Tablet,14,4857.87,2942.5
7457,2025-06-09,South America,Brazil,Laptop,30,49210.4,35330.33
7458,2025-05-13,Europe,United Kingdom,Smartphone,19,11487.38,7574.78
7459,2026-03-18,Europe,Germany,Laptop,29,47879.14,33631.12
7460,2025-08-28,Asia,Singapore,Laptop,20,24124.46,16521.54
7461,2025-05-19,South America,Brazil,Smartphone,4,2841.63,2006.37
7462,2025-11-02,Europe,Netherlands,Laptop,1,877.02,566.86
7463,2025-08-01,Asia,India,Laptop,14,17566.59,13387.41
7464,2025-12-12,North America,Mexico,Monitor,21,9079.36,5713.8
7465,2025-08-15,Asia,South Korea,Headphones,10,1068.49,550.69
7466,2025-10-16,South America,Brazil,Smartphone,26,20910.38,14637.16
7467,2025-09-28,Europe,United Kingdom,Smartphone,17,15965.42,11455.83
7468,2025-01-14,North America,Mexico,Headphones,12,984.0,605.71
7469,2025-10-04,Asia,Malaysia,Laptop,14,18807.61,13044.21
7470,2025-12-06,South America,Argentina,Smartphone,3,1263.07,834.02
7471,2025-07-09,South America,Argentina,Laptop,2,3265.36,2219.23
7472,2025-03-23,North America,Mexico,Monitor,29,18403.82,12356.87
7473,2025-03-28,North America,Canada,Tablet,3,1893.26,1213.2
7474,2026-01-12,Asia,Malaysia,Monitor,9,2910.68,1923.35
7475,2025-05-22,Europe,Italy,Smartphone,5,4206.76,2535.2
7476,2026-06-22,South America,Chile,Smartphone,19,15728.07,10791.1
7477,2025-01-24,Asia,Malaysia,Laptop,21,36312.75,28623.07
7478,2026-01-29,North America,United States,Smartphone,24,14643.75,8423.68
7479,2025-12-10,South America,Chile,Laptop,8,7253.52,4918.35
7480,2026-01-24,Asia,Singapore,Smartphone,2,1149.89,841.02
7481,2025-10-15,Europe,France,Laptop,1,915.57,598.55
7482,2025-10-16,South America,Argentina,Tablet,6,2101.14,1244.33
7483,2026-05-05,Europe,United Kingdom,Tablet,22,18590.16,12148.22
7484,2025-05-17,South America,Argentina,Laptop,22,20391.49,12815.88
7485,2025-11-10,South America,Argentina,Headphones,30,7669.07,4531.59
7486,2026-06-15,South America,Chile,Smartphone,12,8667.31,5847.52
7487,2025-11-10,Europe,Germany,Smartphone,12,4948.01,3224.39
7488,2026-03-21,North America,Mexico,Headphones,13,2625.47,1578.26
7489,2026-02-17,Asia,Japan,Headphones,14,3032.79,2054.66
7490,2026-03-30,Europe,Germany,Headphones,28,4377.05,2285.96
7491,2025-12-31,Asia,Japan,Laptop,4,3464.2,2672.62
7492,2026-05-11,Europe,Netherlands,Tablet,5,1885.76,1412.34
7493,2025-08-17,Asia,Japan,Smartphone,25,21038.15,15132.98
7494,2025-08-26,Asia,India,Monitor,29,19965.09,12416.3
7495,2026-02-20,South America,Argentina,Tablet,30,24797.69,16093.12
7496,2025-02-10,South America,Brazil,Laptop,20,35920.25,26909.1
7497,2025-12-05,Europe,Germany,Laptop,12,15529.06,11870.7
7498,2025-05-12,Asia,Malaysia,Laptop,30,29917.62,19410.23
7499,2026-01-13,South America,Brazil,Smartphone,13,8334.82,5114.56
7500,2025-07-02,North America,Canada,Headphones,18,4945.57,2500.93
7501,2026-01-21,Asia,South Korea,Laptop,26,28109.99,20619.02
7502,2026-05-24,North America,United States,Headphones,22,1896.99,1116.59
7503,2026-04-16,Europe,Germany,Monitor,17,5594.44,4078.85
7504,2025-02-20,Europe,France,Monitor,27,8915.97,6075.64
7505,2025-09-19,Asia,Singapore,Tablet,30,13159.06,8727.92
7506,2025-07-29,South America,Argentina,Monitor,2,686.59,471.14
7507,2026-02-11,South America,Brazil,Laptop,18,23832.46,16328.54
7508,2026-06-23,Asia,South Korea,Monitor,21,6512.73,4831.02
7509,2026-04-20,North America,Mexico,Monitor,15,10292.88,7292.88
7510,2026-01-19,Asia,South Korea,Smartphone,23,27373.17,18962.9
7511,2025-04-15,Europe,United Kingdom,Monitor,16,5816.74,3755.19
7512,2025-08-07,North America,Canada,Tablet,11,7668.38,4919.41
7513,2025-01-31,South America,Chile,Laptop,16,27094.98,19581.81
7514,2025-11-13,North America,Canada,Smartphone,1,1192.81,693.5
7515,2025-07-20,Europe,United Kingdom,Laptop,5,6353.78,4916.85
7516,2025-06-29,Europe,Netherlands,Smartphone,19,17120.63,10908.93
7517,2026-04-04,Asia,Singapore,Laptop,12,13992.33,10579.58
7518,2025-06-16,North America,United States,Monitor,16,5509.74,3719.55
7519,2026-03-18,North America,United States,Monitor,10,6562.67,4669.26
7520,2025-10-04,Asia,South Korea,Tablet,5,3015.86,1758.22
7521,2025-06-07,Europe,France,Smartphone,2,1240.32,720.09
7522,2025-10-27,South America,Brazil,Monitor,6,2327.97,1455.03
7523,2025-03-05,Europe,Netherlands,Tablet,17,9805.55,5471.56
7524,2026-02-26,South America,Brazil,Monitor,6,2321.8,1413.49
7525,2025-09-02,Asia,India,Headphones,11,2037.48,1330.63
7526,2025-07-19,Asia,India,Tablet,24,7215.4,4933.96
7527,2025-02-12,South America,Chile,Monitor,30,15425.49,10916.38
7528,2025-12-10,North America,Canada,Tablet,5,2152.26,1253.71
7529,2025-09-28,Europe,Germany,Laptop,26,21664.42,16512.33
7530,2025-06-24,Europe,Spain,Headphones,13,2765.78,1719.62
7531,2025-11-01,Europe,Italy,Smartphone,8,9251.73,5508.99
7532,2026-01-07,Europe,Netherlands,Monitor,11,2885.35,1904.93
7533,2025-07-03,South America,Brazil,Tablet,17,9490.18,5597.69
7534,2025-10-05,Asia,Singapore,Smartphone,6,2557.47,1847.23
7535,2025-10-21,Asia,India,Laptop,30,37662.91,24742.26
7536,2025-05-27,South America,Argentina,Headphones,30,10089.44,6560.02
7537,2026-06-03,Asia,South Korea,Monitor,30,10395.86,7240.9
7538,2026-02-12,Europe,Germany,Monitor,25,9898.51,7343.44
7539,2026-04-28,South America,Brazil,Headphones,25,7908.27,3663.04
7540,2025-04-17,Europe,France,Laptop,21,24151.49,17628.81
7541,2025-06-04,Asia,Malaysia,Smartphone,12,13668.76,8424.11
7542,2025-08-04,South America,Argentina,Tablet,2,923.71,632.98
7543,2025-01-31,South America,Chile,Smartphone,21,11543.54,7209.93
7544,2026-02-13,North America,Canada,Laptop,9,14798.14,11219.99
7545,2025-06-23,South America,Brazil,Monitor,24,13722.89,8947.06
7546,2025-11-15,Asia,South Korea,Headphones,8,1064.2,633.45
7547,2026-04-26,Europe,France,Laptop,29,48831.67,39419.56
7548,2025-03-21,South America,Chile,Laptop,10,12735.81,8670.65
7549,2025-02-21,Asia,Malaysia,Monitor,22,12736.27,9092.06
7550,2026-01-11,North America,Canada,Laptop,19,29416.39,21509.65
7551,2025-09-29,Asia,South Korea,Monitor,28,6063.69,4298.37
7552,2026-03-01,South America,Brazil,Tablet,1,423.35,262.61
7553,2025-06-22,Asia,South Korea,Smartphone,25,15484.6,10789.79
7554,2025-11-30,South America,Brazil,Tablet,18,13608.34,9543.72
7555,2025-03-30,Europe,Spain,Headphones,2,652.16,341.51
7556,2026-02-07,Asia,Japan,Smartphone,22,15914.96,10930.91
7557,2025-04-29,Europe,Italy,Headphones,11,1218.74,645.88
7558,2025-06-25,South America,Brazil,Headphones,3,568.39,293.84
7559,2025-05-23,Asia,Japan,Headphones,5,1647.47,851.34
7560,2025-09-21,Europe,Spain,Monitor,11,6548.54,4430.38
7561,2026-02-04,Europe,Italy,Monitor,12,6477.82,4054.38
7562,2025-09-22,North America,Mexico,Headphones,28,8867.03,4790.67
7563,2025-01-15,South America,Chile,Headphones,7,1003.96,604.85
7564,2025-02-18,Asia,Japan,Monitor,17,5254.2,3919.87
7565,2025-04-26,North America,Mexico,Headphones,6,1860.08,995.83
7566,2026-02-20,South America,Chile,Headphones,1,226.37,103.02
7567,2026-01-14,South America,Argentina,Smartphone,2,840.39,512.49
7568,2025-05-27,South America,Argentina,Laptop,20,20034.27,13732.82
7569,2025-01-17,North America,Canada,Laptop,20,19107.77,11764.74
7570,2025-08-16,South America,Brazil,Tablet,5,3546.64,2080.84
7571,2026-04-29,North America,Canada,Smartphone,16,16996.26,10307.0
7572,2025-06-29,Asia,South Korea,Headphones,20,3102.94,1834.56
7573,2025-09-24,Asia,South Korea,Monitor,24,15311.95,10836.56
7574,2025-09-10,South America,Chile,Headphones,28,9542.79,4764.54
7575,2025-11-13,Europe,Netherlands,Monitor,6,3594.62,2453.0
7576,2025-12-20,Europe,Netherlands,Monitor,30,7129.59,4849.47
7577,2026-06-03,Europe,Spain,Headphones,18,4957.82,2927.28
7578,2025-08-01,Asia,South Korea,Smartphone,15,7759.1,4911.44
7579,2025-11-06,North America,United States,Smartphone,16,11000.23,6725.97
7580,2026-02-04,South America,Brazil,Smartphone,23,22148.77,15348.43
7581,2025-07-03,Asia,Japan,Laptop,26,28999.72,19885.95
7582,2025-05-30,North America,United States,Laptop,13,18440.49,12955.46
7583,2025-07-10,South America,Argentina,Tablet,4,1404.83,931.49
7584,2025-12-13,Europe,Italy,Laptop,18,21581.65,16056.45
7585,2025-10-31,North America,United States,Smartphone,7,6053.94,3863.48
7586,2025-01-05,North America,Canada,Tablet,28,10902.21,6952.81
7587,2026-02-09,North America,Canada,Laptop,22,19657.04,12260.39
7588,2025-05-18,Europe,Italy,Smartphone,7,6926.18,4148.71
7589,2025-03-31,North America,Canada,Tablet,30,15569.02,8550.77
7590,2026-02-25,Asia,South Korea,Headphones,23,5966.01,3442.24
7591,2025-03-06,South America,Argentina,Monitor,21,13377.08,8786.48
7592,2025-03-19,South America,Argentina,Headphones,15,2844.19,1764.39
7593,2025-05-22,Asia,South Korea,Tablet,10,6432.6,4229.24
7594,2025-12-22,Europe,United Kingdom,Smartphone,15,13999.55,9772.7
7595,2025-07-21,North America,United States,Tablet,20,7243.05,4426.05
7596,2026-03-17,Asia,India,Monitor,15,6520.32,4260.72
7597,2025-10-07,Asia,Japan,Smartphone,4,4345.11,3036.17
7598,2025-05-15,Europe,Netherlands,Headphones,27,5656.09,3811.39
7599,2025-04-05,Europe,France,Tablet,15,6336.02,3973.5
7600,2025-04-14,Europe,Netherlands,Smartphone,19,21707.33,14467.32
7601,2025-12-01,Europe,Spain,Smartphone,8,4277.07,2549.9
7602,2025-11-02,North America,United States,Tablet,3,2637.48,1566.74
7603,2026-03-13,Asia,Singapore,Smartphone,3,2872.26,2137.21
7604,2025-03-08,South America,Brazil,Smartphone,25,16964.74,11050.8
7605,2025-03-29,North America,Canada,Smartphone,8,9195.43,6173.83
7606,2025-06-20,North America,Canada,Laptop,16,25613.0,17855.38
7607,2025-05-25,Asia,India,Monitor,30,14091.06,9879.77
7608,2025-09-18,North America,Mexico,Laptop,6,10375.49,7874.9
7609,2025-12-21,South America,Brazil,Headphones,14,3285.58,1997.43
7610,2025-04-13,Europe,Italy,Smartphone,12,13837.74,9347.5
7611,2025-07-20,Europe,United Kingdom,Tablet,8,5902.32,3586.14
7612,2025-07-25,Asia,Malaysia,Monitor,4,2373.38,1605.08
7613,2025-10-25,South America,Brazil,Monitor,4,1658.69,998.09
7614,2025-10-07,Asia,Japan,Monitor,22,4618.22,3373.03
7615,2025-08-31,South America,Argentina,Laptop,5,6490.78,4293.95
7616,2025-01-05,South America,Chile,Tablet,8,6262.02,3629.43
7617,2026-04-10,North America,United States,Monitor,20,11696.13,7163.51
7618,2026-03-13,South America,Brazil,Laptop,9,8001.66,5511.58
7619,2025-07-20,Europe,Spain,Laptop,21,24717.3,17079.81
7620,2026-04-09,North America,Mexico,Headphones,13,3462.77,1914.99
7621,2025-09-22,Europe,Germany,Headphones,27,3208.45,1712.14
7622,2025-09-10,Europe,Italy,Tablet,11,8575.09,5096.04
7623,2025-04-16,South America,Brazil,Tablet,23,10128.81,7027.01
7624,2025-10-06,Europe,France,Headphones,28,5763.39,3714.17
7625,2026-05-04,North America,Canada,Tablet,15,8263.49,5289.64
7626,2025-02-28,North America,United States,Tablet,5,2567.35,1674.46
7627,2025-03-05,North America,Canada,Smartphone,14,13184.9,7634.0
7628,2026-06-06,North America,Mexico,Tablet,6,3625.53,2280.04
7629,2025-07-14,Europe,France,Smartphone,20,17914.62,11615.84
7630,2026-06-09,Asia,Singapore,Smartphone,30,20614.38,14468.92
7631,2026-01-09,Europe,Spain,Monitor,29,17040.72,11340.37
7632,2026-06-09,North America,Mexico,Monitor,23,13809.71,9419.5
7633,2025-05-26,North America,Mexico,Tablet,8,4741.14,2888.25
7634,2026-03-08,South America,Brazil,Headphones,16,1698.84,944.78
7635,2025-04-29,South America,Argentina,Smartphone,21,14153.88,9924.43
7636,2025-12-22,Asia,Malaysia,Tablet,30,15647.44,8889.33
7637,2026-06-18,North America,Mexico,Smartphone,20,12218.71,7772.09
7638,2025-03-04,South America,Chile,Smartphone,17,11335.94,7834.46
7639,2025-10-11,Europe,Italy,Headphones,7,1884.53,1181.24
7640,2025-11-03,Asia,India,Tablet,29,18547.92,10761.16
7641,2025-06-12,Europe,United Kingdom,Tablet,10,7333.26,5253.51
7642,2025-02-03,South America,Argentina,Monitor,5,1778.2,1107.5
7643,2026-01-05,South America,Argentina,Laptop,10,8225.9,6124.04
7644,2025-06-12,South America,Chile,Monitor,30,17854.07,11286.8
7645,2025-09-15,South America,Argentina,Monitor,30,18202.59,13293.34
7646,2025-02-21,South America,Chile,Monitor,19,11513.33,7807.88
7647,2025-03-20,Europe,Spain,Laptop,13,19551.91,13228.47
7648,2025-04-11,North America,United States,Monitor,6,3679.69,2739.92
7649,2025-10-15,South America,Brazil,Tablet,24,7801.28,4447.65
7650,2025-03-06,South America,Brazil,Headphones,5,1160.85,559.54
7651,2025-05-27,North America,United States,Smartphone,20,8454.08,5061.41
7652,2025-12-31,Europe,Germany,Laptop,10,12412.05,9488.52
7653,2026-04-02,Asia,Malaysia,Headphones,2,542.48,374.21
7654,2025-11-26,Asia,Japan,Monitor,17,4996.21,3541.74
7655,2025-09-16,South America,Argentina,Monitor,23,13454.86,8747.4
7656,2025-10-17,North America,United States,Monitor,8,2382.32,1719.4
7657,2025-09-09,North America,Mexico,Monitor,11,2564.15,1889.85
7658,2025-08-01,North America,Mexico,Smartphone,26,11503.81,6810.95
7659,2025-04-02,Asia,India,Laptop,14,22325.08,15513.56
7660,2025-09-18,North America,Mexico,Laptop,7,8162.98,5951.49
7661,2025-09-06,North America,United States,Monitor,22,9724.34,7112.93
7662,2025-07-19,Asia,Singapore,Smartphone,30,30022.6,20741.93
7663,2026-04-10,Europe,Spain,Smartphone,27,31882.76,24233.72
7664,2026-06-29,Asia,India,Monitor,22,4585.59,3115.51
7665,2025-07-12,Asia,Japan,Laptop,17,29386.45,20682.45
7666,2026-06-18,Europe,Netherlands,Laptop,22,35322.81,24880.11
7667,2025-03-04,Asia,Japan,Headphones,18,2611.24,1440.87
7668,2026-05-07,Europe,Netherlands,Smartphone,26,27875.05,21934.65
7669,2026-04-06,North America,United States,Tablet,14,6800.72,4434.68
7670,2025-03-13,Asia,Singapore,Tablet,30,23045.01,15623.91
7671,2026-06-20,South America,Brazil,Headphones,19,5118.22,2494.54
7672,2025-01-18,Asia,Japan,Headphones,23,3469.68,2093.23
7673,2025-02-28,Asia,India,Monitor,21,7822.54,4866.0
7674,2025-11-25,Europe,Spain,Laptop,20,28854.04,20912.93
7675,2026-01-09,South America,Brazil,Headphones,29,5266.49,2662.48
7676,2025-12-15,Asia,Malaysia,Laptop,1,1182.95,881.14
7677,2025-08-20,Asia,Japan,Headphones,6,1200.32,819.99
7678,2025-11-24,Asia,Singapore,Headphones,22,2071.65,1037.78
7679,2025-11-04,South America,Argentina,Headphones,20,4704.08,2302.14
7680,2026-01-06,North America,Mexico,Tablet,24,9826.83,5429.15
7681,2025-04-25,North America,Mexico,Tablet,10,7642.75,4842.42
7682,2025-11-14,South America,Chile,Smartphone,1,757.27,446.11
7683,2025-04-18,South America,Brazil,Smartphone,22,11170.15,6662.2
7684,2026-04-08,South America,Argentina,Headphones,20,1895.12,1002.92
7685,2025-09-15,Asia,Malaysia,Laptop,1,1761.16,1168.37
7686,2025-01-07,North America,United States,Laptop,8,11519.23,7268.62
7687,2025-03-11,Europe,France,Headphones,15,1897.91,1003.16
7688,2026-04-04,North America,Canada,Laptop,5,6156.59,4211.9
7689,2025-02-27,South America,Chile,Monitor,25,16586.99,11691.13
7690,2025-08-05,Asia,India,Smartphone,6,4074.96,2708.68
7691,2026-03-16,South America,Chile,Headphones,20,2541.13,1673.09
7692,2026-05-16,North America,Canada,Smartphone,4,4330.5,2616.72
7693,2026-01-09,North America,Mexico,Smartphone,21,18859.06,11858.66
7694,2026-02-12,North America,Canada,Smartphone,3,2592.13,1548.47
7695,2025-11-30,Europe,Spain,Headphones,10,3161.99,1477.5
7696,2025-11-02,South America,Argentina,Smartphone,25,18779.85,13434.26
7697,2026-04-08,Asia,Singapore,Monitor,30,10381.68,7176.73
7698,2026-03-15,North America,Canada,Monitor,14,6884.9,5052.03
7699,2025-11-28,South America,Argentina,Laptop,11,10093.73,6915.15
7700,2026-01-10,Europe,Italy,Monitor,20,11296.96,7828.47
7701,2025-10-14,North America,United States,Laptop,12,16630.77,10158.73
7702,2025-05-21,North America,Canada,Headphones,15,1211.25,776.04
7703,2026-03-11,North America,Canada,Headphones,16,3946.86,1778.73
7704,2025-02-18,North America,Mexico,Monitor,14,8674.83,6079.49
7705,2026-02-04,Asia,Malaysia,Smartphone,17,11849.42,8348.67
7706,2025-04-15,South America,Brazil,Monitor,11,2200.32,1601.35
7707,2025-06-16,Europe,Netherlands,Headphones,6,772.43,378.65
7708,2025-07-08,Asia,Malaysia,Laptop,6,8285.1,6110.41
7709,2025-10-16,North America,Mexico,Monitor,29,18007.55,13211.86
7710,2026-01-23,Asia,Singapore,Laptop,29,48466.97,34500.69
7711,2025-09-27,South America,Chile,Laptop,11,16174.08,10368.37
7712,2025-12-03,North America,Canada,Headphones,20,2898.16,1931.66
7713,2025-11-17,Asia,Japan,Tablet,17,13909.71,8482.98
7714,2025-03-10,South America,Chile,Tablet,8,6931.14,4898.81
7715,2025-12-14,Asia,Japan,Headphones,23,4780.32,2946.09
7716,2025-03-23,Asia,India,Headphones,23,2114.24,1239.13
7717,2026-05-24,North America,Mexico,Monitor,8,4664.59,2843.53
7718,2025-10-22,South America,Brazil,Smartphone,14,15126.84,10139.9
7719,2025-04-09,Europe,United Kingdom,Laptop,10,14725.57,10900.11
7720,2026-02-03,Europe,Spain,Monitor,29,15208.17,9779.93
7721,2025-01-29,North America,Mexico,Monitor,12,7059.25,4399.82
7722,2025-10-25,North America,Mexico,Tablet,6,2120.44,1403.17
7723,2025-06-16,Europe,Netherlands,Headphones,29,4625.22,2176.88
7724,2026-06-11,Asia,Malaysia,Monitor,11,3692.88,2273.95
7725,2026-04-22,South America,Brazil,Tablet,11,3529.87,2165.42
7726,2025-05-03,North America,United States,Headphones,2,469.83,256.22
7727,2026-04-04,South America,Brazil,Monitor,27,15983.89,12135.76
7728,2025-01-31,South America,Brazil,Monitor,19,6418.15,4067.83
7729,2026-01-09,Europe,France,Headphones,9,2635.28,1523.24
7730,2026-01-24,North America,Canada,Headphones,27,4817.14,3193.58
7731,2026-05-12,South America,Chile,Laptop,23,27812.24,19999.81
7732,2025-05-15,Asia,South Korea,Headphones,27,6944.32,4505.08
7733,2026-02-02,North America,Mexico,Laptop,14,23609.85,17616.42
7734,2025-07-02,South America,Argentina,Laptop,1,810.77,594.99
7735,2025-12-29,Europe,Netherlands,Smartphone,1,1138.32,799.15
7736,2025-09-23,North America,Mexico,Monitor,19,4841.94,3593.87
7737,2026-04-26,Asia,Singapore,Headphones,9,2860.37,1685.81
7738,2026-03-10,Asia,Japan,Monitor,12,5802.53,4014.81
7739,2025-10-03,Europe,France,Headphones,24,4988.62,3055.77
7740,2026-05-25,Europe,Germany,Headphones,17,1766.52,1254.58
7741,2025-03-31,Europe,Netherlands,Smartphone,8,8296.78,5622.04
7742,2025-06-13,Asia,Japan,Laptop,9,9316.16,6279.81
7743,2026-03-29,Europe,Netherlands,Monitor,29,16797.48,10342.64
7744,2026-05-17,South America,Chile,Monitor,8,2582.74,1760.35
7745,2025-02-11,Europe,France,Smartphone,6,5934.54,4230.65
7746,2025-05-26,Asia,India,Tablet,10,6114.36,4108.83
7747,2025-09-02,North America,United States,Headphones,16,3504.4,2248.61
7748,2025-04-11,South America,Argentina,Headphones,12,2501.63,1587.83
7749,2025-02-05,North America,United States,Tablet,20,13094.45,7104.08
7750,2025-07-10,North America,United States,Smartphone,9,9107.01,5917.47
7751,2025-05-08,Asia,India,Smartphone,16,12700.09,8053.42
7752,2025-09-21,Europe,France,Laptop,27,30817.62,22398.59
7753,2025-06-24,North America,Mexico,Laptop,16,16371.7,10630.94
7754,2025-12-22,Europe,France,Monitor,17,4787.98,2997.09
7755,2025-03-25,North America,United States,Headphones,30,7979.94,4642.26
7756,2026-01-12,North America,Canada,Smartphone,3,1421.79,1027.23
7757,2025-01-09,Europe,Italy,Smartphone,2,1622.65,1186.48
7758,2025-05-16,North America,United States,Monitor,27,15863.05,10317.31
7759,2025-10-19,North America,Mexico,Smartphone,13,6784.6,4491.45
7760,2025-04-30,Asia,Singapore,Laptop,21,34727.3,22460.91
7761,2025-10-05,North America,Mexico,Monitor,18,11871.62,8863.48
7762,2025-12-01,Europe,Spain,Smartphone,27,22969.87,16416.47
7763,2026-06-24,North America,Mexico,Headphones,30,7207.15,3761.22
7764,2025-10-12,South America,Brazil,Tablet,10,5797.17,3333.05
7765,2025-02-26,North America,Canada,Tablet,26,20816.2,14749.89
7766,2025-04-21,South America,Argentina,Monitor,8,3876.03,2689.53
7767,2025-09-27,South America,Argentina,Laptop,28,30338.05,20064.84
7768,2026-03-07,North America,Canada,Tablet,17,5795.85,3417.87
7769,2025-11-22,Asia,Singapore,Smartphone,23,25527.81,18150.09
7770,2026-02-08,North America,Canada,Tablet,28,8688.53,5519.34
7771,2025-08-23,Europe,United Kingdom,Smartphone,3,2341.58,1567.21
7772,2025-06-08,Europe,France,Headphones,4,561.71,309.21
7773,2026-05-27,North America,Canada,Headphones,8,1968.93,1087.18
7774,2026-05-11,Asia,South Korea,Laptop,12,12616.31,8254.32
7775,2025-09-21,Europe,France,Tablet,25,22325.03,12284.46
7776,2025-07-28,Asia,Singapore,Laptop,6,6527.83,4256.09
7777,2025-08-24,South America,Brazil,Laptop,15,16462.83,10388.28
7778,2026-05-10,North America,United States,Monitor,2,1342.97,803.51
7779,2026-03-16,Asia,Japan,Smartphone,20,22672.55,15568.35
7780,2026-05-17,South America,Brazil,Smartphone,12,6329.28,4675.8
7781,2026-06-28,North America,Mexico,Smartphone,21,16128.67,10113.0
7782,2025-07-03,South America,Brazil,Smartphone,3,2465.87,1541.13
7783,2026-01-14,Europe,Netherlands,Laptop,18,23819.74,17684.62
7784,2026-06-13,Europe,Spain,Laptop,30,26991.32,23014.98
7785,2025-10-04,Asia,Malaysia,Laptop,16,25886.45,19252.39
7786,2025-08-29,North America,United States,Laptop,14,14772.9,9485.32
7787,2025-11-23,North America,United States,Tablet,7,2887.87,1836.26
7788,2026-04-10,Europe,Spain,Monitor,5,2563.61,1854.16
7789,2025-08-09,Asia,Singapore,Smartphone,9,9181.26,6633.21
7790,2025-02-02,Europe,Spain,Laptop,22,33890.24,25148.68
7791,2025-08-19,Europe,Italy,Smartphone,8,4056.18,2773.09
7792,2025-01-04,South America,Brazil,Tablet,9,5292.66,3126.11
7793,2025-01-30,South America,Brazil,Smartphone,3,3385.71,2054.19
7794,2026-05-23,South America,Chile,Laptop,2,1892.98,1431.52
7795,2026-05-31,Asia,South Korea,Smartphone,9,5694.33,3927.71
7796,2025-06-30,Europe,Italy,Monitor,19,9337.62,6819.67
7797,2025-12-31,Asia,Malaysia,Smartphone,3,1416.06,1010.89
7798,2026-04-20,South America,Chile,Headphones,12,1305.84,709.47
7799,2025-02-27,Europe,Spain,Laptop,2,2344.87,1565.16
7800,2025-01-22,Asia,South Korea,Monitor,13,2984.12,2138.0
7801,2025-05-10,Asia,India,Monitor,5,1848.76,1267.17
7802,2025-04-05,Europe,Germany,Laptop,7,8301.55,5692.87
7803,2025-12-24,South America,Argentina,Smartphone,19,19436.66,14339.07
7804,2025-08-31,North America,Canada,Laptop,24,35836.04,23405.13
7805,2026-01-10,Europe,Italy,Smartphone,28,12263.06,7458.6
7806,2025-06-28,Europe,Spain,Smartphone,7,5079.47,3744.44
7807,2026-05-01,Asia,Singapore,Laptop,3,2818.04,2074.65
7808,2025-02-02,Asia,India,Laptop,5,5903.25,3938.62
7809,2025-01-26,North America,United States,Monitor,26,11106.68,7076.86
7810,2025-06-28,North America,United States,Smartphone,19,10027.86,6167.29
7811,2026-02-07,North America,Mexico,Tablet,16,8410.17,5702.07
7812,2026-03-19,Europe,United Kingdom,Tablet,12,10075.52,7172.45
7813,2025-02-24,Asia,South Korea,Tablet,8,4104.0,2820.02
7814,2025-10-16,Asia,Japan,Monitor,6,4164.51,2710.69
7815,2026-03-11,South America,Argentina,Smartphone,6,4364.85,3019.05
7816,2026-02-04,Europe,Italy,Tablet,21,11846.71,6539.59
7817,2025-12-31,North America,United States,Smartphone,10,9792.49,5849.17
7818,2025-02-14,North America,Mexico,Monitor,9,6165.4,3782.91
7819,2025-10-23,South America,Chile,Laptop,13,13933.58,9714.02
7820,2026-02-12,Europe,Netherlands,Smartphone,10,10803.79,7655.31
7821,2026-05-13,Asia,India,Laptop,14,11849.42,8124.87
7822,2025-12-18,Asia,Malaysia,Headphones,12,1559.82,750.49
7823,2025-11-22,North America,United States,Tablet,1,356.03,193.64
7824,2025-09-25,Asia,South Korea,Headphones,26,2506.85,1455.67
7825,2025-01-28,Asia,Singapore,Headphones,23,6487.26,4315.68
7826,2026-05-30,Asia,South Korea,Tablet,11,5035.21,3300.64
7827,2026-01-18,South America,Chile,Headphones,25,7138.24,4005.38
7828,2025-05-17,North America,Mexico,Tablet,30,11916.43,7611.67
7829,2025-03-01,North America,United States,Monitor,17,4824.4,3214.93
7830,2026-02-18,North America,Mexico,Monitor,29,15542.45,9985.22
7831,2026-04-09,South America,Argentina,Smartphone,25,16348.73,9630.65
7832,2026-06-08,Europe,United Kingdom,Headphones,1,226.7,141.22
7833,2026-03-26,North America,Canada,Laptop,4,6584.46,4959.66
7834,2025-08-16,Asia,Singapore,Monitor,16,3768.22,2729.03
7835,2025-06-08,South America,Argentina,Smartphone,7,5258.99,3138.98
7836,2025-01-09,Asia,Malaysia,Tablet,28,18688.92,11691.05
7837,2025-11-22,Europe,Spain,Monitor,12,5114.38,3368.32
7838,2025-07-05,Europe,Spain,Smartphone,13,5993.59,4132.22
7839,2025-01-21,Europe,United Kingdom,Tablet,26,14154.66,9686.98
7840,2025-04-21,South America,Brazil,Headphones,27,9230.6,4767.27
7841,2025-02-28,Asia,South Korea,Monitor,11,5118.22,3133.75
7842,2025-08-16,Asia,Malaysia,Headphones,9,816.72,556.08
7843,2026-04-13,Europe,France,Laptop,25,26210.63,21311.98
7844,2025-01-29,South America,Brazil,Headphones,9,1721.42,956.32
7845,2025-02-28,South America,Argentina,Smartphone,16,9166.67,6250.89
7846,2026-03-03,Asia,South Korea,Tablet,20,8032.72,4921.0
7847,2025-02-18,Europe,Germany,Laptop,13,18684.46,14311.11
7848,2026-03-30,South America,Argentina,Laptop,1,1394.4,967.59
7849,2025-03-06,Asia,Japan,Tablet,21,14812.37,10265.33
7850,2026-01-26,Europe,Spain,Laptop,13,11618.77,8182.67
7851,2025-12-13,Asia,South Korea,Laptop,1,1299.63,991.22
7852,2025-04-13,Europe,France,Smartphone,5,4899.61,2974.47
7853,2026-02-10,Asia,Malaysia,Laptop,11,9853.78,7382.77
7854,2025-05-05,Europe,Spain,Laptop,24,28291.28,18427.5
7855,2025-10-03,Europe,Germany,Monitor,30,12948.03,9044.97
7856,2026-05-04,Europe,Germany,Laptop,10,14138.75,10076.65
7857,2026-03-12,Asia,Japan,Headphones,5,1403.97,762.98
7858,2026-01-26,North America,United States,Headphones,30,5067.79,2965.46
7859,2025-05-05,South America,Argentina,Smartphone,4,1801.32,1296.76
7860,2025-01-21,Asia,Singapore,Tablet,28,13463.9,9404.08
7861,2026-02-04,North America,Canada,Laptop,6,9036.66,6847.69
7862,2025-06-10,Europe,Spain,Smartphone,30,19814.39,14027.0
7863,2026-06-22,Europe,United Kingdom,Monitor,12,6106.13,5100.72
7864,2025-01-03,Asia,Singapore,Smartphone,9,8286.11,5072.18
7865,2025-08-09,Asia,Singapore,Smartphone,8,3938.36,2615.35
7866,2025-11-25,North America,Mexico,Monitor,16,10744.19,7789.73
7867,2025-07-18,Asia,India,Smartphone,1,720.5,504.66
7868,2025-05-14,Europe,France,Laptop,25,33100.27,22903.34
7869,2026-04-19,North America,Canada,Headphones,29,3629.3,2022.84
7870,2026-05-16,Europe,Italy,Smartphone,20,8988.5,7257.2
7871,2025-11-03,South America,Brazil,Laptop,23,31708.03,21620.78
7872,2026-02-05,South America,Argentina,Smartphone,19,13350.8,9095.13
7873,2026-03-21,North America,Mexico,Headphones,3,974.61,571.72
7874,2025-09-21,South America,Brazil,Monitor,10,6108.7,4247.11
7875,2025-09-21,North America,Mexico,Headphones,28,4241.05,2163.26
7876,2026-02-21,North America,Canada,Monitor,23,15485.75,9743.93
7877,2026-04-07,Europe,United Kingdom,Smartphone,9,4804.65,3556.97
7878,2025-08-05,Asia,Malaysia,Monitor,25,7687.24,5842.04
7879,2025-06-27,South America,Argentina,Monitor,11,3613.82,2592.49
7880,2025-10-24,Asia,South Korea,Tablet,25,16410.63,11419.0
7881,2026-03-15,North America,Canada,Tablet,21,7038.4,4868.31
7882,2025-01-31,Europe,France,Laptop,28,30807.04,20996.83
7883,2025-12-01,North America,Canada,Smartphone,18,21456.95,12821.65
7884,2025-08-09,Asia,Japan,Tablet,26,22720.13,15516.74
7885,2025-08-12,North America,Canada,Monitor,17,10276.99,7684.47
7886,2026-06-21,South America,Argentina,Monitor,22,8454.47,5890.79
7887,2025-06-02,Europe,France,Headphones,18,1443.52,716.59
7888,2026-04-23,South America,Brazil,Headphones,3,969.16,585.91
7889,2026-05-09,Europe,Germany,Tablet,29,10251.14,8070.84
7890,2025-12-31,Europe,Netherlands,Monitor,27,7475.8,4568.17
7891,2025-09-07,North America,United States,Headphones,3,331.66,187.53
7892,2026-02-19,North America,United States,Headphones,25,2433.39,1183.74
7893,2026-04-05,North America,United States,Tablet,29,16341.58,10886.78
7894,2025-05-21,Europe,United Kingdom,Laptop,2,2911.07,2086.0
7895,2025-04-05,Europe,Germany,Headphones,28,4241.9,2124.43
7896,2025-02-06,Asia,South Korea,Monitor,8,2153.31,1318.39
7897,2026-01-20,North America,Canada,Headphones,10,1194.3,702.18
7898,2025-07-13,Europe,Netherlands,Headphones,6,1099.89,544.96
7899,2025-06-18,South America,Argentina,Monitor,24,7515.92,5280.8
7900,2025-03-31,North America,United States,Laptop,24,20673.72,13734.65
7901,2026-05-31,South America,Brazil,Tablet,4,1838.72,1316.62
7902,2025-07-10,South America,Chile,Tablet,5,3275.76,1818.78
7903,2026-01-21,North America,Mexico,Monitor,29,7424.25,5497.51
7904,2026-06-03,Asia,Malaysia,Laptop,14,18161.11,13500.76
7905,2025-05-18,North America,Canada,Laptop,12,15987.63,11432.15
7906,2025-09-23,Asia,Malaysia,Headphones,10,2119.14,1138.59
7907,2026-06-05,South America,Brazil,Tablet,11,8691.16,5457.2
7908,2025-07-02,Asia,Singapore,Tablet,12,8581.93,4844.37
7909,2025-10-14,Asia,India,Laptop,1,912.77,667.95
7910,2026-02-14,Europe,Germany,Monitor,15,6950.59,5060.27
7911,2026-01-16,Asia,Malaysia,Laptop,24,27513.46,20430.24
7912,2026-01-25,South America,Brazil,Monitor,20,5767.26,4184.69
7913,2025-08-31,North America,United States,Laptop,2,3092.11,2197.3
7914,2025-05-11,North America,Mexico,Tablet,7,4598.35,3155.9
7915,2025-07-07,North America,Canada,Smartphone,15,16112.04,10440.58
7916,2025-08-12,Europe,France,Tablet,6,2921.24,1870.3
7917,2026-05-17,Europe,Germany,Smartphone,4,3961.89,2688.99
7918,2026-04-01,North America,United States,Monitor,8,4268.14,2767.35
7919,2025-07-20,South America,Brazil,Tablet,27,17222.41,9988.67
7920,2025-12-11,Europe,United Kingdom,Monitor,19,6735.74,4278.84
7921,2026-05-23,South America,Brazil,Monitor,30,7026.58,4579.82
7922,2025-08-09,North America,Mexico,Headphones,22,5231.81,3400.61
7923,2025-12-25,North America,Mexico,Smartphone,11,8212.33,5629.17
7924,2026-05-11,Asia,Malaysia,Monitor,26,8848.08,6350.53
7925,2025-07-26,Europe,Italy,Laptop,25,23855.19,17248.7
7926,2025-05-25,South America,Chile,Headphones,22,6050.75,3384.78
7927,2025-10-28,Asia,South Korea,Monitor,11,2765.95,1785.58
7928,2026-03-27,Asia,India,Headphones,15,4688.35,2963.91
7929,2025-12-29,Europe,Italy,Monitor,20,9927.84,7043.31
7930,2025-05-12,North America,Mexico,Monitor,17,6201.86,4513.68
7931,2025-10-26,Europe,Italy,Tablet,27,17364.1,10156.75
7932,2025-03-27,Europe,United Kingdom,Monitor,25,12965.21,8903.32
7933,2025-11-16,Europe,France,Monitor,24,14916.38,9187.02
7934,2025-02-12,South America,Chile,Laptop,23,24047.16,18668.06
7935,2025-09-13,Asia,Japan,Tablet,24,8962.64,5514.78
7936,2025-06-25,Asia,Malaysia,Laptop,14,22668.13,15727.97
7937,2025-07-24,Europe,Italy,Smartphone,26,23298.49,17072.23
7938,2025-03-22,North America,Mexico,Tablet,22,10841.33,6353.67
7939,2025-07-23,Europe,Germany,Monitor,21,7268.64,4753.02
7940,2026-04-07,South America,Argentina,Tablet,4,2755.81,1653.2
7941,2026-03-07,North America,United States,Headphones,7,743.5,368.95
7942,2025-06-29,North America,United States,Smartphone,23,17177.35,9900.36
7943,2026-04-13,North America,Canada,Headphones,27,4928.34,3160.03
7944,2026-04-10,Europe,France,Tablet,1,573.89,457.99
7945,2026-03-14,South America,Brazil,Monitor,19,9887.0,6497.14
7946,2026-06-12,North America,Mexico,Smartphone,14,6517.04,3763.98
7947,2026-06-10,South America,Argentina,Tablet,28,22636.06,13254.8
7948,2026-01-30,North America,Canada,Tablet,28,10202.56,6739.34
7949,2025-03-07,Asia,Singapore,Laptop,22,34156.29,22939.34
7950,2026-03-23,North America,Mexico,Smartphone,11,9530.99,6609.88
7951,2025-02-21,Europe,Germany,Laptop,18,26281.57,16947.96
7952,2026-06-10,South America,Brazil,Monitor,21,6475.68,4804.83
7953,2025-05-05,Asia,Malaysia,Smartphone,16,7439.66,4502.59
7954,2025-08-14,Europe,Spain,Headphones,16,5061.07,2427.15
7955,2026-02-28,North America,United States,Laptop,28,37092.52,23065.65
7956,2026-01-06,South America,Argentina,Laptop,4,5245.67,4062.42
7957,2026-03-18,South America,Chile,Tablet,24,9001.79,5580.7
7958,2025-11-10,Europe,United Kingdom,Smartphone,22,17922.63,11039.9
7959,2026-06-07,Europe,Italy,Monitor,11,6564.96,4548.65
7960,2026-05-16,Asia,India,Smartphone,3,3229.8,2302.33
7961,2026-04-17,North America,Mexico,Smartphone,4,2365.73,1400.56
7962,2026-05-16,South America,Brazil,Tablet,11,7371.21,5247.69
7963,2026-03-10,North America,United States,Laptop,28,36922.91,23276.44
7964,2026-03-24,South America,Chile,Tablet,4,2120.09,1380.91
7965,2026-04-12,Asia,South Korea,Laptop,25,28242.9,20209.72
7966,2025-07-18,South America,Brazil,Headphones,3,943.44,638.7
7967,2025-07-19,North America,United States,Smartphone,26,17341.95,10406.09
7968,2025-10-18,South America,Brazil,Monitor,10,6958.63,4638.14
7969,2026-06-02,South America,Argentina,Monitor,10,5228.61,3384.6
7970,2025-11-19,North America,Mexico,Tablet,18,6938.03,4354.29
7971,2026-05-16,Asia,Malaysia,Headphones,22,2810.75,1783.06
7972,2025-12-04,North America,Mexico,Headphones,16,5420.3,2733.37
7973,2025-02-10,North America,United States,Smartphone,25,11302.49,6562.29
7974,2025-11-14,South America,Argentina,Laptop,18,27083.23,18593.34
7975,2026-03-05,South America,Chile,Smartphone,18,14261.59,8879.81
7976,2026-05-06,South America,Brazil,Smartphone,10,4694.23,2977.62
7977,2025-09-02,Asia,Singapore,Laptop,1,1223.93,923.15
7978,2025-05-19,South America,Argentina,Monitor,12,4930.84,3082.37
7979,2025-02-13,South America,Argentina,Laptop,28,29016.7,20807.92
7980,2025-08-08,South America,Argentina,Monitor,15,4919.42,3618.25
7981,2025-02-04,North America,United States,Headphones,16,5176.69,3169.94
7982,2025-04-25,Asia,India,Laptop,7,10298.87,7995.36
7983,2025-02-06,Asia,Singapore,Headphones,6,1253.31,773.75
7984,2026-05-13,Asia,Japan,Laptop,7,6158.14,3890.24
7985,2026-02-11,South America,Argentina,Monitor,23,8735.84,6419.16
7986,2026-05-29,North America,Canada,Headphones,26,5647.64,3415.21
7987,2026-04-24,North America,Canada,Headphones,21,5674.74,3138.52
7988,2025-12-31,South America,Chile,Headphones,16,1648.51,852.64
7989,2025-03-30,South America,Chile,Tablet,14,4763.11,3322.17
7990,2025-02-25,South America,Chile,Smartphone,26,15086.28,10482.56
7991,2025-12-29,Europe,Germany,Headphones,28,7148.68,4623.91
7992,2025-07-29,Asia,South Korea,Headphones,13,2417.61,1588.44
7993,2026-06-22,North America,United States,Laptop,1,1028.98,782.77
7994,2025-12-05,Europe,Netherlands,Smartphone,2,2205.17,1602.14
7995,2025-09-25,Europe,Germany,Tablet,25,10026.0,6765.91
7996,2026-02-21,North America,United States,Smartphone,7,4688.93,3302.25
7997,2025-10-17,North America,Canada,Monitor,2,648.71,485.44
7998,2026-03-04,Europe,Germany,Headphones,9,2631.34,1754.14
7999,2025-06-18,South America,Brazil,Tablet,25,12260.09,7829.98
8000,2026-03-11,South America,Argentina,Laptop,5,7473.77,5312.71
8001,2026-02-26,South America,Argentina,Smartphone,4,4639.47,3388.7
8002,2025-07-20,North America,Canada,Tablet,13,9754.82,6914.32
8003,2025-08-21,Europe,United Kingdom,Smartphone,30,27963.4,18510.02
8004,2025-07-15,North America,Mexico,Headphones,28,6670.5,4263.88
8005,2025-09-08,Europe,France,Laptop,2,2639.61,1776.68
8006,2025-02-13,North America,United States,Laptop,28,27310.36,17113.77
8007,2026-04-07,Europe,France,Monitor,23,7492.58,6155.25
8008,2026-05-18,Asia,Japan,Laptop,7,7692.58,5626.05
8009,2025-11-15,Europe,United Kingdom,Monitor,4,2403.76,1662.38
8010,2026-05-09,South America,Brazil,Laptop,25,32008.13,24363.93
8011,2025-10-29,Asia,Malaysia,Smartphone,4,1712.2,1038.58
8012,2025-05-20,South America,Argentina,Headphones,25,2900.32,1777.79
8013,2025-03-30,South America,Argentina,Laptop,24,41596.16,30340.94
8014,2026-03-08,Asia,India,Smartphone,5,3095.44,1856.21
8015,2025-10-09,South America,Brazil,Headphones,29,5606.61,3353.26
8016,2025-11-23,Europe,Spain,Monitor,13,3716.05,2284.27
8017,2025-12-26,South America,Brazil,Monitor,11,7293.09,4995.81
8018,2026-03-20,South America,Brazil,Smartphone,15,12138.23,8392.46
8019,2026-04-05,South America,Brazil,Monitor,4,1155.87,799.9
8020,2025-07-19,Europe,Italy,Monitor,24,13714.53,8231.0
8021,2026-05-17,Europe,Germany,Smartphone,6,5504.08,4141.2
8022,2026-03-11,Asia,Singapore,Tablet,11,4508.05,2912.12
8023,2025-10-25,Asia,India,Laptop,8,11251.47,7983.11
8024,2025-02-10,South America,Argentina,Monitor,29,19596.32,14371.14
8025,2025-11-11,Europe,Netherlands,Headphones,14,3171.78,1961.73
8026,2025-11-08,South America,Chile,Tablet,20,14523.82,9713.42
8027,2025-01-08,Asia,Malaysia,Smartphone,6,4214.82,3066.01
8028,2026-02-17,South America,Brazil,Smartphone,16,11098.23,8159.61
8029,2026-05-18,North America,Canada,Tablet,16,11569.67,8011.91
8030,2025-11-29,Asia,India,Headphones,5,751.89,510.73
8031,2025-10-22,Asia,India,Headphones,4,560.3,277.08
8032,2025-12-21,South America,Argentina,Laptop,9,7884.23,5094.63
8033,2026-02-07,North America,United States,Tablet,24,18149.38,11565.5
8034,2025-11-19,North America,Mexico,Monitor,8,1992.18,1420.85
8035,2025-06-04,South America,Argentina,Smartphone,5,5231.8,3246.43
8036,2026-03-25,South America,Brazil,Smartphone,18,9391.98,6469.73
8037,2026-05-30,Europe,Italy,Laptop,2,1697.91,1257.83
8038,2026-06-23,South America,Argentina,Laptop,21,26456.31,18889.96
8039,2026-02-03,South America,Chile,Smartphone,22,24171.37,17041.51
8040,2025-08-18,Asia,Japan,Headphones,7,1929.2,1121.27
8041,2026-03-16,Asia,Malaysia,Monitor,17,8337.25,5791.82
8042,2025-12-20,Europe,Italy,Smartphone,18,19735.94,12816.31
8043,2025-04-15,South America,Argentina,Smartphone,24,12327.37,7805.93
8044,2026-05-18,Asia,South Korea,Headphones,16,2285.89,1383.68
8045,2025-05-17,Europe,Spain,Headphones,17,1475.05,983.36
8046,2025-09-19,South America,Brazil,Smartphone,30,17006.68,10651.12
8047,2025-12-26,Europe,Spain,Monitor,15,4154.75,2971.22
8048,2026-02-23,South America,Brazil,Headphones,3,967.59,535.46
8049,2026-03-27,South America,Chile,Monitor,26,15259.4,11239.16
8050,2026-03-30,Asia,Malaysia,Monitor,3,1399.16,868.62
8051,2025-02-16,North America,Mexico,Headphones,15,2272.32,1224.66
8052,2025-08-22,Asia,India,Tablet,7,5007.03,3042.81
8053,2026-03-11,Asia,Singapore,Smartphone,13,6420.43,4516.58
8054,2025-09-05,Asia,Singapore,Headphones,23,4772.58,2401.54
8055,2025-12-25,Europe,Spain,Headphones,9,2615.23,1243.64
8056,2026-02-23,South America,Brazil,Smartphone,5,4321.28,2521.17
8057,2025-09-01,North America,Canada,Smartphone,9,6963.17,4914.3
8058,2025-12-23,South America,Brazil,Monitor,22,12095.92,7882.29
8059,2025-01-12,South America,Brazil,Headphones,30,7882.87,4089.51
8060,2025-08-21,North America,Mexico,Laptop,1,1378.94,1020.26
8061,2026-06-08,South America,Argentina,Headphones,6,1750.29,1180.5
8062,2025-11-17,Europe,United Kingdom,Laptop,28,29883.93,18665.28
8063,2026-05-31,South America,Chile,Smartphone,12,11720.02,7712.28
8064,2025-10-07,Asia,Singapore,Tablet,8,7158.71,5032.21
8065,2026-02-06,Europe,Netherlands,Laptop,16,20791.5,15944.75
8066,2026-04-01,South America,Brazil,Smartphone,6,3078.65,1997.07
8067,2026-01-23,Europe,United Kingdom,Smartphone,8,9278.74,5397.23
8068,2026-05-24,Europe,France,Monitor,25,9541.49,6579.63
8069,2026-05-03,South America,Chile,Monitor,25,16160.71,10826.11
8070,2025-09-07,Europe,United Kingdom,Laptop,9,10425.11,7916.14
8071,2026-01-22,Europe,Germany,Monitor,17,10972.53,6707.07
8072,2025-02-08,South America,Argentina,Laptop,2,1650.59,1184.96
8073,2025-03-24,North America,Canada,Headphones,29,9581.01,6260.49
8074,2025-08-13,Asia,Japan,Tablet,9,4421.62,3185.58
8075,2025-12-13,Asia,Japan,Smartphone,5,2383.67,1689.76
8076,2025-11-13,North America,United States,Smartphone,20,20827.15,13776.94
8077,2026-01-18,Europe,Italy,Monitor,19,9497.12,6015.26
8078,2025-02-23,Asia,Malaysia,Laptop,11,13573.47,9261.77
8079,2025-02-12,South America,Brazil,Tablet,24,16693.88,11349.49
8080,2026-01-14,Europe,Germany,Monitor,27,16432.78,10940.82
8081,2025-04-25,Europe,France,Headphones,28,5904.2,2712.61
8082,2026-05-30,Europe,Germany,Monitor,27,7975.1,5454.8
8083,2026-01-20,Asia,Malaysia,Smartphone,3,1860.95,1137.36
8084,2026-03-28,South America,Brazil,Headphones,19,6453.89,3252.44
8085,2025-07-11,North America,United States,Tablet,5,1724.15,1036.32
8086,2025-11-25,South America,Brazil,Headphones,30,3937.24,1868.51
8087,2025-04-09,Asia,South Korea,Laptop,9,13515.25,9695.95
8088,2026-06-25,South America,Argentina,Tablet,20,17228.94,9674.97
8089,2025-10-06,North America,United States,Headphones,28,4068.1,2673.01
8090,2026-03-15,North America,Canada,Monitor,3,1533.31,950.47
8091,2026-05-27,Europe,Netherlands,Tablet,9,5455.88,3721.07
8092,2026-04-29,Europe,United Kingdom,Monitor,13,3595.64,2460.83
8093,2025-02-18,North America,Canada,Laptop,19,27525.78,18150.43
8094,2026-02-05,Europe,United Kingdom,Laptop,28,25126.89,18955.94
8095,2025-08-15,North America,United States,Monitor,13,6684.44,4863.34
8096,2026-03-20,Europe,United Kingdom,Laptop,12,17010.89,12817.85
8097,2026-01-05,North America,Mexico,Monitor,14,5108.8,3453.82
8098,2025-08-06,South America,Chile,Smartphone,19,9062.54,6128.94
8099,2026-05-15,North America,United States,Monitor,5,3190.85,2313.16
8100,2025-02-12,Asia,Singapore,Smartphone,3,2865.37,2042.2
8101,2026-02-01,Europe,Spain,Laptop,1,938.09,645.04
8102,2025-10-06,South America,Brazil,Tablet,6,2704.19,1787.18
8103,2025-06-22,Europe,Germany,Laptop,27,38673.34,24281.79
8104,2026-03-24,South America,Chile,Smartphone,8,6303.75,3849.98
8105,2025-04-22,Asia,Japan,Laptop,20,34124.86,24431.99
8106,2025-04-11,North America,Canada,Smartphone,8,6340.92,4549.1
8107,2025-01-14,Asia,Singapore,Monitor,7,4200.71,3058.32
8108,2025-07-05,South America,Argentina,Smartphone,26,17979.57,11348.39
8109,2026-02-07,South America,Chile,Laptop,24,35001.54,23569.54
8110,2025-02-11,Europe,Germany,Tablet,30,19010.97,12581.29
8111,2025-08-09,Europe,United Kingdom,Monitor,27,10428.31,7746.15
8112,2025-04-05,North America,Canada,Smartphone,22,18365.57,12490.87
8113,2025-12-08,South America,Chile,Laptop,18,25842.7,19997.61
8114,2026-04-10,North America,Mexico,Laptop,26,28133.21,19549.22
8115,2026-06-17,Europe,United Kingdom,Laptop,10,10711.0,8194.07
8116,2025-12-16,North America,United States,Monitor,3,653.3,476.14
8117,2026-02-21,North America,Canada,Smartphone,30,21492.95,13723.49
8118,2026-01-06,North America,Canada,Tablet,8,6130.93,3971.28
8119,2026-02-13,Asia,South Korea,Monitor,14,5834.92,4123.64
8120,2025-12-27,Europe,France,Smartphone,9,5627.32,3960.64
8121,2025-05-16,Asia,Malaysia,Laptop,27,33152.75,21865.16
8122,2026-03-16,North America,Mexico,Tablet,20,13754.71,8658.64
8123,2026-02-06,Europe,United Kingdom,Monitor,29,8122.48,5545.03
8124,2026-02-18,Asia,Singapore,Headphones,2,515.97,326.57
8125,2025-07-25,Europe,Netherlands,Tablet,3,2033.91,1145.35
8126,2025-07-21,North America,Canada,Laptop,27,24550.43,16720.91
8127,2025-01-05,Asia,South Korea,Headphones,10,2082.02,1100.0
8128,2026-04-13,Asia,South Korea,Smartphone,24,12973.65,9252.43
8129,2025-04-23,South America,Argentina,Laptop,20,29978.68,22748.88
8130,2025-06-14,Asia,Singapore,Headphones,18,3097.87,2099.77
8131,2025-10-07,Asia,India,Smartphone,21,20246.78,12963.09
8132,2026-05-23,North America,United States,Headphones,15,2445.15,1229.89
8133,2026-04-08,Asia,Malaysia,Monitor,5,2436.77,1650.13
8134,2026-05-14,North America,Canada,Tablet,15,8865.94,5649.34
8135,2025-02-26,South America,Brazil,Headphones,29,4222.03,2180.72
8136,2025-06-02,North America,United States,Laptop,17,14238.87,9406.21
8137,2025-12-08,North America,United States,Headphones,29,9751.49,4573.34
8138,2025-04-17,North America,United States,Headphones,14,2015.46,1140.44
8139,2025-01-07,Europe,Italy,Laptop,22,27531.19,20993.09
8140,2026-01-25,North America,Mexico,Laptop,10,11059.37,7121.96
8141,2025-09-09,South America,Chile,Tablet,27,11003.3,6232.09
8142,2026-01-04,South America,Chile,Laptop,9,11118.42,8090.98
8143,2026-01-24,North America,United States,Tablet,29,16948.2,9693.09
8144,2026-03-12,North America,United States,Headphones,3,403.3,184.1
8145,2026-05-19,Europe,Germany,Headphones,1,211.48,140.0
8146,2026-05-09,Europe,Netherlands,Tablet,29,14699.82,10039.64
8147,2026-01-03,Europe,United Kingdom,Headphones,28,7460.73,3973.6
8148,2026-06-29,Asia,Malaysia,Monitor,28,8577.51,5985.79
8149,2026-04-24,Asia,Malaysia,Monitor,14,7885.32,5876.02
8150,2026-06-14,Europe,Spain,Tablet,8,6695.02,4808.08
8151,2025-03-12,South America,Chile,Tablet,17,6527.19,4109.7
8152,2025-06-23,Asia,India,Headphones,20,1769.87,1191.92
8153,2025-11-16,South America,Argentina,Tablet,11,3321.16,1839.0
8154,2025-01-08,South America,Chile,Laptop,9,10418.56,7665.93
8155,2025-02-18,Europe,Spain,Monitor,8,2444.01,1477.56
8156,2026-05-20,South America,Brazil,Smartphone,26,31175.22,18996.15
8157,2025-07-31,South America,Brazil,Monitor,20,12571.07,7661.81
8158,2025-08-01,Asia,South Korea,Laptop,11,15236.52,10233.74
8159,2025-08-28,North America,United States,Tablet,27,10381.71,6344.42
8160,2026-01-10,North America,Mexico,Smartphone,2,2344.53,1642.55
8161,2025-12-19,Asia,Malaysia,Monitor,29,8552.59,5634.76
8162,2026-01-14,Europe,France,Tablet,26,17387.36,10846.9
8163,2025-05-29,South America,Brazil,Monitor,27,6236.11,3767.11
8164,2026-04-15,Asia,South Korea,Tablet,29,8892.64,5454.95
8165,2025-09-22,Asia,India,Monitor,10,2455.64,1525.0
8166,2025-04-02,Asia,South Korea,Tablet,14,6807.95,3869.61
8167,2025-06-10,North America,Canada,Smartphone,14,6056.09,3851.9
8168,2025-07-07,Asia,Japan,Headphones,9,1214.86,796.6
8169,2025-07-12,North America,Mexico,Tablet,12,9907.25,6296.95
8170,2025-06-21,Asia,Singapore,Laptop,21,26934.33,20705.8
8171,2025-11-26,Asia,Malaysia,Tablet,20,11342.4,7036.97
8172,2026-01-11,North America,United States,Smartphone,17,18305.61,12807.44
8173,2025-12-08,South America,Brazil,Headphones,7,1369.22,744.59
8174,2025-12-22,South America,Brazil,Smartphone,3,2964.46,1756.52
8175,2025-05-11,Europe,France,Smartphone,21,21170.75,14649.58
8176,2026-06-13,South America,Argentina,Smartphone,21,21454.11,15138.58
8177,2025-07-02,Europe,United Kingdom,Tablet,24,14563.09,10051.0
8178,2025-12-10,North America,Mexico,Tablet,25,19262.42,11346.56
8179,2026-06-03,Asia,Malaysia,Monitor,29,13344.95,8567.88
8180,2025-05-11,North America,United States,Tablet,28,13210.72,7214.45
8181,2025-07-16,North America,Mexico,Smartphone,30,30132.94,18009.28
8182,2025-03-07,North America,United States,Monitor,7,3780.97,2404.11
8183,2026-01-24,South America,Brazil,Monitor,18,10113.82,7104.46
8184,2025-06-05,North America,Canada,Laptop,12,15309.89,10125.08
8185,2025-04-18,Europe,Spain,Laptop,22,37620.1,23558.58
8186,2025-08-07,Europe,France,Smartphone,29,13980.31,8421.47
8187,2025-12-13,North America,United States,Smartphone,4,4352.53,2771.71
8188,2026-06-09,Asia,Japan,Smartphone,5,4221.95,3106.49
8189,2025-04-12,North America,United States,Smartphone,14,14771.0,9903.44
8190,2026-02-27,Asia,India,Tablet,9,4424.91,3161.36
8191,2025-04-19,North America,Mexico,Laptop,9,10096.63,7507.43
8192,2026-02-07,South America,Chile,Monitor,16,7603.59,5547.34
8193,2025-03-22,Europe,Netherlands,Tablet,25,16582.54,9706.91
8194,2026-03-09,North America,United States,Smartphone,30,16197.44,11010.73
8195,2025-07-14,North America,Canada,Tablet,14,9330.97,5103.16
8196,2025-07-16,South America,Chile,Headphones,23,3009.2,1378.43
8197,2025-12-16,South America,Brazil,Headphones,15,2201.73,1092.19
8198,2025-04-13,North America,Canada,Tablet,11,4208.46,2964.41
8199,2026-04-26,South America,Chile,Smartphone,21,14800.04,10666.63
8200,2025-08-09,North America,Canada,Tablet,1,892.47,570.43
8201,2025-01-15,South America,Chile,Headphones,3,725.76,388.87
8202,2026-05-09,South America,Argentina,Headphones,13,3038.96,1791.59
8203,2025-08-11,Europe,Spain,Laptop,29,49144.63,34937.14
8204,2026-04-17,North America,Canada,Laptop,6,6206.9,4441.1
8205,2025-01-09,Europe,France,Tablet,3,1552.12,883.5
8206,2025-12-01,South America,Brazil,Monitor,7,2566.33,1623.03
8207,2026-04-30,Europe,France,Headphones,25,7500.84,5018.38
8208,2026-02-23,South America,Chile,Monitor,26,16738.42,11470.61
8209,2025-10-03,Asia,India,Laptop,13,12500.36,8009.28
8210,2026-02-19,North America,United States,Tablet,23,15397.39,10519.55
8211,2025-07-31,South America,Chile,Tablet,22,17033.8,11537.65
8212,2025-03-22,Europe,United Kingdom,Tablet,15,8957.43,5936.2
8213,2025-07-29,Europe,Netherlands,Smartphone,15,9966.43,6441.27
8214,2025-12-05,South America,Chile,Monitor,20,5890.52,3846.97
8215,2026-06-18,North America,United States,Tablet,29,11503.26,6406.97
8216,2025-10-11,North America,United States,Laptop,6,6873.7,5149.58
8217,2026-03-20,Europe,Italy,Smartphone,21,24678.09,14332.62
8218,2026-06-09,Europe,Spain,Laptop,22,23595.8,18983.41
8219,2025-04-29,North America,United States,Tablet,24,8695.13,4698.52
8220,2025-03-03,North America,United States,Laptop,23,23969.13,15642.22
8221,2025-10-07,Asia,Malaysia,Monitor,30,9287.62,6281.61
8222,2025-03-15,Asia,Japan,Monitor,10,4261.17,2817.67
8223,2025-10-01,Asia,Malaysia,Smartphone,10,6724.58,4612.74
8224,2026-02-12,Europe,United Kingdom,Smartphone,9,3788.41,2775.75
8225,2026-04-10,North America,Mexico,Tablet,5,2602.24,1510.18
8226,2026-02-14,North America,Mexico,Smartphone,15,15521.87,11199.52
8227,2026-03-19,Asia,India,Headphones,4,911.93,534.62
8228,2025-06-19,Asia,Singapore,Monitor,13,3399.04,2214.63
8229,2025-06-13,Europe,Spain,Monitor,1,280.7,195.72
8230,2026-04-25,Europe,Spain,Monitor,22,7115.21,5825.12
8231,2025-04-14,North America,Mexico,Laptop,3,3807.54,2718.22
8232,2025-08-30,Europe,Italy,Laptop,5,7353.56,4971.34
8233,2025-07-28,Asia,South Korea,Headphones,16,1287.36,707.45
8234,2025-11-12,Asia,South Korea,Monitor,30,11183.79,7646.59
8235,2026-01-12,Asia,South Korea,Laptop,16,15013.72,11103.31
8236,2025-11-28,Asia,Japan,Smartphone,1,405.92,299.56
8237,2025-07-10,North America,Canada,Headphones,30,8943.71,4493.95
8238,2025-09-15,Europe,France,Smartphone,3,3415.13,2175.73
8239,2026-03-01,Asia,Malaysia,Tablet,18,13506.06,9153.06
8240,2025-06-11,Asia,South Korea,Monitor,7,1704.19,1122.08
8241,2025-08-06,Europe,Spain,Headphones,1,349.14,208.67
8242,2025-11-15,Europe,France,Laptop,12,19451.52,14053.63
8243,2025-07-20,South America,Argentina,Monitor,3,910.73,591.05
8244,2025-07-20,North America,United States,Tablet,11,4413.85,2769.94
8245,2025-05-19,Asia,Japan,Tablet,22,9455.64,5791.53
8246,2025-11-25,Asia,Malaysia,Monitor,25,12654.24,8147.77
8247,2025-09-19,South America,Argentina,Monitor,15,5364.63,3424.7
8248,2025-08-15,North America,United States,Laptop,22,30963.33,18888.24
8249,2026-02-01,North America,United States,Monitor,10,2441.67,1517.27
8250,2025-03-20,North America,Canada,Laptop,5,5540.85,4248.69
8251,2026-05-31,Asia,India,Monitor,29,10643.26,6674.69
8252,2025-07-21,Asia,South Korea,Laptop,7,10155.19,7325.75
8253,2025-09-16,Europe,Germany,Tablet,5,2641.26,1724.44
8254,2026-02-11,Asia,South Korea,Tablet,6,3472.05,2034.53
8255,2025-03-17,Asia,South Korea,Tablet,22,10735.45,6531.8
8256,2026-02-01,South America,Argentina,Headphones,21,7034.66,3943.94
8257,2026-03-20,South America,Chile,Tablet,13,7638.87,5312.35
8258,2025-07-10,South America,Chile,Headphones,14,3800.99,1714.61
8259,2025-04-02,Asia,Japan,Smartphone,5,3952.75,2822.18
8260,2025-05-19,Europe,Italy,Laptop,6,8645.89,5937.35
8261,2026-05-11,Europe,Spain,Headphones,13,1287.49,936.07
8262,2025-10-17,Europe,Spain,Tablet,4,1939.67,1218.39
8263,2026-03-09,Europe,Italy,Laptop,26,26230.41,17451.24
8264,2025-12-01,Asia,South Korea,Laptop,27,32905.74,25367.29
8265,2025-06-11,South America,Chile,Tablet,23,12474.82,7511.89
8266,2025-03-28,Europe,Spain,Monitor,13,3054.58,2290.02
8267,2025-06-23,Asia,Japan,Tablet,15,9250.45,5252.55
8268,2026-06-01,North America,United States,Monitor,19,3941.86,2360.29
8269,2025-08-16,North America,Mexico,Monitor,24,14843.37,10489.28
8270,2025-03-14,Europe,France,Laptop,5,6343.76,3958.02
8271,2025-05-23,Asia,Malaysia,Tablet,21,13523.33,8333.01
8272,2025-04-10,Asia,Malaysia,Smartphone,2,1543.52,947.02
8273,2025-02-16,Asia,Japan,Tablet,24,15169.67,9069.03
8274,2026-01-03,Europe,Germany,Laptop,8,11411.8,8886.38
8275,2026-05-25,South America,Brazil,Headphones,27,6981.64,4107.79
8276,2026-03-26,South America,Argentina,Monitor,18,10994.63,7029.29
8277,2025-01-08,North America,United States,Smartphone,19,19309.73,13508.49
8278,2026-02-22,North America,United States,Tablet,9,6406.01,4326.38
8279,2026-01-21,North America,Canada,Tablet,7,2199.28,1338.26
8280,2025-01-24,South America,Chile,Laptop,10,14759.38,11449.97
8281,2025-11-02,Europe,Spain,Headphones,23,4566.46,2107.8
8282,2026-06-11,Europe,Germany,Smartphone,1,1007.36,748.3
8283,2025-09-01,Asia,Malaysia,Laptop,10,16984.29,12274.07
8284,2025-04-29,Europe,Netherlands,Monitor,19,7697.0,5717.73
8285,2025-01-22,North America,United States,Monitor,25,16898.76,11515.38
8286,2025-12-14,Europe,United Kingdom,Tablet,8,6465.15,3743.57
8287,2025-04-10,Asia,Malaysia,Headphones,29,7410.21,3418.88
8288,2026-06-17,North America,Mexico,Tablet,25,21390.17,14445.89
8289,2026-02-24,Europe,Netherlands,Monitor,19,5824.48,4131.99
8290,2026-02-23,Asia,Singapore,Laptop,17,26196.61,19717.43
8291,2025-04-28,South America,Brazil,Smartphone,8,6437.99,3935.74
8292,2025-01-15,North America,Canada,Tablet,3,967.79,600.89
8293,2025-06-12,Asia,South Korea,Tablet,20,9213.02,6284.96
8294,2025-05-12,North America,Mexico,Smartphone,17,11558.95,8072.72
8295,2025-08-28,North America,Canada,Headphones,3,1044.58,488.11
8296,2025-10-17,North America,Mexico,Monitor,14,8557.58,5425.09
8297,2026-05-06,Europe,France,Smartphone,22,24827.5,16619.33
8298,2025-04-13,Europe,France,Headphones,21,2252.67,1189.05
8299,2025-12-16,Europe,Germany,Headphones,12,2663.11,1759.28
8300,2025-02-24,Europe,United Kingdom,Monitor,2,531.64,384.14
8301,2026-01-15,Asia,Singapore,Headphones,13,2827.9,1632.71
8302,2025-01-16,Europe,United Kingdom,Laptop,18,16446.38,10566.68
8303,2025-09-06,North America,Canada,Smartphone,26,12096.87,7853.64
8304,2026-01-27,South America,Brazil,Smartphone,15,7140.97,4782.71
8305,2025-07-04,South America,Chile,Headphones,18,2774.81,1547.69
8306,2026-04-16,Europe,Spain,Laptop,28,39639.17,33098.71
8307,2026-06-29,Asia,Singapore,Monitor,22,14279.76,10417.76
8308,2025-12-23,Europe,Germany,Tablet,16,7032.9,3870.1
8309,2025-02-01,Asia,Malaysia,Smartphone,4,2289.83,1609.04
8310,2025-11-02,Asia,Singapore,Laptop,27,41564.92,31093.65
8311,2025-01-22,North America,Canada,Tablet,13,8323.27,5248.06
8312,2025-10-31,Asia,Singapore,Headphones,14,1955.63,1160.31
8313,2025-01-17,Europe,Germany,Headphones,15,2900.16,1785.41
8314,2025-08-20,Asia,Singapore,Tablet,1,336.71,194.51
8315,2026-01-08,Europe,Netherlands,Laptop,7,10007.37,6547.99
8316,2026-03-30,South America,Argentina,Laptop,16,12866.48,9424.11
8317,2025-04-19,South America,Chile,Monitor,18,10203.46,7517.59
8318,2025-11-15,Asia,India,Headphones,17,3603.36,2097.56
8319,2026-06-20,Europe,Spain,Laptop,18,21406.21,16331.04
8320,2025-05-24,Asia,Singapore,Tablet,29,13156.02,8097.75
8321,2026-03-27,Asia,Singapore,Monitor,25,10765.08,6709.56
8322,2025-08-16,South America,Brazil,Monitor,5,1064.0,803.87
8323,2025-03-18,South America,Brazil,Tablet,19,13418.13,8051.85
8324,2025-04-23,South America,Chile,Smartphone,28,15539.31,11236.23
8325,2025-01-30,Europe,Italy,Laptop,23,36842.9,25338.94
8326,2026-06-24,South America,Brazil,Monitor,5,1249.68,858.89
8327,2026-01-07,Asia,Singapore,Headphones,9,2485.75,1670.95
8328,2025-02-22,North America,Canada,Laptop,25,41610.87,27820.6
8329,2026-04-13,Europe,France,Monitor,11,4335.51,3188.48
8330,2025-10-12,Europe,Netherlands,Monitor,11,4372.73,2917.2
8331,2025-04-08,North America,Canada,Laptop,3,4866.54,3077.87
8332,2026-05-22,Europe,Germany,Headphones,23,5920.81,4081.19
8333,2026-06-24,Asia,Singapore,Headphones,14,2974.21,1771.52
8334,2025-07-10,South America,Brazil,Tablet,24,19748.13,11322.24
8335,2026-04-17,South America,Brazil,Tablet,1,726.85,512.91
8336,2025-09-01,Asia,Singapore,Headphones,26,6489.16,3948.59
8337,2025-02-18,South America,Brazil,Headphones,14,3661.28,2211.09
8338,2026-06-13,Asia,India,Tablet,7,3277.09,1915.98
8339,2026-05-23,North America,United States,Smartphone,27,29546.17,20107.66
8340,2025-01-04,Europe,Netherlands,Smartphone,8,8966.56,5981.24
8341,2025-08-11,Europe,Spain,Laptop,9,7266.22,4792.54
8342,2026-03-07,North America,Mexico,Tablet,27,20012.93,13846.64
8343,2025-01-17,Europe,United Kingdom,Laptop,29,33035.17,22241.01
8344,2025-01-01,Asia,Singapore,Monitor,18,7995.99,5738.01
8345,2025-02-17,North America,Mexico,Laptop,5,7410.98,5067.27
8346,2025-01-08,North America,Canada,Smartphone,13,11488.2,6673.27
8347,2025-04-25,Asia,Malaysia,Monitor,29,9667.47,7063.71
8348,2025-07-12,South America,Brazil,Monitor,19,12439.18,8288.8
8349,2026-02-27,Asia,South Korea,Monitor,22,15034.08,11300.73
8350,2026-04-12,South America,Argentina,Smartphone,20,14576.77,10607.08
8351,2025-11-03,Asia,South Korea,Headphones,4,706.12,369.0
8352,2026-04-19,Europe,Netherlands,Tablet,4,2856.38,1924.71
8353,2025-06-17,South America,Argentina,Laptop,12,10058.07,7094.11
8354,2026-04-29,North America,Canada,Laptop,11,13529.52,8827.77
8355,2025-03-24,South America,Argentina,Headphones,19,5191.17,3367.55
8356,2025-04-14,Asia,Malaysia,Laptop,30,41309.97,29499.01
8357,2025-03-05,South America,Argentina,Laptop,10,16756.7,10448.01
8358,2025-09-04,North America,Mexico,Headphones,28,4581.0,2597.36
8359,2025-06-28,Europe,United Kingdom,Laptop,10,11904.11,7974.73
8360,2026-06-30,South America,Chile,Smartphone,26,17840.45,11603.56
8361,2025-07-09,Asia,South Korea,Smartphone,16,18120.75,11365.63
8362,2026-05-29,Europe,France,Tablet,11,8425.35,5751.82
8363,2026-05-28,North America,United States,Smartphone,27,12157.36,8383.44
8364,2025-02-13,North America,Canada,Headphones,13,3013.07,1396.24
8365,2026-04-17,Asia,India,Monitor,19,12653.61,8878.57
8366,2025-03-19,North America,Canada,Monitor,14,3277.05,1943.52
8367,2026-01-17,Europe,Germany,Laptop,7,10603.26,7169.66
8368,2025-06-16,North America,Canada,Monitor,5,1172.4,875.42
8369,2025-02-04,Asia,Malaysia,Laptop,12,15043.58,11680.65
8370,2025-12-18,North America,United States,Laptop,26,22225.01,14470.48
8371,2025-10-08,Europe,United Kingdom,Monitor,28,17399.62,12579.05
8372,2025-09-01,Europe,United Kingdom,Monitor,29,8067.53,5321.94
8373,2025-06-08,Asia,India,Smartphone,4,3043.21,2058.75
8374,2025-07-03,Asia,Malaysia,Laptop,11,10932.73,6938.76
8375,2025-08-21,South America,Chile,Monitor,23,13120.86,9901.78
8376,2026-04-13,Asia,India,Smartphone,5,5564.16,3531.45
8377,2025-07-17,Asia,Japan,Monitor,29,19190.26,14520.34
8378,2026-03-07,South America,Argentina,Headphones,30,4594.91,2464.96
8379,2025-11-29,Asia,Japan,Tablet,4,3522.26,2148.23
8380,2025-10-17,Asia,South Korea,Headphones,20,4344.77,2548.52
8381,2025-02-06,South America,Argentina,Tablet,16,13134.95,9312.73
8382,2026-03-24,North America,Mexico,Tablet,22,16497.59,10448.82
8383,2026-02-08,North America,Canada,Laptop,25,37388.28,23880.55
8384,2025-05-21,South America,Chile,Smartphone,9,6378.62,4395.04
8385,2026-01-07,Europe,Italy,Tablet,5,2050.77,1309.69
8386,2025-08-01,North America,United States,Laptop,18,22804.58,15845.7
8387,2025-09-04,North America,Mexico,Laptop,9,9761.84,7363.99
8388,2026-05-12,South America,Argentina,Monitor,14,8242.89,5716.2
8389,2025-03-21,Europe,France,Laptop,17,22726.99,17190.93
8390,2025-07-03,South America,Argentina,Headphones,14,4781.43,3113.78
8391,2026-06-02,South America,Argentina,Tablet,24,20438.57,14547.73
8392,2025-12-05,Europe,Netherlands,Tablet,16,9935.89,5964.76
8393,2025-06-29,Asia,India,Monitor,7,2316.53,1563.92
8394,2025-04-05,South America,Argentina,Laptop,12,12392.6,7946.41
8395,2025-10-28,Europe,Netherlands,Smartphone,23,18791.31,12789.0
8396,2026-05-29,South America,Chile,Laptop,18,27877.2,20548.32
8397,2026-06-06,South America,Argentina,Laptop,30,43170.05,29781.81
8398,2026-02-24,Europe,Germany,Monitor,1,599.93,430.8
8399,2025-08-31,South America,Argentina,Laptop,4,7182.98,5389.92
8400,2025-12-09,North America,Mexico,Smartphone,6,4260.76,2481.7
8401,2025-05-17,North America,Canada,Tablet,11,4317.56,2814.52
8402,2026-01-05,South America,Chile,Monitor,26,17785.18,11227.87
8403,2025-11-21,Europe,Italy,Headphones,8,941.48,627.36
8404,2025-07-04,Asia,South Korea,Laptop,3,3042.94,1956.36
8405,2025-02-21,Europe,France,Laptop,24,25872.53,18188.76
8406,2025-02-02,North America,Canada,Tablet,27,21929.23,13183.51
8407,2026-05-13,Asia,Singapore,Smartphone,5,4241.61,2657.88
8408,2025-03-11,Asia,Japan,Laptop,18,28656.28,20963.01
8409,2026-03-02,South America,Chile,Tablet,20,12210.37,7459.5
8410,2026-06-10,Europe,Spain,Tablet,13,8583.3,6593.75
8411,2026-05-25,Asia,Japan,Headphones,26,5261.15,2802.08
8412,2025-10-07,North America,Canada,Smartphone,16,7769.97,5234.24
8413,2026-04-23,Europe,Netherlands,Smartphone,9,10186.31,7362.46
8414,2026-06-22,North America,Canada,Headphones,18,6190.4,3757.84
8415,2025-03-04,South America,Argentina,Laptop,19,20841.41,14670.55
8416,2025-02-25,South America,Brazil,Monitor,10,4027.41,3051.02
8417,2026-05-30,South America,Brazil,Tablet,9,6799.38,4189.12
8418,2025-09-06,Europe,France,Headphones,22,3424.09,1650.93
8419,2025-02-13,Asia,South Korea,Tablet,19,8500.6,5579.88
8420,2025-02-15,Europe,Netherlands,Laptop,5,4691.94,3045.38
8421,2025-03-17,North America,Mexico,Laptop,5,7227.15,4995.76
8422,2025-03-22,Asia,South Korea,Headphones,9,797.88,420.36
8423,2025-04-21,South America,Chile,Tablet,6,5386.48,3409.94
8424,2025-01-02,South America,Argentina,Monitor,12,2863.85,1743.03
8425,2025-02-17,Asia,Japan,Smartphone,24,17873.5,11906.07
8426,2025-10-21,South America,Chile,Tablet,8,3171.67,1996.6
8427,2025-09-20,North America,Canada,Tablet,21,9062.39,6089.89
8428,2025-08-02,Asia,Japan,Smartphone,18,20616.38,14829.08
8429,2025-09-21,Asia,South Korea,Monitor,29,12776.02,7906.05
8430,2025-12-31,North America,Mexico,Smartphone,3,2690.33,1914.63
8431,2025-10-12,North America,Mexico,Headphones,14,3182.09,1501.56
8432,2025-07-30,Europe,France,Laptop,5,5778.57,4489.2
8433,2026-05-29,Asia,Malaysia,Smartphone,23,12990.45,8656.18
8434,2025-05-03,North America,United States,Smartphone,30,30613.28,19065.21
8435,2025-01-22,South America,Argentina,Laptop,15,19473.28,14004.5
8436,2025-07-10,North America,Canada,Tablet,10,7416.77,5202.28
8437,2025-11-30,South America,Brazil,Laptop,8,13117.19,8917.31
8438,2026-03-02,South America,Brazil,Laptop,22,18512.83,12362.08
8439,2026-02-01,North America,Canada,Headphones,24,7119.42,4583.4
8440,2025-10-14,South America,Chile,Tablet,12,7297.55,4892.91
8441,2025-01-13,Europe,France,Tablet,18,12736.41,8095.04
8442,2026-05-03,Asia,South Korea,Smartphone,22,12099.04,8692.68
8443,2025-12-25,Europe,France,Monitor,21,4944.93,3089.28
8444,2025-11-10,Asia,India,Laptop,6,6211.99,4690.05
8445,2025-06-16,Europe,Italy,Smartphone,14,16529.62,12056.76
8446,2025-11-11,South America,Brazil,Monitor,21,10762.39,6996.24
8447,2025-01-03,Europe,Spain,Monitor,22,11336.5,7286.37
8448,2025-09-03,North America,Canada,Smartphone,7,6054.44,4214.58
8449,2025-06-26,Europe,Germany,Laptop,29,50281.63,35267.74
8450,2025-01-06,Europe,Germany,Laptop,18,30096.28,19520.6
8451,2025-02-26,North America,United States,Smartphone,24,12802.76,8407.41
8452,2025-08-29,North America,Canada,Laptop,17,23311.21,14332.92
8453,2026-03-11,South America,Brazil,Monitor,4,2471.59,1489.09
8454,2025-04-05,North America,Canada,Headphones,6,906.97,496.23
8455,2025-12-27,Europe,Germany,Monitor,7,3387.05,2460.65
8456,2026-03-05,North America,United States,Monitor,17,7912.25,5589.41
8457,2026-01-09,South America,Chile,Monitor,25,5484.13,3698.36
8458,2025-07-21,Europe,Italy,Laptop,8,13033.22,8807.09
8459,2025-06-07,North America,Canada,Laptop,13,21090.11,16077.54
8460,2025-05-10,South America,Brazil,Tablet,5,4032.94,2406.92
8461,2025-04-01,South America,Chile,Tablet,25,18998.5,12849.45
8462,2026-03-18,North America,Canada,Headphones,14,2552.23,1355.76
8463,2025-09-18,South America,Chile,Laptop,9,8692.41,6091.68
8464,2025-01-09,Europe,Germany,Laptop,27,40434.85,26439.4
8465,2026-03-31,North America,United States,Monitor,17,5705.38,4034.08
8466,2025-01-18,South America,Brazil,Headphones,26,3331.61,2233.95
8467,2025-05-31,North America,Mexico,Headphones,23,3224.94,1775.66
8468,2025-06-18,Asia,Japan,Smartphone,9,5972.42,3634.2
8469,2025-10-10,Europe,Italy,Monitor,13,4999.01,3430.52
8470,2026-03-08,South America,Brazil,Laptop,23,33384.29,20889.17
8471,2025-12-26,Europe,Germany,Headphones,29,5304.9,3173.12
8472,2025-10-02,South America,Chile,Smartphone,20,11443.95,8385.34
8473,2025-11-05,Europe,United Kingdom,Laptop,5,5973.8,4266.58
8474,2026-02-03,Asia,India,Tablet,23,11697.46,7248.53
8475,2026-06-23,Europe,Netherlands,Laptop,17,21775.6,16978.96
8476,2025-12-13,South America,Argentina,Laptop,23,23275.77,16326.43
8477,2025-08-17,Asia,Japan,Monitor,2,1065.3,741.45
8478,2025-10-09,North America,Canada,Headphones,30,7569.45,3359.33
8479,2025-07-22,Europe,France,Headphones,12,3276.31,2156.93
8480,2025-11-02,Europe,Spain,Tablet,6,4018.1,2319.82
8481,2026-02-17,North America,Canada,Monitor,2,465.73,339.0
8482,2026-04-05,Asia,Japan,Monitor,22,4818.16,2975.48
8483,2026-01-06,Asia,South Korea,Laptop,12,13134.21,9796.61
8484,2026-05-14,Europe,France,Monitor,19,6013.07,4692.14
8485,2025-06-09,South America,Brazil,Monitor,15,5351.63,3938.21
8486,2025-01-01,South America,Chile,Laptop,10,9158.29,6313.59
8487,2026-02-02,Europe,Spain,Tablet,13,7042.84,4880.22
8488,2025-03-28,Asia,Malaysia,Headphones,5,1565.78,974.56
8489,2026-05-08,North America,Mexico,Monitor,10,3096.87,2105.67
8490,2025-09-01,Europe,Spain,Monitor,11,3427.67,2165.3
8491,2026-01-22,Asia,India,Tablet,19,15559.36,11211.16
8492,2026-05-29,South America,Chile,Laptop,17,25262.74,16148.25
8493,2026-05-02,North America,Mexico,Monitor,18,7487.79,4717.71
8494,2025-11-21,North America,Mexico,Monitor,30,10196.5,7131.97
8495,2025-06-26,Europe,Italy,Headphones,29,8271.14,4985.87
8496,2025-12-13,North America,Mexico,Smartphone,2,817.35,570.48
8497,2025-12-25,Europe,Netherlands,Headphones,25,5105.1,2773.68
8498,2025-09-09,North America,Mexico,Tablet,20,7162.42,4910.89
8499,2025-02-10,North America,United States,Tablet,18,15280.04,8874.64
8500,2025-03-29,Asia,South Korea,Smartphone,30,22866.36,16932.86
8501,2026-03-30,Asia,Singapore,Laptop,16,22127.13,16367.31
8502,2025-07-12,Asia,Malaysia,Laptop,18,16000.82,11775.7
8503,2025-03-30,South America,Argentina,Laptop,4,3227.07,2147.67
8504,2025-06-28,Europe,Italy,Smartphone,14,6339.75,3992.42
8505,2026-04-11,North America,United States,Monitor,21,10640.1,7132.22
8506,2026-06-26,Europe,Germany,Laptop,1,1551.67,1303.77
8507,2025-04-03,Asia,Japan,Laptop,27,44230.95,32381.9
8508,2025-05-01,North America,Mexico,Headphones,1,148.92,65.8
8509,2025-04-06,Asia,Malaysia,Smartphone,4,2736.72,1893.26
8510,2025-03-21,Asia,South Korea,Monitor,5,1666.42,1083.12
8511,2026-04-05,South America,Argentina,Tablet,13,4488.9,3027.06
8512,2025-11-14,South America,Chile,Headphones,29,3092.49,2034.5
8513,2025-07-20,Asia,South Korea,Tablet,20,15122.21,9264.27
8514,2025-02-15,Europe,United Kingdom,Headphones,15,4205.63,2557.67
8515,2025-07-09,Europe,Spain,Smartphone,8,9235.93,6669.08
8516,2026-01-20,North America,Canada,Laptop,19,24132.01,17172.56
8517,2026-01-23,Europe,France,Monitor,13,5274.29,3685.23
8518,2025-05-02,South America,Chile,Headphones,28,6522.96,3172.12
8519,2026-04-14,South America,Chile,Laptop,22,36049.66,27033.36
8520,2026-03-11,South America,Argentina,Monitor,30,19576.78,12674.62
8521,2026-03-11,North America,Mexico,Monitor,15,7977.06,5114.58
8522,2026-04-21,South America,Argentina,Monitor,7,3821.53,2777.36
8523,2026-06-04,Europe,Germany,Monitor,11,2386.97,1934.38
8524,2026-06-22,Asia,Japan,Smartphone,25,19499.2,14118.55
8525,2025-08-18,Asia,Singapore,Monitor,25,8531.59,5331.68
8526,2025-06-29,South America,Argentina,Headphones,17,3215.91,1697.04
8527,2025-02-23,South America,Brazil,Headphones,29,9675.93,4936.17
8528,2026-02-17,Europe,Netherlands,Tablet,5,1744.07,1095.6
8529,2025-08-04,Asia,India,Smartphone,7,2816.98,1811.78
8530,2026-03-26,Asia,Malaysia,Headphones,29,2437.88,1213.6
8531,2025-06-10,North America,Canada,Monitor,13,6620.23,4136.84
8532,2026-06-09,Asia,South Korea,Laptop,15,20976.81,15169.13
8533,2025-03-12,Europe,Italy,Smartphone,7,6635.94,4538.16
8534,2025-12-21,North America,United States,Tablet,10,6747.92,4289.67
8535,2026-05-19,North America,Canada,Laptop,21,28265.01,21265.2
8536,2026-02-11,South America,Brazil,Laptop,23,28516.45,21199.3
8537,2025-10-28,North America,Mexico,Monitor,8,2624.4,1725.8
8538,2025-02-18,North America,United States,Monitor,30,8119.14,5694.36
8539,2026-02-06,South America,Brazil,Tablet,1,603.27,370.71
8540,2026-05-20,Europe,Germany,Smartphone,5,5388.69,3877.43
8541,2026-02-12,South America,Argentina,Laptop,3,4430.75,3186.38
8542,2026-06-08,South America,Brazil,Monitor,4,814.52,591.15
8543,2025-06-12,Europe,Italy,Laptop,30,39471.48,28313.63
8544,2025-01-23,Asia,Japan,Laptop,8,7237.08,5202.31
8545,2026-02-12,Europe,United Kingdom,Laptop,7,12031.88,8200.52
8546,2025-04-03,South America,Brazil,Tablet,3,2588.9,1636.24
8547,2025-09-20,Europe,United Kingdom,Monitor,27,18143.02,11943.08
8548,2025-12-02,Europe,France,Smartphone,28,15824.28,11670.64
8549,2026-01-08,Europe,Italy,Tablet,24,16123.67,9824.47
8550,2026-02-25,South America,Brazil,Laptop,23,22917.16,14941.29
8551,2026-06-09,South America,Chile,Tablet,17,9176.09,5076.61
8552,2026-04-03,North America,Canada,Smartphone,11,5978.36,4176.25
8553,2025-01-02,Europe,Spain,Laptop,14,16322.49,11158.36
8554,2026-04-18,Europe,Italy,Monitor,20,8270.03,6692.9
8555,2026-05-07,South America,Chile,Laptop,27,44442.74,29437.04
8556,2025-11-13,North America,United States,Tablet,28,13027.79,9109.11
8557,2025-10-09,Europe,Netherlands,Tablet,7,3553.62,1969.3
8558,2025-01-18,North America,United States,Tablet,24,18099.16,12338.02
8559,2025-10-11,Europe,Italy,Smartphone,20,10454.66,7253.23
8560,2026-02-18,North America,United States,Smartphone,5,5670.25,3309.88
8561,2025-02-05,North America,Mexico,Headphones,4,1254.87,676.04
8562,2025-10-14,Asia,Malaysia,Tablet,25,14580.72,8229.34
8563,2025-04-11,Asia,India,Tablet,2,1715.78,988.57
8564,2026-01-28,Asia,Japan,Headphones,22,6123.09,3029.84
8565,2025-09-07,South America,Brazil,Tablet,19,17062.86,9773.54
8566,2026-03-15,North America,Canada,Laptop,4,7129.42,5333.17
8567,2025-06-22,North America,Mexico,Laptop,5,6554.31,4778.34
8568,2025-08-05,Europe,Germany,Monitor,6,3812.9,2750.26
8569,2025-04-26,Asia,Malaysia,Smartphone,9,6221.19,4083.03
8570,2025-04-02,South America,Argentina,Monitor,4,2163.97,1496.81
8571,2025-01-09,South America,Chile,Laptop,4,5089.39,3654.54
8572,2025-06-02,Asia,Japan,Tablet,19,7100.72,4859.6
8573,2026-01-06,Asia,India,Tablet,8,4090.68,2407.31
8574,2026-04-17,Asia,Singapore,Tablet,23,18339.89,10338.86
8575,2025-10-07,Europe,Spain,Tablet,4,1839.5,1151.29
8576,2026-05-24,Europe,Italy,Headphones,6,1341.61,899.25
8577,2025-06-27,Europe,Spain,Smartphone,10,6283.47,4194.74
8578,2025-04-10,South America,Brazil,Monitor,5,2494.73,1498.4
8579,2026-06-20,South America,Chile,Tablet,21,17219.03,12282.64
8580,2026-03-26,Asia,Japan,Smartphone,7,7874.8,5853.18
8581,2025-09-16,Asia,South Korea,Smartphone,15,17819.32,12099.21
8582,2025-08-08,South America,Chile,Laptop,6,6842.43,4356.2
8583,2025-12-17,Asia,Malaysia,Monitor,27,12710.24,8722.91
8584,2025-01-08,North America,Canada,Monitor,10,5482.97,3623.4
8585,2025-11-16,Asia,Singapore,Tablet,3,906.29,578.13
8586,2025-11-03,Europe,Italy,Tablet,6,4520.38,2652.91
8587,2025-09-10,Asia,Singapore,Tablet,27,12451.64,8110.91
8588,2025-08-26,North America,Mexico,Tablet,4,2584.22,1653.46
8589,2025-11-23,Europe,Spain,Headphones,15,3155.43,2089.15
8590,2025-09-28,South America,Brazil,Headphones,26,2928.63,1534.94
8591,2026-04-07,Europe,Italy,Monitor,6,2238.83,1777.89
8592,2025-04-17,South America,Brazil,Smartphone,1,640.6,439.13
8593,2026-04-05,South America,Brazil,Tablet,20,16390.66,10541.66
8594,2026-05-03,Asia,Singapore,Headphones,9,2140.25,1048.17
8595,2025-04-30,North America,United States,Headphones,28,7958.53,5292.06
8596,2025-09-01,Europe,United Kingdom,Monitor,18,4801.58,2920.39
8597,2025-02-18,Asia,India,Monitor,21,9473.4,5785.31
8598,2026-05-29,Asia,Japan,Laptop,19,30916.51,21240.47
8599,2025-04-28,Europe,Netherlands,Headphones,9,2584.55,1279.28
8600,2025-12-20,North America,Canada,Headphones,3,411.38,250.05
8601,2026-05-17,Asia,Malaysia,Headphones,1,125.23,60.11
8602,2025-01-16,Asia,Japan,Monitor,20,9614.31,7092.23
8603,2026-01-05,South America,Chile,Headphones,27,5896.19,3365.84
8604,2025-12-07,North America,United States,Smartphone,14,14446.59,8770.89
8605,2025-06-24,North America,United States,Headphones,1,311.03,170.32
8606,2025-02-02,Europe,France,Monitor,25,11676.92,7922.97
8607,2025-12-22,Europe,Italy,Headphones,11,1320.81,710.18
8608,2026-06-03,North America,Mexico,Smartphone,22,9679.73,6023.22
8609,2026-01-02,Europe,France,Smartphone,21,22849.92,14776.21
8610,2026-01-28,Europe,Germany,Headphones,19,4716.97,2618.13
8611,2025-10-24,North America,United States,Laptop,25,31050.98,20795.62
8612,2025-03-05,Asia,South Korea,Tablet,27,23021.5,15712.46
8613,2025-09-12,South America,Brazil,Tablet,20,14077.9,9329.64
8614,2025-01-22,Europe,France,Tablet,20,12909.7,8211.13
8615,2026-06-18,Asia,Singapore,Smartphone,23,11689.69,7952.49
8616,2026-03-29,South America,Chile,Monitor,3,1102.82,834.23
8617,2025-07-08,North America,Mexico,Headphones,30,9589.12,5892.85
8618,2025-11-28,South America,Brazil,Headphones,10,1986.16,1290.99
8619,2026-05-24,Europe,Germany,Monitor,3,1500.29,1040.23
8620,2025-02-18,Asia,Singapore,Smartphone,8,5770.32,3610.17
8621,2025-12-24,Asia,India,Monitor,6,1805.99,1104.83
8622,2025-12-13,Europe,United Kingdom,Tablet,18,15792.74,11185.34
8623,2026-03-21,South America,Brazil,Laptop,22,31879.34,23165.87
8624,2026-04-23,Europe,Italy,Laptop,3,3428.55,2479.95
8625,2025-04-29,Europe,Netherlands,Headphones,25,5376.52,3415.99
8626,2025-09-20,Europe,Spain,Smartphone,24,23231.33,14683.1
8627,2025-12-10,Europe,Italy,Smartphone,8,5721.06,3675.2
8628,2025-11-09,Europe,United Kingdom,Smartphone,3,1723.21,1123.68
8629,2025-09-28,Europe,Netherlands,Laptop,23,20535.48,14528.66
8630,2025-04-30,Europe,Germany,Monitor,8,3820.92,2403.31
8631,2025-10-05,Asia,Japan,Monitor,12,7038.37,5380.5
8632,2025-11-18,Europe,Netherlands,Headphones,20,4977.03,2813.27
8633,2026-05-14,North America,Canada,Laptop,15,20971.72,13954.93
8634,2025-09-02,South America,Chile,Headphones,29,8509.11,5575.82
8635,2025-08-07,North America,Canada,Headphones,23,3433.28,2265.08
8636,2025-07-29,Europe,United Kingdom,Headphones,9,840.06,387.05
8637,2025-03-13,Europe,Germany,Monitor,19,6895.78,4814.06
8638,2025-04-06,Asia,Japan,Smartphone,3,2154.16,1474.0
8639,2025-06-22,South America,Argentina,Tablet,1,757.35,524.17
8640,2025-09-01,Europe,Italy,Tablet,1,502.06,346.01
8641,2025-01-28,South America,Argentina,Laptop,17,15560.61,10582.48
8642,2025-04-23,Europe,Spain,Laptop,15,21357.71,14504.53
8643,2025-01-19,North America,Mexico,Smartphone,27,28919.63,18984.27
8644,2025-12-03,Asia,South Korea,Tablet,19,8795.49,5958.05
8645,2026-06-30,Asia,Malaysia,Smartphone,3,2460.55,1793.34
8646,2026-03-22,South America,Chile,Tablet,9,7475.69,5337.47
8647,2025-09-19,South America,Chile,Laptop,26,24641.99,19183.56
8648,2026-06-14,Europe,Germany,Monitor,21,13886.15,10842.77
8649,2026-01-20,Asia,Japan,Laptop,3,4194.67,2669.36
8650,2025-08-12,Europe,Italy,Headphones,4,821.37,449.69
8651,2025-09-13,Asia,Singapore,Tablet,30,18559.54,10752.94
8652,2025-04-30,Asia,South Korea,Monitor,14,3489.51,2331.05
8653,2025-04-08,Europe,Italy,Headphones,28,4251.62,2037.24
8654,2026-02-03,South America,Argentina,Laptop,2,2107.92,1528.99
8655,2025-05-23,North America,Mexico,Monitor,29,11763.76,7875.99
8656,2025-07-08,North America,Canada,Tablet,28,14281.05,8443.33
8657,2026-03-28,North America,United States,Headphones,13,1263.82,722.83
8658,2025-01-19,Europe,Netherlands,Tablet,1,715.63,465.06
8659,2025-01-22,North America,Canada,Tablet,10,8136.04,4978.22
8660,2026-01-19,Asia,India,Monitor,12,3876.98,2925.27
8661,2026-04-13,Asia,Malaysia,Laptop,15,25510.18,17664.78
8662,2026-02-16,South America,Argentina,Smartphone,28,16951.43,10638.73
8663,2025-01-15,Asia,India,Tablet,16,10456.55,6733.51
8664,2026-02-19,North America,Mexico,Laptop,4,7191.87,4706.31
8665,2025-03-01,South America,Argentina,Headphones,8,1580.81,830.37
8666,2026-03-08,Europe,Germany,Headphones,5,1738.92,966.3
8667,2026-03-05,South America,Brazil,Smartphone,28,31534.73,21550.27
8668,2026-01-02,Asia,South Korea,Laptop,3,3783.34,2764.4
8669,2026-04-04,Asia,South Korea,Tablet,11,6632.57,4658.97
8670,2025-07-28,Asia,South Korea,Laptop,7,7948.26,6017.39
8671,2025-05-20,South America,Brazil,Laptop,22,39320.44,30486.12
8672,2025-05-12,Asia,Japan,Smartphone,21,18946.3,11352.49
8673,2025-06-20,North America,Mexico,Smartphone,2,1240.66,905.18
8674,2026-02-13,South America,Chile,Tablet,1,768.51,434.95
8675,2026-01-17,Asia,Japan,Laptop,25,21937.95,15237.6
8676,2026-06-04,Asia,Singapore,Monitor,6,4052.77,3080.68
8677,2026-04-17,North America,United States,Laptop,25,32726.39,22805.98
8678,2025-08-31,Asia,South Korea,Tablet,19,7417.64,4588.45
8679,2026-03-01,North America,Canada,Headphones,15,4244.28,2236.68
8680,2025-07-18,Asia,India,Smartphone,5,2643.93,1743.53
8681,2026-06-10,Europe,Italy,Laptop,4,5247.59,4403.22
8682,2025-03-27,North America,Canada,Monitor,9,6160.02,4445.93
8683,2025-03-31,Asia,Singapore,Laptop,6,5423.06,3890.41
8684,2025-07-19,North America,United States,Laptop,16,22000.7,13675.24
8685,2025-11-08,North America,Mexico,Tablet,21,10907.88,6768.19
8686,2026-03-24,South America,Chile,Monitor,5,1859.56,1238.01
8687,2025-04-16,Europe,Italy,Laptop,24,22472.08,14753.03
8688,2026-01-11,South America,Chile,Tablet,4,2716.95,1941.48
8689,2025-12-15,South America,Argentina,Headphones,24,8039.44,4002.7
8690,2025-01-06,Europe,France,Smartphone,10,11824.26,7102.24
8691,2026-04-06,Europe,Italy,Monitor,10,3139.96,2244.29
8692,2025-07-17,North America,United States,Headphones,20,4949.11,2891.19
8693,2025-06-13,Europe,Germany,Laptop,11,10268.34,7990.66
8694,2025-06-15,South America,Brazil,Headphones,30,7921.14,3951.33
8695,2025-02-26,South America,Argentina,Monitor,21,6894.97,4189.35
8696,2025-04-30,Europe,Italy,Smartphone,3,1296.27,760.16
8697,2025-04-28,Europe,Netherlands,Tablet,13,4179.77,2882.04
8698,2025-07-10,Europe,United Kingdom,Headphones,11,3339.31,2192.76
8699,2026-02-15,North America,United States,Laptop,7,9438.16,6659.07
8700,2025-08-04,South America,Chile,Smartphone,5,3837.5,2659.25
8701,2026-06-27,Asia,Malaysia,Smartphone,24,21128.06,13028.49
8702,2025-08-08,Asia,Singapore,Tablet,17,10646.72,7531.16
8703,2025-01-23,South America,Argentina,Headphones,27,7446.04,4096.91
8704,2026-04-19,South America,Argentina,Tablet,10,4280.03,2610.5
8705,2025-06-18,Europe,United Kingdom,Monitor,8,4650.26,2913.81
8706,2025-10-30,North America,Mexico,Smartphone,9,6865.76,4552.78
8707,2025-03-09,Europe,Italy,Laptop,24,31422.79,22896.11
8708,2026-04-22,Europe,Spain,Smartphone,5,2653.42,2024.2
8709,2025-09-30,North America,Mexico,Headphones,26,4112.81,2239.19
8710,2025-11-06,North America,Mexico,Tablet,26,18171.69,12217.04
8711,2025-11-14,North America,Canada,Laptop,23,24436.95,15368.12
8712,2026-01-12,South America,Brazil,Headphones,24,5720.03,2911.76
8713,2026-01-24,Europe,Italy,Laptop,8,8023.85,5718.55
8714,2025-10-04,Asia,Malaysia,Smartphone,15,10838.64,6883.19
8715,2026-02-11,Europe,France,Smartphone,24,21140.73,13352.72
8716,2026-01-11,Asia,Singapore,Headphones,25,2754.56,1398.87
8717,2025-06-26,Europe,Italy,Monitor,15,7789.11,5504.98
8718,2025-03-03,South America,Chile,Laptop,8,13223.49,9493.13
8719,2025-08-07,North America,Canada,Headphones,13,1604.76,969.78
8720,2025-12-18,Asia,Malaysia,Laptop,27,37783.11,28402.4
8721,2025-07-14,Asia,Malaysia,Headphones,27,2771.3,1810.57
8722,2025-08-04,North America,United States,Monitor,8,4089.63,2611.4
8723,2025-11-26,North America,United States,Tablet,2,1069.45,599.13
8724,2025-04-07,Europe,United Kingdom,Monitor,5,2151.52,1463.8
8725,2026-02-09,South America,Brazil,Laptop,16,27755.9,20344.98
8726,2026-02-07,Asia,South Korea,Smartphone,10,5840.35,3918.08
8727,2025-05-07,North America,Canada,Tablet,14,11495.38,8135.07
8728,2025-03-27,North America,Mexico,Headphones,15,2588.96,1526.31
8729,2025-03-13,North America,Canada,Monitor,24,7349.15,4975.78
8730,2025-11-26,North America,Canada,Tablet,26,7851.53,4406.82
8731,2025-05-26,Asia,India,Headphones,22,6510.62,3963.8
8732,2026-05-30,North America,Mexico,Laptop,7,6152.32,4709.62
8733,2026-01-02,Asia,India,Headphones,19,4189.66,2613.81
8734,2025-01-25,Asia,Japan,Smartphone,23,9928.31,6997.45
8735,2025-11-13,Europe,Italy,Monitor,14,9209.18,6397.98
8736,2025-02-16,South America,Chile,Smartphone,23,19273.74,12883.18
8737,2026-01-23,South America,Argentina,Tablet,2,1420.41,785.67
8738,2025-01-08,South America,Argentina,Smartphone,11,10479.07,6570.18
8739,2026-02-24,Asia,Singapore,Headphones,12,2875.57,1806.05
8740,2025-05-25,Europe,France,Tablet,11,9349.69,5224.66
8741,2025-06-15,North America,United States,Tablet,22,19745.53,12111.53
8742,2025-09-22,South America,Argentina,Headphones,8,1644.42,901.18
8743,2025-12-03,South America,Argentina,Tablet,1,426.32,240.73
8744,2026-06-12,Asia,Japan,Laptop,3,4258.69,2860.38
8745,2025-12-05,South America,Brazil,Laptop,29,48168.46,32754.39
8746,2025-08-21,Asia,India,Monitor,26,17798.29,12952.99
8747,2025-11-29,North America,Canada,Laptop,5,5937.55,4500.4
8748,2025-10-19,North America,United States,Tablet,17,13427.24,8910.79
8749,2025-02-25,South America,Brazil,Smartphone,18,14441.66,10182.44
8750,2025-07-24,Asia,Malaysia,Headphones,24,6527.73,3612.78
8751,2026-02-02,Europe,Germany,Laptop,13,18621.58,12559.93
8752,2025-07-04,North America,Canada,Tablet,24,10017.62,5944.27
8753,2025-08-05,South America,Brazil,Tablet,28,24301.14,13760.56
8754,2025-08-28,South America,Brazil,Monitor,21,5899.6,4400.82
8755,2025-05-23,Europe,Germany,Tablet,2,819.85,537.4
8756,2025-01-05,South America,Chile,Headphones,8,1940.54,1070.9
8757,2026-06-09,Europe,Germany,Tablet,17,8868.34,5738.27
8758,2025-12-23,Europe,Netherlands,Tablet,28,12855.99,8998.48
8759,2025-10-31,South America,Chile,Tablet,21,6854.97,3892.3
8760,2025-11-11,South America,Brazil,Tablet,1,707.93,492.81
8761,2026-06-15,South America,Argentina,Headphones,25,4357.56,2748.54
8762,2025-11-28,South America,Chile,Headphones,27,3330.75,1952.0
8763,2025-07-24,South America,Chile,Headphones,2,499.42,270.45
8764,2026-06-21,North America,Mexico,Laptop,10,14987.69,11173.11
8765,2025-08-30,Asia,India,Headphones,23,7911.8,4698.12
8766,2026-04-28,Europe,United Kingdom,Laptop,29,32318.9,27763.8
8767,2025-07-10,North America,United States,Monitor,29,19496.66,12688.59
8768,2026-04-13,North America,United States,Monitor,11,3531.06,2334.52
8769,2026-02-22,South America,Argentina,Headphones,11,3337.13,1659.8
8770,2026-03-30,Europe,Italy,Tablet,8,4305.93,2846.31
8771,2025-04-27,Europe,Italy,Headphones,12,2864.0,1533.53
8772,2025-05-22,North America,United States,Monitor,4,1660.55,1110.96
8773,2026-05-18,Asia,Singapore,Monitor,21,6804.21,4947.59
8774,2025-07-28,Asia,Singapore,Laptop,1,922.56,593.3
8775,2025-06-19,Asia,India,Tablet,19,13303.2,7602.72
8776,2025-03-20,Europe,Germany,Laptop,24,22301.75,16705.33
8777,2026-04-10,North America,Canada,Tablet,23,14629.36,10375.03
8778,2026-05-02,South America,Brazil,Headphones,28,8372.55,5474.04
8779,2025-07-13,Europe,France,Laptop,6,6345.32,4750.02
8780,2025-06-07,North America,Canada,Laptop,17,30064.18,21944.1
8781,2025-02-14,Asia,South Korea,Headphones,21,6139.28,3457.53
8782,2025-07-17,South America,Chile,Tablet,6,2988.26,1734.2
8783,2025-11-14,South America,Brazil,Smartphone,13,11695.03,6985.34
8784,2025-11-23,North America,Canada,Monitor,14,7045.89,4305.43
8785,2025-01-02,South America,Chile,Smartphone,19,14578.51,8762.37
8786,2025-08-30,Europe,Netherlands,Headphones,21,4161.61,1897.1
8787,2026-02-25,Asia,Japan,Tablet,25,18493.32,11457.89
8788,2026-03-27,North America,United States,Headphones,6,1402.71,828.24
8789,2025-07-25,North America,Canada,Headphones,17,1570.75,741.13
8790,2025-11-07,North America,United States,Smartphone,15,12210.4,7780.27
8791,2025-05-16,South America,Chile,Tablet,20,16761.68,9528.93
8792,2025-10-28,South America,Chile,Laptop,9,9777.11,6572.21
8793,2025-12-21,Asia,South Korea,Headphones,6,1129.29,685.19
8794,2026-03-18,Europe,Spain,Smartphone,8,7574.13,4570.6
8795,2025-01-17,Europe,Netherlands,Smartphone,20,15561.41,9046.94
8796,2026-05-09,Asia,Singapore,Monitor,11,5673.4,3644.62
8797,2025-05-31,Asia,Japan,Smartphone,4,2008.91,1361.27
8798,2026-02-13,Europe,France,Tablet,27,16791.78,9855.08
8799,2025-06-28,Asia,Japan,Smartphone,16,8238.56,5262.75
8800,2025-05-22,North America,United States,Monitor,28,6410.61,4002.04
8801,2026-06-22,Europe,United Kingdom,Headphones,19,4845.22,2870.0
8802,2025-06-20,Asia,Japan,Smartphone,5,2705.82,2003.14
8803,2025-11-05,South America,Argentina,Laptop,20,27674.05,19127.0
8804,2025-02-16,Europe,Spain,Monitor,7,1913.47,1428.46
8805,2025-04-24,Asia,Japan,Monitor,30,17291.11,11427.37
8806,2025-07-02,Europe,United Kingdom,Tablet,22,11314.82,6803.9
8807,2026-04-03,Asia,Japan,Monitor,1,557.21,417.75
8808,2026-06-13,South America,Argentina,Tablet,6,5070.86,3355.88
8809,2026-04-09,Asia,India,Smartphone,16,9639.24,7013.01
8810,2026-01-09,Europe,Spain,Smartphone,26,30748.82,21966.18
8811,2025-08-16,Asia,India,Laptop,13,18963.66,14467.7
8812,2025-09-10,Europe,Netherlands,Monitor,16,5145.31,3445.06
8813,2026-01-26,South America,Argentina,Headphones,12,2844.25,1568.91
8814,2026-05-14,Europe,Netherlands,Tablet,15,12064.36,8064.65
8815,2025-12-07,Asia,Malaysia,Smartphone,16,16203.06,11088.92
8816,2025-02-08,Asia,Japan,Headphones,24,7948.02,5023.78
8817,2025-10-26,Europe,United Kingdom,Monitor,20,11314.06,8017.68
8818,2026-04-15,South America,Brazil,Headphones,6,1230.6,762.75
8819,2026-06-22,Europe,France,Laptop,15,21084.01,16110.94
8820,2025-10-14,Europe,Spain,Headphones,12,1472.8,751.57
8821,2025-05-17,South America,Argentina,Monitor,4,2540.15,1815.35
8822,2026-04-03,Asia,India,Laptop,16,26417.41,19573.47
8823,2025-01-24,Europe,Germany,Monitor,11,5709.34,3729.75
8824,2026-02-05,South America,Argentina,Tablet,16,7178.84,4084.9
8825,2026-03-05,South America,Chile,Tablet,28,13391.2,8939.71
8826,2026-06-05,Europe,Netherlands,Monitor,4,2201.98,1669.35
8827,2026-05-19,Europe,France,Laptop,26,25108.22,18726.18
8828,2025-05-19,Asia,India,Laptop,18,18259.26,12387.5
8829,2026-05-07,Europe,United Kingdom,Tablet,26,18480.22,14760.88
8830,2025-07-20,Asia,India,Smartphone,17,19627.46,14519.52
8831,2025-07-14,North America,Canada,Smartphone,4,4246.04,2589.6
8832,2025-08-14,Europe,France,Headphones,12,3539.03,1616.04
8833,2025-10-05,Europe,Spain,Headphones,16,4311.64,2500.69
8834,2026-04-19,Asia,Japan,Smartphone,21,18199.55,13284.97
8835,2026-05-08,Europe,Spain,Headphones,5,1624.72,949.02
8836,2026-02-10,Asia,Malaysia,Laptop,21,17618.86,11603.13
8837,2025-10-11,South America,Argentina,Headphones,14,4562.24,3005.58
8838,2025-08-16,Europe,Italy,Headphones,3,979.78,610.94
8839,2026-02-07,South America,Brazil,Monitor,21,8188.13,5715.09
8840,2026-02-21,North America,Canada,Tablet,19,6432.54,4070.32
8841,2025-03-25,Europe,Germany,Tablet,9,6312.07,3944.16
8842,2025-06-29,North America,Canada,Monitor,8,1658.93,1005.97
8843,2026-06-01,Europe,Spain,Monitor,5,1843.66,1342.6
8844,2025-08-18,Europe,France,Smartphone,21,20693.06,15072.79
8845,2025-07-04,South America,Chile,Tablet,6,2212.7,1346.32
8846,2025-06-22,South America,Chile,Smartphone,8,3641.86,2182.53
8847,2025-09-30,Asia,Singapore,Laptop,24,28466.37,22297.84
8848,2025-08-28,Asia,South Korea,Monitor,15,8678.2,6397.04
8849,2026-03-26,Asia,South Korea,Monitor,15,3822.0,2681.1
8850,2025-10-09,South America,Brazil,Tablet,7,5050.31,3036.27
8851,2026-02-08,North America,Mexico,Monitor,10,6482.98,4604.82
8852,2026-01-26,Asia,Singapore,Headphones,14,4073.29,2431.58
8853,2026-05-17,Europe,Italy,Tablet,25,22156.74,16929.26
8854,2025-05-09,Europe,Italy,Monitor,25,7412.93,5359.28
8855,2025-11-30,Asia,Malaysia,Laptop,30,51589.88,36989.71
8856,2025-03-07,Europe,Germany,Laptop,2,2564.27,1878.24
8857,2025-08-31,Europe,Spain,Smartphone,24,17445.52,11448.73
8858,2025-09-14,Europe,Spain,Headphones,16,4212.69,1941.89
8859,2025-07-07,Asia,Singapore,Laptop,24,31564.97,23039.87
8860,2025-08-25,Asia,Japan,Monitor,28,9214.73,6050.17
8861,2026-01-14,North America,Mexico,Tablet,24,21140.4,14178.51
8862,2026-05-09,Asia,South Korea,Headphones,30,6403.74,3829.0
8863,2025-06-28,North America,Canada,Monitor,27,14536.56,10172.2
8864,2025-03-19,South America,Argentina,Laptop,14,24155.71,17133.38
8865,2026-04-06,North America,United States,Laptop,22,34580.45,21761.38
8866,2026-04-29,South America,Chile,Headphones,28,3489.67,1933.66
8867,2025-03-29,Asia,Singapore,Headphones,28,9027.01,6129.16
8868,2025-01-31,South America,Chile,Monitor,19,4076.27,2491.41
8869,2026-05-28,Europe,France,Laptop,6,10189.69,7486.99
8870,2025-04-25,North America,Canada,Monitor,3,650.4,483.65
8871,2026-02-03,Asia,Japan,Tablet,25,20061.37,11582.8
8872,2025-07-24,Asia,Singapore,Monitor,5,2992.47,2195.4
8873,2025-10-23,North America,United States,Monitor,22,6416.16,4341.03
8874,2026-05-28,North America,United States,Laptop,28,27097.79,20369.95
8875,2025-05-16,Europe,Germany,Tablet,8,3293.76,2126.54
8876,2025-03-13,Asia,Malaysia,Laptop,5,5458.15,4237.07
8877,2026-02-11,South America,Argentina,Monitor,17,5152.94,3250.68
8878,2025-04-10,South America,Brazil,Headphones,24,3646.86,2156.96
8879,2025-08-10,South America,Argentina,Laptop,7,9008.01,6862.72
8880,2025-09-22,Europe,United Kingdom,Laptop,23,32095.6,21854.77
8881,2025-04-13,North America,Canada,Laptop,20,19067.28,13183.12
8882,2025-10-06,South America,Argentina,Smartphone,26,21067.06,12526.26
8883,2025-09-26,Europe,United Kingdom,Monitor,18,6210.27,4405.21
8884,2025-08-08,North America,United States,Laptop,2,3271.32,2185.81
8885,2025-06-28,South America,Chile,Headphones,20,4158.76,2004.58
8886,2025-12-14,South America,Chile,Tablet,2,754.51,437.39
8887,2025-09-12,Europe,Netherlands,Smartphone,29,29354.73,21528.85
8888,2025-06-22,North America,Canada,Tablet,22,16882.76,11438.99
8889,2025-11-19,Europe,France,Laptop,15,20648.56,14605.51
8890,2025-12-05,North America,Canada,Monitor,15,4113.83,2834.42
8891,2026-03-29,South America,Chile,Smartphone,19,7766.22,5055.88
8892,2025-03-24,South America,Brazil,Headphones,1,188.18,92.52
8893,2026-05-10,North America,United States,Headphones,23,5431.54,3460.11
8894,2025-02-09,South America,Brazil,Monitor,24,6434.71,4496.34
8895,2025-04-25,South America,Argentina,Tablet,18,5562.17,3437.39
8896,2025-10-20,North America,Canada,Tablet,1,707.3,403.86
8897,2025-03-23,North America,Canada,Tablet,1,699.18,416.17
8898,2026-06-20,North America,Mexico,Tablet,3,2665.61,1562.37
8899,2025-07-03,Asia,Malaysia,Smartphone,27,17885.18,11701.33
8900,2025-05-17,Asia,Malaysia,Smartphone,12,13465.4,8121.27
8901,2026-05-15,North America,Mexico,Monitor,7,2854.33,1794.88
8902,2025-02-17,North America,Mexico,Tablet,13,11416.0,7085.65
8903,2025-09-27,Asia,Singapore,Laptop,16,18793.29,12415.48
8904,2026-03-25,Asia,South Korea,Laptop,29,51284.46,36749.36
8905,2025-09-27,North America,Canada,Smartphone,30,27480.24,18985.55
8906,2025-09-14,South America,Chile,Headphones,13,1405.0,690.27
8907,2025-12-10,Europe,Spain,Headphones,23,5619.94,3157.61
8908,2025-12-10,North America,United States,Monitor,19,9510.21,6336.64
8909,2026-06-08,Europe,Italy,Monitor,17,8797.01,6860.1
8910,2025-12-04,Europe,Germany,Headphones,18,6094.15,3998.75
8911,2026-04-02,North America,Mexico,Tablet,23,13451.85,9073.38
8912,2025-03-27,South America,Chile,Monitor,17,9900.04,6404.73
8913,2026-04-18,North America,Canada,Monitor,1,398.41,268.27
8914,2025-12-17,North America,Mexico,Headphones,22,2893.43,1632.67
8915,2026-01-18,South America,Argentina,Smartphone,30,15999.17,10473.46
8916,2026-01-09,North America,United States,Laptop,24,38984.49,26436.39
8917,2025-06-03,South America,Argentina,Laptop,30,26533.31,19178.02
8918,2026-01-28,Asia,South Korea,Monitor,29,16767.99,11742.93
8919,2025-03-25,Europe,United Kingdom,Smartphone,15,17845.07,12028.68
8920,2025-01-28,Europe,Spain,Tablet,9,4849.45,3340.26
8921,2026-03-09,North America,Mexico,Monitor,2,799.73,559.65
8922,2025-11-13,Asia,Japan,Smartphone,16,10684.56,7491.2
8923,2025-08-04,Asia,Japan,Smartphone,21,9893.48,6757.56
8924,2025-06-08,North America,Canada,Headphones,11,3645.21,2178.85
8925,2026-05-29,Asia,India,Monitor,14,5843.4,3758.61
8926,2026-05-27,South America,Chile,Laptop,2,2734.79,1704.95
8927,2025-03-26,Europe,Germany,Laptop,7,11871.18,8779.93
8928,2026-02-13,South America,Brazil,Monitor,18,3717.71,2657.44
8929,2026-02-20,North America,Canada,Headphones,30,8103.69,5229.67
8930,2026-02-05,Asia,South Korea,Monitor,25,10174.85,6212.39
8931,2025-10-30,Asia,Singapore,Laptop,25,22126.9,14411.2
8932,2025-04-30,North America,United States,Tablet,7,4017.32,2843.25
8933,2025-06-10,South America,Brazil,Headphones,15,4700.44,2920.95
8934,2025-04-30,South America,Brazil,Tablet,5,3318.11,2268.65
8935,2025-08-06,Europe,Germany,Laptop,25,38778.71,29519.65
8936,2025-02-15,Europe,Italy,Monitor,25,16473.53,10658.2
8937,2026-02-10,Europe,Spain,Smartphone,10,11924.82,8652.98
8938,2025-09-29,Europe,Italy,Tablet,1,573.46,389.4
8939,2025-07-27,Europe,France,Smartphone,8,3937.89,2484.87
8940,2025-08-20,North America,Mexico,Monitor,13,3724.93,2696.57
8941,2025-10-21,Europe,Netherlands,Laptop,27,41950.8,30287.33
8942,2026-04-09,North America,United States,Tablet,4,2111.45,1341.6
8943,2026-02-23,South America,Chile,Headphones,18,2348.87,1571.02
8944,2026-04-10,Asia,Japan,Monitor,17,6741.57,4284.25
8945,2026-06-23,North America,Mexico,Headphones,27,7832.81,4190.7
8946,2026-01-04,North America,Canada,Laptop,3,2823.49,2019.46
8947,2025-03-24,North America,Mexico,Headphones,23,5502.09,2584.41
8948,2025-07-15,North America,Mexico,Tablet,8,6930.05,3841.17
8949,2026-02-01,North America,Canada,Headphones,24,5082.31,2629.84
8950,2025-10-24,North America,Canada,Headphones,19,2034.19,1041.51
8951,2025-03-14,Europe,France,Laptop,21,32785.13,22972.59
8952,2026-05-03,Europe,Netherlands,Monitor,3,970.34,775.61
8953,2026-03-16,Europe,United Kingdom,Smartphone,3,1538.86,1118.5
8954,2025-01-07,Europe,United Kingdom,Monitor,18,7966.23,5380.74
8955,2025-05-28,Europe,Germany,Laptop,17,18435.04,12702.81
8956,2025-11-03,Asia,Singapore,Tablet,23,12881.69,8756.58
8957,2026-01-28,Asia,Japan,Smartphone,20,8882.52,6301.42
8958,2025-11-26,North America,Canada,Laptop,15,13327.63,8870.21
8959,2026-01-27,South America,Brazil,Headphones,24,2850.31,1424.57
8960,2026-02-26,Europe,Italy,Laptop,27,31857.03,23215.04
8961,2026-05-20,Asia,Japan,Tablet,25,15366.9,10636.63
8962,2025-07-12,North America,United States,Monitor,29,11083.06,6785.04
8963,2025-11-08,South America,Argentina,Laptop,2,2212.34,1440.81
8964,2025-01-08,South America,Argentina,Smartphone,15,16503.54,11889.57
8965,2026-01-06,North America,United States,Headphones,6,1225.28,744.78
8966,2025-08-10,Asia,Japan,Monitor,25,14964.57,11202.15
8967,2025-12-12,Europe,Italy,Smartphone,10,8235.95,5377.04
8968,2025-05-21,Asia,India,Laptop,9,15262.01,10618.31
8969,2026-03-11,South America,Argentina,Laptop,8,10641.84,7949.8
8970,2025-12-01,North America,United States,Headphones,11,2944.53,1337.38
8971,2026-05-22,Europe,Germany,Laptop,23,39817.42,29632.12
8972,2025-10-04,Asia,Japan,Laptop,12,18762.05,13572.95
8973,2025-02-24,Asia,Singapore,Laptop,22,30357.79,21111.44
8974,2025-01-21,Europe,Netherlands,Headphones,30,6294.02,4217.43
8975,2026-05-31,North America,Mexico,Headphones,13,2351.12,1316.45
8976,2025-11-07,Asia,Japan,Tablet,6,4858.29,3083.91
8977,2026-06-20,North America,Canada,Tablet,12,8590.49,5867.72
8978,2025-10-28,North America,United States,Headphones,6,1280.7,664.04
8979,2025-03-30,Asia,Japan,Tablet,5,3623.96,2537.51
8980,2025-11-16,North America,United States,Smartphone,25,26952.1,15751.55
8981,2026-01-30,Europe,Spain,Tablet,6,2487.23,1702.87
8982,2025-10-09,South America,Brazil,Tablet,6,4488.18,3026.37
8983,2025-08-16,North America,Canada,Monitor,15,7671.16,4673.52
8984,2025-09-17,Europe,United Kingdom,Headphones,8,1757.45,1078.33
8985,2025-08-07,South America,Brazil,Smartphone,3,3407.7,2160.72
8986,2025-12-26,Asia,Japan,Monitor,7,3611.0,2730.13
8987,2026-04-25,South America,Brazil,Laptop,28,44071.57,34053.57
8988,2025-11-24,North America,Mexico,Smartphone,15,16589.76,10600.47
8989,2025-12-31,North America,Mexico,Monitor,28,19146.73,13202.12
8990,2025-03-11,North America,Mexico,Headphones,19,4030.27,2362.28
8991,2025-09-08,South America,Chile,Tablet,17,14595.52,10309.59
8992,2025-11-16,Asia,Malaysia,Headphones,28,7613.3,4216.96
8993,2026-04-24,South America,Brazil,Headphones,1,204.2,93.0
8994,2026-02-10,Europe,Germany,Tablet,25,12795.81,8784.97
8995,2025-02-14,South America,Argentina,Headphones,21,4770.19,2763.63
8996,2026-02-16,South America,Brazil,Laptop,12,16257.71,11661.79
8997,2025-03-07,South America,Brazil,Headphones,15,4577.18,2683.68
8998,2025-01-09,Europe,Netherlands,Smartphone,29,21219.74,13033.34
8999,2025-04-30,North America,Canada,Smartphone,21,23069.56,13836.63
9000,2026-02-04,Europe,United Kingdom,Laptop,25,22413.07,16137.37
9001,2026-05-09,South America,Chile,Laptop,11,11722.3,7893.7
9002,2025-06-05,South America,Chile,Smartphone,24,27614.87,16313.51
9003,2025-11-01,South America,Brazil,Headphones,24,1927.96,925.67
9004,2025-09-11,Asia,South Korea,Laptop,2,3481.42,2581.61
9005,2025-09-10,Asia,Singapore,Monitor,12,6140.71,3883.48
9006,2025-07-05,Asia,India,Smartphone,28,17904.4,12320.14
9007,2025-03-04,North America,Canada,Tablet,26,10987.82,7746.55
9008,2025-03-25,South America,Brazil,Laptop,24,20578.0,14911.77
9009,2026-02-09,Asia,India,Laptop,17,25362.27,19070.09
9010,2026-04-11,Europe,Netherlands,Laptop,19,25409.83,19960.08
9011,2025-08-03,North America,United States,Tablet,10,8532.38,5132.03
9012,2025-07-14,Europe,Spain,Laptop,8,14179.57,9128.52
9013,2025-10-27,South America,Brazil,Headphones,19,4083.09,2077.72
9014,2025-04-16,Asia,Singapore,Laptop,30,34260.63,25380.19
9015,2026-04-06,South America,Argentina,Monitor,4,2099.53,1540.59
9016,2026-01-29,Asia,Malaysia,Tablet,7,3817.96,2585.87
9017,2025-07-14,Europe,United Kingdom,Tablet,29,24973.76,14728.61
9018,2025-10-16,Europe,Italy,Smartphone,25,10450.82,7444.6
9019,2026-06-29,North America,Mexico,Tablet,22,19693.6,11561.98
9020,2025-11-05,Europe,France,Smartphone,6,4528.72,2976.98
9021,2026-01-23,Europe,France,Laptop,18,32103.5,22079.8
9022,2026-03-21,South America,Brazil,Tablet,6,3415.41,1989.92
9023,2025-10-18,North America,Canada,Tablet,29,25036.15,16550.58
9024,2025-02-09,South America,Argentina,Monitor,10,5203.39,3176.43
9025,2025-01-08,Asia,India,Monitor,7,3933.27,2585.1
9026,2026-05-17,Europe,Germany,Headphones,9,1126.0,711.86
9027,2025-12-21,North America,United States,Smartphone,15,17801.51,11108.46
9028,2025-09-22,South America,Brazil,Tablet,17,9377.86,6144.16
9029,2026-06-06,Asia,Japan,Smartphone,29,19313.59,14013.76
9030,2025-08-15,North America,United States,Smartphone,6,4546.95,2916.19
9031,2026-02-10,Europe,France,Smartphone,17,10265.23,7389.88
9032,2025-08-13,South America,Brazil,Tablet,17,14093.71,9859.43
9033,2026-05-18,North America,United States,Smartphone,6,6185.25,4366.08
9034,2025-06-14,Europe,Germany,Tablet,1,680.34,399.03
9035,2025-10-15,Asia,India,Smartphone,8,7538.53,5105.09
9036,2025-08-04,North America,Canada,Smartphone,12,12822.12,8937.2
9037,2025-05-09,Europe,United Kingdom,Monitor,8,3772.16,2506.47
9038,2026-03-02,North America,Mexico,Smartphone,14,15359.89,10002.99
9039,2025-11-08,Europe,Spain,Headphones,16,3621.47,2358.55
9040,2025-04-27,Asia,Singapore,Tablet,26,12717.03,7814.94
9041,2025-06-15,South America,Argentina,Monitor,7,3120.61,2029.77
9042,2025-11-16,Asia,Malaysia,Smartphone,3,2408.35,1630.4
9043,2026-02-08,Europe,Italy,Monitor,13,4092.27,2988.03
9044,2025-07-09,Europe,Spain,Laptop,4,4556.67,3358.54
9045,2026-01-24,Asia,Singapore,Headphones,26,5339.97,2463.38
9046,2025-12-31,North America,Mexico,Headphones,4,396.31,235.86
9047,2025-09-24,Europe,Italy,Tablet,21,9705.35,6153.08
9048,2025-12-28,Europe,France,Monitor,16,8674.21,6318.68
9049,2025-10-08,Europe,Italy,Tablet,26,11320.06,6421.1
9050,2026-06-10,Asia,Singapore,Tablet,14,5579.83,3660.9
9051,2025-08-15,North America,Mexico,Headphones,11,2133.21,1100.88
9052,2025-12-09,Asia,Japan,Smartphone,28,12380.79,8933.87
9053,2025-11-03,South America,Argentina,Laptop,11,15043.28,10403.86
9054,2026-01-08,South America,Brazil,Smartphone,9,7664.86,5117.89
9055,2025-08-12,Asia,Singapore,Tablet,4,1949.42,1252.66
9056,2026-01-29,Asia,Malaysia,Headphones,5,901.7,449.0
9057,2025-04-14,North America,Mexico,Headphones,8,2639.61,1741.64
9058,2025-12-13,Asia,Malaysia,Laptop,17,29484.41,18971.66
9059,2025-03-24,South America,Chile,Headphones,14,2812.24,1436.22
9060,2025-09-27,South America,Chile,Monitor,27,12497.69,8399.25
9061,2025-05-15,Europe,Italy,Laptop,18,15959.88,10143.15
9062,2025-09-17,North America,United States,Headphones,5,931.75,539.16
9063,2025-03-26,South America,Chile,Laptop,23,21019.76,13800.01
9064,2026-04-19,North America,United States,Tablet,25,11578.0,7389.11
9065,2025-11-03,North America,Mexico,Laptop,28,25820.34,17737.69
9066,2025-06-22,South America,Brazil,Tablet,5,1925.58,1204.38
9067,2025-01-30,North America,Canada,Laptop,6,9808.04,6804.98
9068,2025-12-03,Asia,South Korea,Laptop,18,16474.89,12338.48
9069,2025-12-20,South America,Chile,Tablet,8,6761.66,4358.68
9070,2025-04-30,Europe,Germany,Tablet,21,17240.57,12204.71
9071,2025-09-19,South America,Brazil,Laptop,29,48206.75,31050.52
9072,2026-01-03,North America,Mexico,Headphones,19,5244.89,3460.5
9073,2026-04-14,Asia,South Korea,Smartphone,4,3687.48,2206.64
9074,2025-03-15,Europe,Spain,Monitor,14,5896.51,3587.71
9075,2025-05-13,North America,Mexico,Monitor,20,4184.54,2611.44
9076,2025-10-13,Europe,Italy,Tablet,5,3736.82,2390.82
9077,2025-08-16,North America,Mexico,Headphones,9,2684.29,1491.46
9078,2026-05-12,South America,Chile,Laptop,18,27325.09,18772.01
9079,2026-06-15,North America,United States,Smartphone,3,1556.68,957.47
9080,2026-01-24,Europe,United Kingdom,Headphones,29,7356.08,4591.35
9081,2025-02-13,South America,Brazil,Monitor,5,1564.51,973.56
9082,2025-10-04,Asia,South Korea,Laptop,4,4183.13,3273.7
9083,2026-06-15,South America,Brazil,Tablet,16,5785.32,4012.42
9084,2025-06-15,North America,Canada,Tablet,30,14442.33,9008.99
9085,2025-02-15,Europe,Spain,Monitor,9,3653.37,2348.04
9086,2025-10-14,Asia,Malaysia,Tablet,13,9535.18,5538.08
9087,2026-03-09,North America,Mexico,Monitor,15,10346.87,6832.19
9088,2025-12-07,Asia,Japan,Tablet,20,11406.21,7039.18
9089,2025-08-09,Asia,India,Smartphone,21,14964.43,9010.56
9090,2025-08-02,Asia,South Korea,Laptop,8,12677.13,9863.73
9091,2026-02-11,Europe,Netherlands,Tablet,24,13512.67,8906.97
9092,2025-10-20,Asia,Japan,Monitor,18,5397.28,3928.36
9093,2025-01-09,Asia,South Korea,Laptop,15,13091.68,9155.4
9094,2025-01-22,South America,Argentina,Monitor,26,6711.19,4184.12
9095,2025-09-15,South America,Argentina,Tablet,11,5793.75,3614.13
9096,2025-08-15,South America,Chile,Smartphone,13,7228.29,5008.95
9097,2025-04-27,Asia,Malaysia,Smartphone,26,24121.15,14773.85
9098,2025-06-30,Asia,India,Tablet,25,10246.19,5836.54
9099,2026-05-19,Asia,India,Tablet,21,13067.59,8568.14
9100,2025-08-09,South America,Chile,Laptop,30,46697.92,30256.01
9101,2025-07-25,North America,Canada,Headphones,26,8620.41,4224.67
9102,2026-05-22,South America,Chile,Tablet,20,6082.08,3529.94
9103,2025-05-13,Asia,Malaysia,Smartphone,29,12158.14,7629.23
9104,2026-03-31,Europe,Netherlands,Tablet,11,9130.42,6391.27
9105,2025-01-08,North America,United States,Monitor,23,8012.06,5545.64
9106,2025-03-24,Asia,Malaysia,Smartphone,18,9136.75,6667.0
9107,2026-02-26,South America,Chile,Tablet,20,8874.5,6148.51
9108,2026-03-20,Asia,India,Smartphone,18,7399.97,4388.8
9109,2025-08-12,Asia,Malaysia,Smartphone,27,15879.7,10470.98
9110,2026-04-12,Asia,South Korea,Laptop,10,15194.15,9724.17
9111,2026-05-26,South America,Brazil,Headphones,10,3190.09,2087.63
9112,2026-03-07,Europe,Netherlands,Tablet,18,6563.03,3733.74
9113,2025-03-18,Europe,Italy,Headphones,20,3157.67,2073.22
9114,2025-07-08,Asia,Japan,Laptop,24,34090.22,25530.93
9115,2025-12-18,Asia,Japan,Laptop,3,5120.05,3257.39
9116,2026-06-15,Europe,Germany,Monitor,6,1889.02,1504.36
9117,2025-05-26,South America,Argentina,Monitor,17,5414.57,3278.73
9118,2025-11-13,North America,United States,Laptop,17,29690.76,19077.86
9119,2025-10-03,North America,United States,Tablet,8,4731.64,2666.62
9120,2025-11-04,Europe,Italy,Headphones,11,2510.33,1404.22
9121,2026-05-27,Europe,France,Smartphone,19,9584.97,7354.12
9122,2025-07-14,Europe,Germany,Headphones,3,543.09,358.41
9123,2025-04-06,Europe,United Kingdom,Smartphone,24,20981.02,14751.39
9124,2025-06-29,Asia,Singapore,Laptop,1,1469.51,1129.19
9125,2025-11-05,Asia,Singapore,Laptop,11,15476.14,10715.79
9126,2025-04-19,Europe,Italy,Smartphone,14,15002.97,9406.1
9127,2025-03-09,South America,Argentina,Monitor,27,14484.97,9942.48
9128,2026-03-01,Europe,Netherlands,Monitor,30,12414.64,8507.98
9129,2025-07-11,South America,Brazil,Laptop,10,9701.42,6925.59
9130,2026-01-11,Europe,Germany,Laptop,23,40615.78,27187.21
9131,2025-02-18,Europe,Spain,Smartphone,12,13640.45,9298.33
9132,2025-08-05,Europe,Italy,Tablet,4,1477.93,916.77
9133,2025-06-14,North America,United States,Tablet,29,11344.59,7657.62
9134,2026-06-02,Europe,Germany,Tablet,20,16913.09,13362.67
9135,2026-01-09,North America,Canada,Headphones,1,180.82,81.35
9136,2025-11-04,North America,Mexico,Laptop,16,24770.36,15166.87
9137,2025-09-23,Asia,India,Tablet,16,6822.58,3846.0
9138,2026-06-21,South America,Chile,Headphones,27,5376.59,3567.85
9139,2026-01-31,Asia,Japan,Smartphone,28,27963.52,20402.9
9140,2025-10-30,Europe,France,Smartphone,22,12179.5,8139.81
9141,2025-02-25,Asia,India,Laptop,7,8962.23,6329.64
9142,2025-01-29,Asia,Japan,Smartphone,11,9175.86,5704.9
9143,2025-01-25,South America,Brazil,Monitor,10,5346.16,3842.07
9144,2026-01-14,South America,Brazil,Headphones,28,8852.71,5064.51
9145,2025-06-21,South America,Brazil,Tablet,4,2113.3,1274.26
9146,2025-12-16,North America,United States,Tablet,19,16073.75,10634.07
9147,2026-05-31,Asia,Singapore,Tablet,22,10762.92,7361.42
9148,2026-03-07,North America,Mexico,Smartphone,7,8341.42,4829.95
9149,2025-01-17,Asia,India,Tablet,18,13796.3,8900.68
9150,2026-01-04,North America,United States,Tablet,1,812.78,498.29
9151,2025-06-05,North America,Mexico,Laptop,24,37179.52,27461.19
9152,2025-10-10,Europe,Spain,Tablet,25,11103.07,7871.1
9153,2025-09-01,Asia,India,Smartphone,27,32170.01,22145.36
9154,2025-07-29,South America,Chile,Tablet,11,5959.66,3836.47
9155,2025-03-02,Asia,Japan,Laptop,21,27959.06,19288.23
9156,2025-11-01,South America,Chile,Headphones,29,7769.62,4300.32
9157,2026-01-14,Europe,France,Smartphone,25,24860.62,15995.14
9158,2025-03-19,Asia,Singapore,Headphones,4,595.41,289.41
9159,2025-06-21,Europe,Germany,Tablet,2,1474.74,958.93
9160,2026-06-03,Asia,Singapore,Laptop,1,1249.71,876.26
9161,2025-03-19,South America,Chile,Laptop,4,6143.95,4361.33
9162,2025-08-14,Europe,Italy,Smartphone,10,10658.92,7420.71
9163,2026-03-17,Asia,Japan,Laptop,12,13912.81,10213.16
9164,2025-09-04,South America,Argentina,Smartphone,4,3181.8,2012.09
9165,2026-01-20,Europe,France,Smartphone,9,10794.03,7810.78
9166,2025-02-18,Europe,France,Tablet,19,7949.48,5506.26
9167,2025-12-09,Europe,Spain,Smartphone,11,4737.07,2781.69
9168,2025-05-29,South America,Chile,Tablet,1,885.71,567.02
9169,2026-05-18,North America,Mexico,Monitor,23,10543.22,6661.1
9170,2025-05-20,Asia,Singapore,Laptop,21,28585.72,21089.92
9171,2025-06-13,South America,Argentina,Smartphone,4,3635.09,2448.84
9172,2026-06-30,North America,United States,Monitor,24,7590.34,5560.97
9173,2025-10-13,North America,Canada,Monitor,21,10410.37,6453.45
9174,2026-03-03,Asia,Malaysia,Smartphone,1,676.75,489.02
9175,2026-01-11,South America,Brazil,Tablet,27,13851.05,9304.2
9176,2025-08-25,Europe,United Kingdom,Smartphone,9,8089.21,5410.4
9177,2026-01-06,Asia,South Korea,Headphones,16,2544.55,1299.54
9178,2026-05-20,Asia,India,Tablet,21,17957.32,10491.97
9179,2025-01-22,Asia,India,Laptop,18,16312.85,12070.42
9180,2025-01-08,Asia,Malaysia,Laptop,3,2748.49,1863.33
9181,2026-05-19,North America,Canada,Headphones,15,3377.22,1825.38
9182,2025-03-15,South America,Brazil,Tablet,17,8217.7,5548.24
9183,2025-10-22,Asia,India,Tablet,7,3364.82,2033.46
9184,2026-05-06,North America,Canada,Laptop,26,34184.23,25749.95
9185,2025-05-29,Europe,Italy,Laptop,8,13980.31,10128.33
9186,2025-12-01,Europe,Italy,Smartphone,26,27670.14,16684.11
9187,2026-05-12,Europe,United Kingdom,Monitor,8,2994.77,2177.42
9188,2025-11-09,South America,Chile,Monitor,7,4063.2,2848.64
9189,2026-03-31,Asia,India,Smartphone,28,14936.92,10068.13
9190,2025-06-08,Asia,South Korea,Laptop,10,14095.95,9419.62
9191,2025-05-24,South America,Chile,Tablet,1,395.99,241.53
9192,2025-11-28,Asia,Singapore,Tablet,18,15410.95,9063.71
9193,2025-09-11,Europe,Germany,Headphones,4,864.72,517.94
9194,2025-01-25,North America,Mexico,Laptop,9,9320.82,6455.53
9195,2025-06-30,South America,Brazil,Monitor,21,12328.7,7923.06
9196,2025-02-17,North America,Mexico,Tablet,16,14327.06,9037.58
9197,2025-03-09,Asia,Japan,Tablet,25,8072.86,4726.37
9198,2025-03-15,North America,Canada,Laptop,8,8132.87,5300.2
9199,2025-07-13,Asia,South Korea,Laptop,6,9974.65,6797.31
9200,2025-12-22,South America,Brazil,Tablet,21,13222.43,9298.45
9201,2025-04-28,North America,Canada,Monitor,22,5618.27,3816.64
9202,2026-04-06,North America,Mexico,Smartphone,5,5006.09,3370.54
9203,2025-07-13,South America,Argentina,Tablet,5,3097.35,1896.09
9204,2025-04-18,North America,United States,Headphones,1,218.37,138.46
9205,2025-07-04,South America,Argentina,Tablet,22,12574.58,7713.67
9206,2025-12-24,Asia,Singapore,Laptop,16,19670.88,12991.63
9207,2025-08-21,South America,Chile,Smartphone,14,8830.88,6215.77
9208,2026-01-18,Asia,South Korea,Laptop,6,5388.56,3734.61
9209,2025-02-24,South America,Brazil,Laptop,20,35750.17,25199.28
9210,2025-01-22,North America,United States,Headphones,30,9603.61,4704.81
9211,2025-09-03,Europe,Germany,Smartphone,13,8933.34,5638.43
9212,2026-05-25,North America,Canada,Tablet,22,10444.63,5995.37
9213,2026-02-07,South America,Brazil,Tablet,5,1798.11,993.89
9214,2025-09-11,North America,United States,Smartphone,30,31994.85,21268.42
9215,2025-10-14,Europe,Spain,Smartphone,25,26773.85,18035.45
9216,2025-09-30,South America,Argentina,Monitor,26,15457.96,11592.25
9217,2026-01-08,Asia,Malaysia,Tablet,28,14944.65,10402.26
9218,2025-11-29,North America,United States,Monitor,5,3077.76,2039.72
9219,2025-03-25,Asia,South Korea,Monitor,2,489.82,332.58
9220,2025-04-05,South America,Argentina,Monitor,8,2345.51,1460.75
9221,2026-04-14,South America,Argentina,Headphones,9,2691.55,1395.97
9222,2026-05-14,South America,Chile,Smartphone,1,1014.43,643.82
9223,2025-08-18,South America,Chile,Monitor,19,11255.09,7574.89
9224,2025-04-14,South America,Brazil,Monitor,13,3577.4,2612.0
9225,2025-09-08,South America,Chile,Laptop,25,30022.7,18799.46
9226,2026-04-22,Asia,Japan,Smartphone,21,21358.96,15087.54
9227,2025-03-20,South America,Chile,Monitor,25,7556.92,5292.61
9228,2026-03-05,Asia,Malaysia,Smartphone,3,1460.27,1083.39
9229,2025-04-16,South America,Brazil,Monitor,21,14359.31,9933.42
9230,2026-05-04,South America,Brazil,Tablet,24,16879.74,11948.74
9231,2025-12-28,South America,Brazil,Tablet,10,7684.62,4764.67
9232,2025-12-18,Europe,Germany,Headphones,10,2010.54,1217.53
9233,2026-04-13,Asia,Malaysia,Smartphone,28,25702.91,18354.55
9234,2025-04-12,South America,Argentina,Smartphone,30,29545.52,21721.97
9235,2025-02-11,South America,Chile,Smartphone,19,13583.98,10031.8
9236,2026-01-28,Asia,South Korea,Monitor,15,9208.01,5956.73
9237,2026-01-20,South America,Brazil,Tablet,5,2925.33,1809.36
9238,2025-01-19,South America,Argentina,Tablet,1,454.1,300.02
9239,2025-10-10,Europe,Netherlands,Smartphone,17,9947.52,6566.17
9240,2025-02-22,Europe,Germany,Monitor,11,7238.39,5262.41
9241,2025-05-15,Europe,Netherlands,Monitor,20,4120.21,2799.95
9242,2026-05-30,South America,Brazil,Headphones,6,1085.36,664.7
9243,2026-03-01,South America,Argentina,Laptop,29,28161.78,20347.65
9244,2025-05-15,Europe,France,Smartphone,29,33965.35,23392.24
9245,2025-10-29,South America,Argentina,Laptop,23,27904.32,17713.6
9246,2026-01-04,South America,Argentina,Monitor,6,3747.93,2461.56
9247,2026-05-25,Europe,United Kingdom,Smartphone,18,18899.43,13081.75
9248,2025-06-29,Asia,Malaysia,Tablet,1,673.58,458.72
9249,2025-07-11,South America,Chile,Laptop,15,18078.32,11945.68
9250,2026-01-10,South America,Argentina,Tablet,6,3399.26,2353.94
9251,2025-09-26,Europe,Netherlands,Monitor,1,561.33,420.18
9252,2025-11-04,South America,Brazil,Laptop,25,35507.87,24476.8
9253,2026-02-02,North America,United States,Headphones,14,2856.2,1646.99
9254,2025-09-15,South America,Brazil,Headphones,20,6141.06,2873.3
9255,2026-03-16,South America,Chile,Laptop,16,16516.85,12129.54
9256,2025-02-17,Europe,Germany,Monitor,19,8274.61,5496.62
9257,2025-02-17,Europe,France,Smartphone,1,419.91,305.33
9258,2026-03-17,North America,United States,Smartphone,17,9067.84,5528.82
9259,2025-11-24,Asia,Japan,Laptop,20,22215.91,14583.22
9260,2025-09-24,North America,Mexico,Monitor,6,3100.12,1882.94
9261,2025-01-24,Asia,Singapore,Tablet,27,18576.67,10486.11
9262,2025-09-16,Europe,Germany,Smartphone,19,19563.12,12389.87
9263,2025-12-23,Asia,Singapore,Tablet,4,2267.15,1419.72
9264,2026-03-02,Asia,South Korea,Tablet,28,18513.08,11385.7
9265,2025-06-30,South America,Brazil,Headphones,30,7389.04,4144.34
9266,2026-05-18,Asia,India,Smartphone,23,25747.42,16372.3
9267,2025-07-21,Europe,Italy,Laptop,10,10363.32,6719.31
9268,2026-05-28,North America,Mexico,Headphones,20,3166.2,1421.59
9269,2025-01-22,South America,Chile,Headphones,24,6727.08,3203.04
9270,2025-05-12,Asia,South Korea,Laptop,2,2115.71,1528.72
9271,2026-05-22,Europe,Netherlands,Laptop,8,11676.61,8647.99
9272,2025-02-25,South America,Chile,Headphones,29,6452.92,3667.79
9273,2025-01-27,Asia,Malaysia,Laptop,5,7222.27,5082.29
9274,2026-05-11,Europe,United Kingdom,Smartphone,22,18328.24,13561.64
9275,2025-03-19,North America,United States,Tablet,6,5363.55,3422.88
9276,2025-02-25,Asia,Malaysia,Monitor,24,13939.54,9604.06
9277,2025-08-26,Europe,Germany,Tablet,29,10272.97,6816.2
9278,2025-07-18,Asia,South Korea,Headphones,29,4766.25,2522.22
9279,2025-01-09,North America,United States,Smartphone,27,13846.84,7923.79
9280,2026-02-01,North America,Mexico,Monitor,6,3288.94,2305.75
9281,2025-08-17,North America,Mexico,Monitor,17,3969.22,2487.29
9282,2025-06-21,Europe,Germany,Tablet,15,10302.86,6361.52
9283,2025-11-19,South America,Brazil,Smartphone,23,15027.32,10418.82
9284,2025-09-14,Europe,United Kingdom,Monitor,3,1284.6,809.78
9285,2025-03-30,Asia,Singapore,Smartphone,5,2463.21,1682.35
9286,2025-06-07,North America,Canada,Monitor,4,1724.9,1031.08
9287,2025-12-02,Asia,India,Laptop,25,28304.34,19568.79
9288,2025-10-05,Europe,Italy,Smartphone,16,9092.09,5354.55
9289,2026-05-18,North America,Canada,Laptop,8,14313.17,9147.96
9290,2025-07-18,Europe,Netherlands,Laptop,26,41323.94,27736.15
9291,2025-02-26,Asia,Japan,Headphones,17,2287.81,1363.09
9292,2025-05-29,Europe,France,Smartphone,29,22379.83,13886.37
9293,2025-11-26,Europe,France,Headphones,14,4793.13,2703.97
9294,2025-11-02,Asia,India,Monitor,5,2259.62,1446.24
9295,2025-10-08,North America,United States,Smartphone,19,13211.11,7777.3
9296,2026-03-29,Asia,Malaysia,Tablet,11,6882.29,4438.17
9297,2025-09-05,Europe,Italy,Laptop,21,36637.63,25487.17
9298,2026-03-12,Asia,Singapore,Headphones,30,5973.31,3323.65
9299,2026-01-06,South America,Chile,Laptop,5,6649.49,4181.58
9300,2026-02-23,North America,Canada,Smartphone,29,14499.31,8347.22
9301,2025-12-06,Asia,India,Monitor,28,7138.87,4791.43
9302,2026-02-05,South America,Chile,Headphones,22,3764.37,2078.07
9303,2025-04-18,Asia,Singapore,Laptop,4,7189.53,5483.37
9304,2025-05-31,Europe,Germany,Tablet,6,4864.04,3130.8
9305,2025-11-29,Asia,Singapore,Monitor,20,8003.61,5764.4
9306,2026-01-02,North America,Canada,Laptop,26,33832.07,22386.54
9307,2026-06-15,North America,Mexico,Headphones,28,8445.47,5560.73
9308,2025-02-14,South America,Chile,Laptop,10,10403.08,7755.28
9309,2026-05-02,North America,Mexico,Headphones,28,8967.92,5528.81
9310,2025-01-02,South America,Brazil,Smartphone,26,18473.84,12949.25
9311,2025-02-05,North America,Mexico,Tablet,2,1014.45,658.82
9312,2025-04-18,Europe,France,Laptop,26,40855.68,28369.82
9313,2025-07-18,Europe,Spain,Headphones,29,3027.94,1522.63
9314,2025-06-16,Asia,Japan,Smartphone,13,13494.29,8965.47
9315,2025-03-04,North America,United States,Headphones,16,3778.13,1969.49
9316,2025-11-11,Europe,Netherlands,Smartphone,30,32117.31,20934.7
9317,2025-04-17,Asia,Japan,Tablet,8,6821.95,3982.54
9318,2026-01-02,North America,Mexico,Laptop,10,15579.1,10556.24
9319,2026-05-13,North America,United States,Smartphone,4,2011.8,1412.87
9320,2025-04-01,North America,Canada,Tablet,10,6882.02,4317.96
9321,2025-12-25,Europe,France,Tablet,25,13614.55,7657.39
9322,2025-03-14,South America,Chile,Laptop,29,23302.43,14828.88
9323,2026-05-09,South America,Chile,Headphones,28,7862.9,3956.92
9324,2025-12-09,Europe,Netherlands,Tablet,21,18268.5,11270.55
9325,2026-04-03,Asia,South Korea,Smartphone,2,1292.25,812.74
9326,2025-07-02,North America,United States,Tablet,10,8545.99,4763.89
9327,2025-03-19,South America,Chile,Tablet,14,12287.86,8832.71
9328,2025-07-30,North America,United States,Monitor,3,1010.84,655.37
9329,2025-02-03,Europe,France,Headphones,1,147.84,69.35
9330,2025-06-13,South America,Chile,Monitor,14,6000.55,3931.79
9331,2025-10-28,South America,Chile,Headphones,25,6525.64,3511.09
9332,2025-07-31,Asia,India,Headphones,10,2211.89,1065.6
9333,2026-06-04,North America,United States,Laptop,29,40087.74,28165.1
9334,2025-01-02,South America,Brazil,Laptop,25,27607.93,17616.19
9335,2026-06-12,South America,Brazil,Smartphone,16,15327.35,9450.05
9336,2025-05-13,North America,Canada,Monitor,18,10623.81,6419.59
9337,2026-02-02,North America,United States,Tablet,25,7932.21,5375.14
9338,2025-06-29,Asia,Japan,Tablet,21,8799.43,5542.36
9339,2026-03-19,North America,Mexico,Monitor,22,13435.67,8384.86
9340,2025-06-02,Asia,South Korea,Smartphone,9,9827.54,6728.14
9341,2025-06-18,Asia,India,Smartphone,8,4084.72,3029.68
9342,2026-02-07,Europe,Spain,Monitor,22,11157.77,7209.86
9343,2025-01-21,North America,Canada,Headphones,27,8802.57,5718.45
9344,2025-09-16,North America,United States,Tablet,24,17313.48,11167.17
9345,2026-06-21,Asia,South Korea,Laptop,30,49680.25,34712.47
9346,2025-04-08,Asia,Singapore,Smartphone,21,21161.49,14771.43
9347,2025-03-14,Asia,Singapore,Headphones,30,2781.05,1483.99
9348,2026-02-06,Asia,India,Headphones,15,2294.16,1285.28
9349,2025-11-03,North America,United States,Tablet,5,2299.04,1354.29
9350,2026-03-03,North America,Canada,Smartphone,14,6387.74,4044.85
9351,2025-09-20,South America,Argentina,Smartphone,1,1102.93,644.48
9352,2025-06-14,North America,Canada,Monitor,29,11410.98,7991.37
9353,2026-01-01,Asia,India,Smartphone,20,19250.12,13688.12
9354,2025-08-03,South America,Argentina,Monitor,13,5068.93,3626.74
9355,2025-08-18,South America,Argentina,Monitor,30,17821.8,11563.15
9356,2025-06-30,North America,United States,Monitor,17,6051.11,4239.95
9357,2025-06-30,South America,Chile,Monitor,25,16491.61,11966.25
9358,2025-05-17,Asia,South Korea,Laptop,6,6477.52,4820.84
9359,2026-04-18,South America,Chile,Headphones,20,6156.81,3703.36
9360,2026-06-02,Europe,Spain,Tablet,23,18686.14,13065.33
9361,2025-05-05,Asia,South Korea,Tablet,13,11417.23,7797.63
9362,2025-10-29,Europe,Spain,Monitor,16,9866.06,6215.82
9363,2025-11-28,South America,Chile,Tablet,17,5831.58,3582.53
9364,2025-06-13,North America,Canada,Laptop,13,14916.39,10033.68
9365,2025-07-18,South America,Argentina,Laptop,30,29470.75,19857.56
9366,2025-04-24,North America,United States,Headphones,1,276.9,153.75
9367,2025-11-03,South America,Argentina,Laptop,4,4881.32,3480.39
9368,2025-05-22,Europe,Netherlands,Smartphone,22,13013.41,8339.6
9369,2026-05-19,Europe,Italy,Tablet,25,11161.71,8094.11
9370,2025-08-02,South America,Chile,Headphones,11,3687.37,2244.12
9371,2025-07-26,North America,Canada,Smartphone,12,11037.79,6411.39
9372,2025-01-20,North America,Canada,Headphones,26,6052.49,3241.63
9373,2025-12-29,North America,United States,Tablet,27,22015.27,13159.01
9374,2025-02-10,Europe,United Kingdom,Tablet,26,9167.42,6280.29
9375,2025-01-23,South America,Chile,Monitor,25,10092.84,6658.69
9376,2026-06-10,Europe,Spain,Tablet,19,7482.8,5046.22
9377,2026-05-31,Europe,United Kingdom,Headphones,21,4579.53,2598.92
9378,2026-01-19,South America,Brazil,Smartphone,4,1943.39,1295.98
9379,2026-02-04,South America,Chile,Laptop,6,9708.18,6965.44
9380,2025-07-06,Europe,United Kingdom,Headphones,17,4141.38,2732.29
9381,2026-03-21,Europe,Netherlands,Monitor,18,4593.5,3318.65
9382,2026-01-10,North America,Mexico,Headphones,23,3007.72,1588.99
9383,2025-03-30,Europe,United Kingdom,Smartphone,18,10374.04,7591.37
9384,2026-02-02,North America,Canada,Headphones,7,1094.38,657.96
9385,2025-08-23,Europe,France,Tablet,21,8085.5,5742.69
9386,2026-04-22,North America,Canada,Monitor,14,7922.95,5773.1
9387,2025-04-22,North America,Canada,Monitor,18,9406.42,6895.27
9388,2025-01-04,South America,Argentina,Laptop,12,14864.82,10389.65
9389,2026-03-15,South America,Brazil,Laptop,16,27721.63,17886.34
9390,2026-01-26,Europe,United Kingdom,Monitor,8,1668.19,1078.95
9391,2025-01-30,Asia,South Korea,Headphones,16,4436.64,2755.02
9392,2026-05-24,Asia,India,Laptop,27,37460.2,27281.28
9393,2025-11-09,South America,Argentina,Smartphone,4,3120.7,2246.78
9394,2026-02-05,North America,Mexico,Headphones,30,8010.96,4511.67
9395,2025-07-20,South America,Chile,Tablet,27,13013.87,7658.37
9396,2025-01-24,South America,Chile,Tablet,4,3180.69,1951.53
9397,2025-12-29,North America,Mexico,Monitor,7,3335.22,2002.8
9398,2026-03-11,South America,Chile,Headphones,16,4058.54,2320.53
9399,2025-12-19,South America,Brazil,Smartphone,21,8758.45,6465.89
9400,2025-08-21,Asia,South Korea,Monitor,7,3481.91,2174.26
9401,2025-10-18,South America,Brazil,Headphones,15,2792.74,1554.66
9402,2026-01-28,North America,Mexico,Monitor,10,6925.46,4639.52
9403,2025-03-24,South America,Argentina,Smartphone,9,3880.52,2519.09
9404,2026-03-28,North America,United States,Laptop,26,33421.47,22628.59
9405,2025-08-12,North America,Canada,Laptop,14,11898.08,7482.28
9406,2025-04-14,South America,Brazil,Monitor,20,8153.15,6146.04
9407,2026-05-07,Asia,South Korea,Headphones,23,7020.5,4811.98
9408,2025-08-08,Asia,Japan,Monitor,30,9119.62,6281.06
9409,2025-03-08,South America,Chile,Smartphone,10,5547.69,3733.89
9410,2025-03-15,Asia,India,Laptop,14,17818.16,13187.95
9411,2026-04-05,Asia,South Korea,Monitor,4,2782.37,2126.88
9412,2025-03-30,North America,Mexico,Monitor,26,17770.53,10691.9
9413,2025-08-05,North America,Mexico,Tablet,10,3471.52,2336.57
9414,2025-10-10,South America,Brazil,Monitor,22,5582.63,3387.25
9415,2026-03-18,South America,Argentina,Smartphone,18,11975.47,7329.39
9416,2025-02-02,North America,Canada,Tablet,16,11471.3,7187.52
9417,2026-02-14,North America,Mexico,Smartphone,5,2606.05,1537.99
9418,2025-02-23,Europe,Italy,Tablet,24,16976.61,11941.34
9419,2026-04-08,North America,Mexico,Laptop,10,10721.39,7635.41
9420,2025-03-26,Europe,France,Tablet,5,1503.83,923.89
9421,2026-04-24,Asia,India,Monitor,1,340.29,247.02
9422,2026-03-04,South America,Chile,Laptop,22,35279.66,26904.99
9423,2025-05-04,South America,Chile,Monitor,5,1310.94,987.01
9424,2026-05-11,Europe,France,Smartphone,2,1224.37,944.52
9425,2026-06-04,Asia,South Korea,Tablet,20,13310.53,7459.01
9426,2025-04-09,South America,Chile,Monitor,12,5674.9,4025.84
9427,2025-08-19,South America,Argentina,Smartphone,6,6055.1,3660.3
9428,2025-02-09,South America,Brazil,Laptop,5,4502.37,3409.4
9429,2026-01-08,Europe,Spain,Monitor,27,8589.01,5941.7
9430,2026-05-12,Asia,Singapore,Headphones,18,1789.05,932.46
9431,2025-01-07,Asia,Singapore,Monitor,10,2077.51,1513.48
9432,2025-11-06,Asia,Singapore,Tablet,10,7789.14,5249.94
9433,2026-04-24,North America,Canada,Monitor,28,10997.16,7950.74
9434,2026-02-12,Asia,India,Smartphone,6,7141.72,4483.09
9435,2025-07-04,North America,United States,Laptop,30,44271.15,33029.23
9436,2026-05-10,South America,Brazil,Laptop,25,24857.96,18605.42
9437,2026-02-06,North America,Mexico,Laptop,18,22671.73,15202.71
9438,2026-05-03,Europe,Netherlands,Tablet,22,7599.17,4935.38
9439,2025-08-18,Asia,India,Headphones,1,153.06,92.47
9440,2025-03-31,South America,Chile,Monitor,27,7919.42,5841.23
9441,2025-09-06,Europe,United Kingdom,Smartphone,25,29702.99,17643.73
9442,2026-01-10,Europe,United Kingdom,Smartphone,16,9309.02,5515.72
9443,2026-03-26,South America,Argentina,Monitor,16,10581.43,6663.36
9444,2025-04-21,Asia,Malaysia,Monitor,30,11030.22,6770.19
9445,2025-09-12,North America,United States,Laptop,4,6957.06,4874.92
9446,2025-07-11,Asia,Japan,Tablet,19,7731.02,5479.91
9447,2025-09-18,North America,United States,Monitor,14,9284.34,6822.45
9448,2025-12-20,Asia,Japan,Smartphone,2,2201.11,1471.47
9449,2026-01-30,North America,Mexico,Monitor,3,1427.61,1013.31
9450,2025-06-22,North America,Canada,Headphones,4,638.2,306.72
9451,2025-03-18,Europe,Netherlands,Monitor,6,2038.01,1345.88
9452,2025-03-04,North America,United States,Headphones,6,569.84,334.41
9453,2026-02-28,Europe,Italy,Headphones,1,222.1,146.86
9454,2025-07-24,North America,United States,Headphones,23,3746.0,2391.0
9455,2025-06-03,North America,United States,Laptop,29,49039.35,37699.33
9456,2026-04-21,Europe,Netherlands,Smartphone,14,9674.79,7571.77
9457,2025-07-11,North America,Canada,Laptop,16,24443.87,17998.44
9458,2026-05-06,Asia,Malaysia,Laptop,23,24420.99,17067.2
9459,2025-03-15,Europe,Netherlands,Monitor,5,3285.43,2312.64
9460,2025-08-22,South America,Brazil,Smartphone,23,17132.71,10132.5
9461,2026-05-16,Europe,Italy,Monitor,6,3651.96,2514.58
9462,2025-05-29,North America,United States,Laptop,26,25106.3,15965.7
9463,2025-01-17,Asia,India,Headphones,7,2137.0,992.21
9464,2025-03-30,North America,Mexico,Smartphone,21,10451.39,6922.45
9465,2025-09-19,Europe,United Kingdom,Smartphone,3,2825.57,1958.37
9466,2026-06-13,Asia,Japan,Laptop,16,25952.68,16681.02
9467,2026-04-19,Asia,Malaysia,Headphones,17,3525.91,1767.55
9468,2026-04-07,South America,Brazil,Smartphone,30,34618.17,24222.7
9469,2025-11-06,Asia,Japan,Headphones,16,4176.91,2405.88
9470,2025-01-24,Europe,Germany,Monitor,27,14499.73,9764.46
9471,2026-03-14,North America,United States,Monitor,29,12422.8,7397.92
9472,2026-04-19,North America,United States,Tablet,8,6442.19,4320.27
9473,2025-03-09,Asia,Malaysia,Tablet,28,13580.29,7762.19
9474,2025-05-06,South America,Chile,Tablet,9,5600.7,3693.68
9475,2025-05-05,North America,Canada,Tablet,6,4215.95,2423.67
9476,2025-09-19,Europe,France,Tablet,23,14578.45,9272.85
9477,2026-01-07,North America,United States,Laptop,17,22524.74,14288.73
9478,2025-04-16,South America,Brazil,Laptop,29,38375.0,26574.65
9479,2025-11-29,Asia,India,Tablet,20,16021.38,11112.78
9480,2026-03-20,North America,Mexico,Monitor,23,4727.83,3353.32
9481,2025-05-18,North America,Canada,Monitor,28,12542.64,8400.41
9482,2025-08-30,Europe,Netherlands,Monitor,26,10853.36,6902.23
9483,2025-07-14,Asia,Singapore,Monitor,17,4077.39,3037.61
9484,2025-04-25,Europe,Netherlands,Laptop,26,31905.17,20364.09
9485,2026-06-17,South America,Argentina,Tablet,14,9077.4,6514.57
9486,2025-04-03,South America,Chile,Laptop,26,45987.85,35016.16
9487,2025-12-20,Europe,Italy,Tablet,20,7378.5,4829.05
9488,2026-05-21,Europe,Netherlands,Tablet,29,13539.75,8797.03
9489,2026-01-21,North America,Mexico,Smartphone,8,7997.74,5045.48
9490,2026-03-12,Europe,Spain,Laptop,4,5115.17,3393.75
9491,2026-06-15,North America,United States,Tablet,6,2767.51,1686.93
9492,2026-04-21,Europe,Spain,Smartphone,2,1412.36,1138.59
9493,2025-10-31,South America,Brazil,Headphones,1,288.01,161.35
9494,2025-07-17,North America,Mexico,Headphones,18,2430.38,1475.12
9495,2025-08-02,North America,Mexico,Headphones,30,9675.93,6094.11
9496,2026-01-05,Europe,France,Smartphone,8,3642.76,2529.85
9497,2026-02-23,North America,Canada,Smartphone,5,2978.8,1829.39
9498,2025-08-13,North America,Canada,Laptop,14,19839.85,13853.39
9499,2025-07-19,South America,Argentina,Monitor,26,7252.37,4413.55
9500,2025-08-24,South America,Brazil,Headphones,17,3878.84,1989.02
9501,2026-04-22,Europe,Netherlands,Monitor,24,12294.65,8982.66
9502,2025-10-16,North America,Canada,Smartphone,26,22861.47,16671.16
9503,2026-06-18,North America,United States,Smartphone,9,7105.99,5114.05
9504,2026-02-16,North America,Mexico,Tablet,23,10575.94,7227.14
9505,2025-01-01,South America,Argentina,Headphones,20,4794.67,2488.25
9506,2025-12-15,Asia,Japan,Headphones,7,1310.12,672.62
9507,2025-01-31,Europe,Germany,Headphones,16,2035.38,1220.59
9508,2025-07-13,Europe,France,Laptop,23,19071.03,12903.82
9509,2026-03-15,North America,Canada,Smartphone,22,12371.82,7900.78
9510,2025-05-07,South America,Chile,Laptop,3,4035.22,2779.22
9511,2025-04-21,Asia,South Korea,Tablet,2,1428.3,943.75
9512,2025-02-02,North America,Mexico,Laptop,17,27523.64,16993.82
9513,2026-05-21,South America,Brazil,Tablet,2,882.67,503.61
9514,2026-06-26,North America,Mexico,Monitor,27,9359.25,6102.71
9515,2025-07-06,Asia,Malaysia,Tablet,12,6526.1,4678.87
9516,2025-08-17,Asia,South Korea,Monitor,27,16853.03,12069.71
9517,2025-07-08,Asia,Singapore,Smartphone,28,31349.16,22446.54
9518,2026-05-25,Asia,India,Laptop,28,38027.69,29785.37
9519,2025-03-13,Asia,India,Tablet,3,936.5,596.62
9520,2025-01-19,North America,Mexico,Headphones,3,454.85,304.58
9521,2026-03-06,Europe,Netherlands,Tablet,13,4996.59,3577.96
9522,2025-08-11,Europe,Spain,Tablet,15,9690.26,6833.64
9523,2026-04-07,South America,Chile,Headphones,11,3036.58,1504.38
9524,2026-01-30,North America,Canada,Headphones,5,1224.16,611.47
9525,2025-07-30,South America,Brazil,Smartphone,8,9197.64,5396.2
9526,2025-01-08,North America,Canada,Laptop,13,19079.01,14117.6
9527,2025-06-05,Asia,Singapore,Smartphone,12,7175.53,4974.64
9528,2025-02-17,Europe,France,Headphones,26,6496.2,3056.51
9529,2025-10-23,Europe,Germany,Laptop,3,2808.17,1895.61
9530,2025-02-22,South America,Chile,Headphones,4,898.21,555.79
9531,2025-10-27,Europe,United Kingdom,Monitor,12,4896.62,3265.15
9532,2025-08-31,South America,Brazil,Monitor,2,1031.68,745.64
9533,2025-08-30,South America,Brazil,Monitor,23,8824.85,5655.29
9534,2026-01-18,Asia,Singapore,Tablet,24,10983.48,7533.36
9535,2025-05-10,Asia,Malaysia,Tablet,15,11366.59,7147.0
9536,2025-02-06,Europe,Spain,Monitor,10,5911.4,4399.97
9537,2025-01-02,Europe,Netherlands,Smartphone,13,6321.84,3895.71
9538,2025-04-11,North America,United States,Tablet,4,2505.76,1723.0
9539,2025-11-01,Europe,Germany,Tablet,17,15272.67,10484.65
9540,2025-12-10,South America,Brazil,Headphones,9,1659.52,887.61
9541,2025-10-06,North America,Canada,Headphones,27,5563.12,3039.4
9542,2026-01-13,South America,Brazil,Smartphone,8,5067.08,2975.71
9543,2025-03-25,North America,United States,Smartphone,20,8420.75,5195.59
9544,2025-04-02,North America,United States,Monitor,14,3954.98,2787.93
9545,2025-10-04,Asia,India,Laptop,5,7727.27,5435.69
9546,2025-07-09,Europe,Spain,Tablet,8,3627.65,2110.8
9547,2026-06-15,Asia,Singapore,Laptop,22,30776.24,22609.81
9548,2026-04-20,South America,Chile,Headphones,16,2191.55,1041.84
9549,2025-09-03,South America,Brazil,Smartphone,2,1948.02,1272.28
9550,2025-11-19,South America,Brazil,Smartphone,13,12849.34,8482.91
9551,2026-04-23,North America,Mexico,Monitor,17,11134.12,7624.32
9552,2025-08-02,North America,United States,Tablet,18,8842.88,5146.25
9553,2025-11-23,North America,Mexico,Headphones,19,3267.13,1674.18
9554,2025-04-18,North America,United States,Monitor,30,6810.57,4279.66
9555,2026-05-20,Asia,Singapore,Smartphone,1,1187.77,798.21
9556,2026-02-19,Europe,Italy,Tablet,21,7797.34,5537.7
9557,2025-11-04,Asia,Singapore,Laptop,19,31666.92,21884.13
9558,2025-07-16,Asia,South Korea,Tablet,23,13603.76,9197.42
9559,2025-04-14,North America,Canada,Laptop,17,22878.57,17133.03
9560,2025-07-26,North America,Mexico,Tablet,11,5092.23,2755.65
9561,2025-11-25,Asia,Malaysia,Monitor,12,3833.59,2366.66
9562,2025-09-18,South America,Argentina,Headphones,29,2801.83,1617.05
9563,2026-02-10,Asia,Singapore,Laptop,12,10773.25,7693.56
9564,2025-10-11,North America,United States,Smartphone,15,10348.76,6332.35
9565,2026-05-18,Europe,Germany,Tablet,6,4987.28,3641.77
9566,2025-01-22,Asia,Japan,Monitor,19,6124.05,4268.65
9567,2025-11-03,Europe,France,Laptop,4,3315.31,2238.94
9568,2026-06-17,Europe,Netherlands,Tablet,13,4105.19,2837.15
9569,2025-11-10,Asia,India,Headphones,14,2672.86,1498.18
9570,2025-07-22,North America,Mexico,Laptop,14,16463.34,10184.52
9571,2025-11-27,South America,Argentina,Smartphone,28,27361.08,16044.2
9572,2026-01-03,North America,Mexico,Tablet,7,3848.34,2199.9
9573,2025-08-16,Asia,India,Headphones,21,7287.02,3706.69
9574,2025-06-09,Europe,Netherlands,Laptop,18,16638.48,12131.33
9575,2025-02-11,Asia,Malaysia,Monitor,16,4729.31,3434.8
9576,2025-01-27,Europe,Italy,Monitor,26,17637.86,12279.88
9577,2026-06-13,Europe,Spain,Monitor,18,10574.38,7956.81
9578,2025-01-12,South America,Argentina,Monitor,17,9016.84,5840.53
9579,2025-07-24,Asia,India,Monitor,11,2378.63,1657.59
9580,2025-08-19,Europe,Netherlands,Smartphone,16,8195.44,5138.1
9581,2025-02-15,Europe,United Kingdom,Laptop,12,13258.61,10332.75
9582,2025-08-24,North America,Canada,Headphones,17,4120.09,2064.15
9583,2025-09-09,North America,United States,Headphones,11,3302.95,2104.62
9584,2025-07-02,North America,Mexico,Headphones,1,104.4,67.88
9585,2025-08-26,North America,Mexico,Tablet,19,10410.59,7153.18
9586,2025-02-06,Asia,Japan,Smartphone,2,1059.83,644.23
9587,2025-05-19,South America,Chile,Headphones,29,9070.16,4207.87
9588,2025-04-24,South America,Brazil,Headphones,12,2007.44,1071.5
9589,2025-12-29,Europe,United Kingdom,Laptop,21,28221.63,21224.68
9590,2026-04-23,South America,Brazil,Tablet,6,3190.3,1982.07
9591,2025-10-30,North America,United States,Monitor,16,7019.81,4935.09
9592,2025-09-21,Europe,Germany,Laptop,17,14284.59,10300.17
9593,2025-07-02,South America,Argentina,Headphones,4,539.13,282.49
9594,2026-05-04,North America,Mexico,Headphones,12,4018.44,2013.88
9595,2026-01-16,Asia,South Korea,Tablet,24,10293.08,6539.56
9596,2025-03-13,Europe,United Kingdom,Smartphone,15,8098.91,5161.43
9597,2025-12-19,South America,Brazil,Smartphone,16,8933.25,5549.11
9598,2025-11-11,Europe,Spain,Laptop,1,1559.97,1171.13
9599,2025-02-01,Europe,France,Tablet,6,1879.86,1286.43
9600,2025-05-16,South America,Argentina,Monitor,26,5565.01,4195.14
9601,2025-05-17,North America,Mexico,Headphones,12,4123.69,2261.01
9602,2026-04-29,North America,Canada,Laptop,4,3717.32,2566.7
9603,2026-05-29,North America,United States,Laptop,16,28365.01,18098.76
9604,2026-05-13,North America,Mexico,Smartphone,3,3555.7,2380.6
9605,2025-02-26,North America,Canada,Headphones,24,5570.33,3675.38
9606,2025-03-30,Asia,South Korea,Monitor,4,1673.34,1189.56
9607,2026-06-22,North America,Mexico,Headphones,21,5927.29,3380.54
9608,2025-03-19,Asia,South Korea,Smartphone,23,18972.42,13657.84
9609,2026-04-08,North America,United States,Tablet,12,8246.37,5559.78
9610,2025-01-04,South America,Brazil,Smartphone,7,7795.26,5273.87
9611,2026-06-18,South America,Brazil,Smartphone,28,31832.45,19285.45
9612,2025-10-08,Asia,Malaysia,Headphones,12,3388.22,1945.28
9613,2025-10-27,South America,Chile,Smartphone,9,5803.88,3650.24
9614,2026-02-04,Asia,Singapore,Monitor,9,3964.29,2779.3
9615,2025-12-13,Europe,France,Laptop,3,2443.39,1885.89
9616,2026-01-17,Asia,Japan,Laptop,28,39900.75,25732.99
9617,2025-12-30,Europe,France,Smartphone,14,14535.7,10124.26
9618,2026-06-24,South America,Argentina,Laptop,17,24771.97,19238.91
9619,2025-08-26,Asia,Japan,Tablet,4,1371.61,921.2
9620,2025-12-03,Asia,Japan,Tablet,24,11009.07,7442.13
9621,2025-10-21,North America,Canada,Laptop,7,6159.77,4153.78
9622,2025-04-16,Europe,Germany,Smartphone,27,14220.31,9316.74
9623,2026-05-08,Asia,India,Headphones,4,635.94,333.11
9624,2025-08-17,South America,Argentina,Monitor,9,4988.64,3536.44
9625,2026-01-19,Europe,Italy,Smartphone,25,22826.6,13257.92
9626,2026-02-21,North America,Mexico,Tablet,27,16325.93,9904.24
9627,2026-04-05,Europe,United Kingdom,Headphones,3,580.77,432.26
9628,2025-12-28,North America,Mexico,Laptop,26,32202.32,23678.43
9629,2026-02-01,North America,United States,Laptop,25,25416.92,15719.79
9630,2025-04-27,South America,Brazil,Tablet,16,13547.28,7819.82
9631,2025-06-27,Asia,Malaysia,Tablet,11,4622.89,2666.47
9632,2026-02-20,North America,United States,Monitor,10,5962.79,4356.45
9633,2025-04-11,Europe,United Kingdom,Tablet,28,8576.09,5473.55
9634,2025-08-19,Europe,Netherlands,Headphones,9,2589.37,1176.54
9635,2026-04-23,South America,Chile,Laptop,23,32506.11,20347.77
9636,2026-04-20,South America,Argentina,Headphones,23,2335.3,1104.98
9637,2026-05-27,Europe,Netherlands,Headphones,15,3303.25,1808.84
9638,2026-04-04,North America,Mexico,Headphones,30,7917.6,4252.72
9639,2026-05-13,Europe,Italy,Tablet,14,8165.82,6082.21
9640,2026-06-23,South America,Argentina,Monitor,26,15992.03,10964.04
9641,2025-05-02,South America,Chile,Smartphone,1,561.05,375.38
9642,2026-01-12,Asia,Malaysia,Tablet,15,10007.66,6979.48
9643,2025-03-09,North America,Canada,Laptop,22,25689.41,15745.03
9644,2026-06-11,North America,United States,Laptop,18,24355.97,15212.28
9645,2026-01-25,South America,Chile,Monitor,7,2351.43,1782.68
9646,2025-11-25,Europe,Netherlands,Tablet,20,16744.67,11670.1
9647,2026-04-09,North America,Canada,Laptop,23,40298.67,28266.11
9648,2025-10-25,Europe,France,Smartphone,4,4760.76,3502.83
9649,2025-10-22,Asia,South Korea,Headphones,7,1718.63,1098.55
9650,2026-01-27,North America,Canada,Laptop,8,12905.35,9183.61
9651,2025-12-28,South America,Brazil,Laptop,4,4889.73,3797.51
9652,2025-12-22,Europe,Netherlands,Smartphone,6,5915.22,4267.98
9653,2025-03-05,Asia,Japan,Headphones,25,5004.59,3377.42
9654,2025-07-13,Europe,France,Headphones,4,1294.38,799.94
9655,2026-02-06,Europe,United Kingdom,Laptop,19,22726.43,16632.56
9656,2025-07-08,South America,Brazil,Headphones,6,724.01,455.8
9657,2026-01-01,Asia,South Korea,Monitor,6,1556.33,950.74
9658,2026-01-04,Asia,Japan,Monitor,5,2098.5,1325.69
9659,2025-02-11,South America,Argentina,Monitor,12,8220.97,6090.84
9660,2025-01-16,North America,Mexico,Monitor,7,4771.36,2998.71
9661,2025-11-28,Asia,South Korea,Tablet,12,10675.75,7477.55
9662,2025-03-04,Asia,India,Monitor,18,10984.3,7691.06
9663,2026-06-13,Europe,Italy,Laptop,9,15688.35,12711.58
9664,2026-05-15,Asia,Malaysia,Tablet,5,2837.84,1888.35
9665,2025-03-28,Europe,Italy,Smartphone,15,14325.38,9507.53
9666,2025-01-30,Europe,United Kingdom,Monitor,5,1003.84,713.58
9667,2026-06-28,Asia,Japan,Headphones,15,3478.13,2292.02
9668,2026-05-15,Europe,Spain,Monitor,16,3512.17,2427.1
9669,2025-06-22,North America,Mexico,Smartphone,9,5642.23,3294.86
9670,2025-05-10,Asia,Japan,Laptop,1,1695.32,1338.37
9671,2026-04-29,North America,United States,Laptop,19,18703.3,13593.56
9672,2025-09-27,Asia,South Korea,Laptop,26,36119.95,23999.5
9673,2026-06-11,Europe,Spain,Laptop,8,12611.04,9207.22
9674,2026-04-13,Europe,United Kingdom,Headphones,26,5946.09,3448.52
9675,2025-02-12,North America,Mexico,Tablet,12,3779.35,2595.91
9676,2025-05-16,South America,Chile,Tablet,22,18325.17,11775.46
9677,2026-02-11,North America,Mexico,Laptop,20,35198.91,23049.04
9678,2025-11-03,South America,Chile,Monitor,9,4260.42,2662.76
9679,2025-07-14,Asia,Malaysia,Monitor,9,2542.87,1687.33
9680,2025-11-07,South America,Argentina,Monitor,3,1997.5,1516.91
9681,2026-05-13,North America,United States,Monitor,12,7289.73,4935.7
9682,2025-11-02,Europe,Italy,Monitor,26,6303.28,3933.38
9683,2025-12-20,Europe,Germany,Laptop,14,20557.94,15411.78
9684,2025-06-10,North America,Mexico,Laptop,27,36573.14,22901.98
9685,2026-02-24,Europe,Italy,Monitor,6,3420.45,2064.84
9686,2026-02-14,Asia,South Korea,Smartphone,3,2103.96,1332.65
9687,2025-07-04,Europe,France,Laptop,13,12933.95,9640.92
9688,2025-03-11,Europe,Spain,Smartphone,9,5449.43,3319.36
9689,2026-01-01,North America,United States,Tablet,26,14594.82,9198.93
9690,2026-02-04,North America,United States,Headphones,26,4844.58,2269.12
9691,2026-05-19,Asia,Singapore,Monitor,30,17720.04,13088.1
9692,2025-08-02,Europe,Spain,Headphones,19,4037.87,2220.21
9693,2025-02-18,North America,Canada,Monitor,5,1043.33,689.5
9694,2025-10-22,North America,Canada,Laptop,19,27067.87,19400.06
9695,2026-05-04,Asia,Singapore,Smartphone,28,25243.67,15920.67
9696,2025-04-04,Europe,United Kingdom,Laptop,15,21841.7,16244.58
9697,2025-08-25,South America,Chile,Monitor,27,9617.48,5973.41
9698,2025-01-11,South America,Brazil,Smartphone,17,17848.7,12776.13
9699,2025-10-26,Asia,South Korea,Laptop,28,43307.45,32322.68
9700,2025-05-27,North America,Canada,Laptop,14,20544.18,13509.25
9701,2025-05-17,Asia,Japan,Tablet,23,13042.33,9108.6
9702,2025-04-10,South America,Chile,Tablet,2,1552.41,927.76
9703,2026-05-29,North America,United States,Tablet,4,1838.62,1192.01
9704,2026-01-08,South America,Argentina,Monitor,30,11918.74,8302.15
9705,2025-03-23,Europe,Germany,Smartphone,24,27271.22,17500.11
9706,2025-09-04,North America,Canada,Tablet,21,13586.16,8981.99
9707,2025-10-07,South America,Argentina,Monitor,15,5669.91,3656.25
9708,2026-03-09,South America,Argentina,Monitor,30,12617.54,8086.48
9709,2025-04-06,Asia,Singapore,Headphones,4,744.44,442.47
9710,2025-10-13,Europe,France,Smartphone,10,10230.04,6197.61
9711,2026-03-10,North America,Mexico,Tablet,7,5047.31,3473.97
9712,2025-10-18,North America,Mexico,Smartphone,4,2579.73,1509.69
9713,2025-01-17,North America,Mexico,Headphones,7,1156.08,673.77
9714,2025-02-24,North America,Mexico,Laptop,25,35453.73,24806.54
9715,2026-03-09,North America,United States,Tablet,13,8433.8,5016.9
9716,2025-03-29,Asia,South Korea,Monitor,12,3627.03,2477.86
9717,2025-02-03,Europe,United Kingdom,Monitor,18,5549.69,3556.72
9718,2025-01-18,Europe,Italy,Tablet,2,1762.25,1146.11
9719,2025-03-02,Asia,Singapore,Tablet,29,25444.73,14734.64
9720,2026-03-17,North America,United States,Smartphone,24,23010.43,16392.75
9721,2025-06-29,Asia,India,Headphones,11,2619.54,1206.54
9722,2025-07-15,Europe,France,Laptop,12,13642.81,9710.09
9723,2026-01-13,Asia,Singapore,Laptop,20,29890.09,19362.61
9724,2026-02-05,North America,Canada,Smartphone,13,13625.25,8023.82
9725,2025-03-30,Europe,Netherlands,Monitor,25,5003.6,3106.1
9726,2025-02-15,Asia,Japan,Tablet,7,4356.64,2733.68
9727,2025-10-21,North America,Mexico,Headphones,4,827.32,393.72
9728,2025-03-14,South America,Argentina,Laptop,10,16343.61,12714.26
9729,2025-05-04,Europe,Germany,Tablet,29,25854.15,16650.49
9730,2025-07-02,South America,Brazil,Laptop,16,16552.7,10301.03
9731,2025-05-06,North America,United States,Headphones,27,7729.59,3858.67
9732,2025-02-12,Asia,Singapore,Tablet,21,13658.89,8571.45
9733,2026-04-18,Asia,India,Smartphone,22,10687.77,6506.25
9734,2025-03-18,Asia,Singapore,Smartphone,9,8700.65,5664.04
9735,2026-02-02,Asia,Malaysia,Laptop,7,12054.56,9147.87
9736,2025-07-02,Europe,United Kingdom,Smartphone,19,11794.95,8464.16
9737,2025-01-15,South America,Brazil,Laptop,27,47171.24,32409.22
9738,2025-04-26,Asia,India,Tablet,23,20498.41,12438.19
9739,2025-10-16,North America,Canada,Tablet,8,5371.59,3289.36
9740,2025-03-05,Europe,Italy,Tablet,17,6212.03,3630.02
9741,2025-07-13,North America,United States,Smartphone,23,13699.95,8748.52
9742,2025-10-09,Europe,Italy,Tablet,4,2403.39,1597.1
9743,2026-04-05,North America,Canada,Tablet,18,6933.14,4873.73
9744,2025-09-25,Asia,Malaysia,Monitor,18,10314.37,7791.55
9745,2026-01-20,Europe,France,Smartphone,29,34764.51,22056.64
9746,2026-06-18,South America,Chile,Laptop,30,34142.19,23786.41
9747,2025-07-30,Europe,Netherlands,Headphones,2,419.87,201.23
9748,2025-09-14,North America,Canada,Smartphone,13,9631.22,6170.89
9749,2025-04-11,Asia,Malaysia,Monitor,24,6942.25,4811.33
9750,2025-09-10,Asia,Malaysia,Headphones,15,2552.81,1461.63
9751,2025-05-01,Europe,France,Laptop,10,9968.58,7313.98
9752,2025-07-15,Asia,Malaysia,Tablet,6,5036.1,3664.06
9753,2026-06-09,Asia,Malaysia,Headphones,4,1149.93,762.85
9754,2026-01-12,South America,Brazil,Tablet,2,810.78,536.59
9755,2025-10-16,North America,Canada,Monitor,30,6279.67,3986.92
9756,2025-03-22,Asia,Japan,Tablet,16,9816.18,7056.04
9757,2025-06-08,North America,Mexico,Tablet,30,11352.44,7848.61
9758,2025-02-15,South America,Chile,Headphones,10,1381.25,809.61
9759,2025-08-17,South America,Brazil,Monitor,23,6267.14,4183.72
9760,2025-06-01,Asia,Malaysia,Laptop,20,18746.36,12697.05
9761,2026-05-30,South America,Argentina,Tablet,26,11800.28,7212.13
9762,2025-01-16,Asia,India,Headphones,14,3026.59,1966.86
9763,2026-01-05,Asia,South Korea,Headphones,27,6513.04,3461.23
9764,2026-06-13,Europe,Netherlands,Smartphone,20,18251.89,12907.27
9765,2025-10-19,Asia,South Korea,Monitor,4,1931.93,1403.19
9766,2025-03-24,Europe,Spain,Headphones,9,988.89,609.57
9767,2026-02-13,North America,Canada,Monitor,16,4486.31,2716.17
9768,2026-05-30,North America,Canada,Laptop,24,37761.94,27852.29
9769,2026-04-03,Europe,Spain,Smartphone,7,3292.96,2485.01
9770,2026-01-22,Europe,Italy,Smartphone,12,9715.22,6483.6
9771,2026-06-13,North America,Mexico,Tablet,30,22199.84,15583.66
9772,2025-05-01,Europe,United Kingdom,Tablet,11,7338.01,4150.07
9773,2025-06-29,North America,United States,Smartphone,4,3635.17,2464.24
9774,2026-05-04,North America,Mexico,Tablet,26,14719.65,8885.04
9775,2026-03-10,Asia,South Korea,Tablet,4,3245.51,1937.59
9776,2026-04-26,Europe,United Kingdom,Monitor,2,1109.12,788.43
9777,2026-04-10,Europe,Netherlands,Smartphone,12,5017.17,3942.39
9778,2025-07-09,Europe,Netherlands,Smartphone,1,1142.24,702.52
9779,2026-01-12,Europe,France,Headphones,21,5413.5,3664.38
9780,2025-12-05,Europe,Spain,Monitor,21,6111.28,3924.87
9781,2025-06-03,North America,United States,Tablet,12,7246.26,4486.91
9782,2025-08-27,North America,Mexico,Laptop,26,44788.26,34399.13
9783,2026-06-10,North America,Canada,Smartphone,28,14996.8,8922.16
9784,2026-03-26,South America,Brazil,Smartphone,12,10854.69,7673.36
9785,2025-10-18,North America,Mexico,Tablet,30,14658.23,8625.35
9786,2025-06-11,Europe,United Kingdom,Tablet,24,21272.65,14322.19
9787,2026-04-09,Asia,Malaysia,Laptop,6,8402.42,6176.59
9788,2026-02-16,South America,Brazil,Smartphone,21,14549.85,10453.05
9789,2025-08-30,South America,Brazil,Monitor,24,7386.09,4675.21
9790,2025-01-04,Europe,Italy,Laptop,20,35501.54,26184.54
9791,2025-12-31,South America,Argentina,Smartphone,5,4381.65,2803.69
9792,2025-05-03,South America,Argentina,Smartphone,3,3301.45,2279.7
9793,2026-04-30,North America,Mexico,Monitor,7,3138.88,2262.04
9794,2025-02-22,Asia,India,Smartphone,14,10003.54,7431.89
9795,2026-06-13,South America,Chile,Laptop,5,5929.9,4161.71
9796,2025-04-30,South America,Argentina,Headphones,9,2926.11,1330.12
9797,2025-08-20,Europe,Spain,Headphones,14,2374.96,1246.68
9798,2025-07-10,South America,Argentina,Laptop,15,14353.33,9525.22
9799,2026-03-04,Europe,Germany,Smartphone,29,18423.46,10685.77
9800,2026-01-18,Asia,Malaysia,Monitor,1,620.2,415.34
9801,2026-05-04,Europe,Spain,Headphones,9,2351.81,1621.07
9802,2026-04-01,North America,Canada,Laptop,28,49391.99,30289.52
9803,2026-05-04,Europe,Italy,Tablet,22,19760.32,12618.16
9804,2026-04-30,Europe,Netherlands,Smartphone,22,14438.2,11376.88
9805,2026-03-05,Europe,Germany,Tablet,28,22619.49,14847.69
9806,2025-07-06,North America,Mexico,Laptop,26,24374.21,16581.36
9807,2025-07-08,Europe,Germany,Tablet,18,6089.49,3586.39
9808,2025-01-31,Asia,Malaysia,Tablet,7,2567.24,1773.01
9809,2025-11-28,Europe,United Kingdom,Smartphone,5,5539.81,4081.72
9810,2025-07-30,North America,Canada,Laptop,27,43595.9,30532.82
9811,2025-01-30,South America,Brazil,Smartphone,16,17380.57,12214.44
9812,2026-01-28,South America,Brazil,Headphones,29,2801.82,1752.27
9813,2026-03-15,Europe,United Kingdom,Laptop,23,28054.86,17519.6
9814,2025-04-08,Europe,Spain,Smartphone,6,5048.01,3150.36
9815,2025-04-10,North America,Mexico,Tablet,2,1145.2,622.36
9816,2025-07-26,Asia,Singapore,Smartphone,4,3054.45,2163.13
9817,2025-10-25,South America,Brazil,Tablet,29,20350.15,11733.32
9818,2025-10-25,Europe,Germany,Smartphone,30,18252.23,11443.53
9819,2025-04-17,Asia,South Korea,Headphones,19,2203.55,1430.2
9820,2026-01-14,Asia,Singapore,Smartphone,16,9470.27,5897.56
9821,2026-02-24,North America,Canada,Laptop,23,39695.95,30370.72
9822,2025-10-02,North America,Canada,Headphones,21,6487.4,3509.6
9823,2025-08-09,Europe,Spain,Tablet,16,10249.07,6664.53
9824,2025-12-05,Europe,France,Smartphone,20,19958.43,14355.88
9825,2025-09-19,Asia,India,Monitor,21,11495.96,7580.78
9826,2026-04-11,North America,Canada,Headphones,21,5759.58,3508.07
9827,2025-06-22,Asia,India,Monitor,27,17216.86,10817.75
9828,2025-11-14,South America,Argentina,Laptop,21,37776.25,29045.37
9829,2026-03-09,Europe,Germany,Laptop,17,17848.78,12233.09
9830,2025-03-10,Europe,Spain,Laptop,26,44201.79,31272.46
9831,2025-04-10,Asia,South Korea,Headphones,2,220.77,103.79
9832,2026-04-16,Europe,Spain,Tablet,9,6469.07,4353.77
9833,2025-11-20,Asia,Japan,Tablet,13,7565.37,4351.57
9834,2025-03-07,North America,United States,Laptop,1,1368.27,913.95
9835,2025-05-16,South America,Argentina,Headphones,21,6986.32,3257.7
9836,2025-12-16,North America,United States,Tablet,26,14564.83,9549.77
9837,2025-01-12,Europe,Germany,Headphones,17,3848.52,2193.07
9838,2026-04-28,South America,Argentina,Laptop,10,10399.61,7939.57
9839,2025-06-19,Asia,Japan,Headphones,12,2016.02,1368.53
9840,2025-07-14,Europe,United Kingdom,Headphones,8,1406.83,806.6
9841,2025-03-15,Europe,Netherlands,Monitor,7,1900.93,1267.14
9842,2025-03-15,Europe,France,Monitor,16,6810.46,4182.6
9843,2025-01-10,Asia,Singapore,Smartphone,26,19855.6,13809.36
9844,2025-08-13,Asia,Singapore,Headphones,11,1219.51,839.38
9845,2025-03-11,North America,Mexico,Tablet,2,1397.18,872.02
9846,2026-03-18,South America,Brazil,Smartphone,19,14563.19,9897.84
9847,2026-06-19,Europe,Germany,Headphones,17,2023.03,1424.23
9848,2025-02-18,South America,Argentina,Laptop,11,16127.29,11977.51
9849,2026-01-08,North America,Mexico,Monitor,25,5563.47,3410.71
9850,2025-08-17,South America,Argentina,Monitor,19,10603.32,7051.59
9851,2025-09-13,Asia,Singapore,Tablet,19,10172.69,5748.77
9852,2026-05-13,Europe,France,Headphones,21,4342.35,3253.11
9853,2026-05-23,Asia,Japan,Headphones,1,177.41,86.37
9854,2025-06-09,Europe,Italy,Monitor,6,3009.0,2128.97
9855,2026-01-31,Asia,South Korea,Smartphone,9,4817.58,3276.94
9856,2025-03-02,North America,United States,Monitor,18,6521.35,4563.6
9857,2025-10-25,South America,Brazil,Monitor,17,7880.31,5146.55
9858,2026-06-03,Asia,Japan,Laptop,20,17542.56,13375.25
9859,2025-08-23,Asia,India,Tablet,10,3758.86,2410.64
9860,2025-11-30,Asia,Singapore,Headphones,25,4337.63,2246.48
9861,2025-12-25,Europe,United Kingdom,Tablet,14,5614.23,3111.49
9862,2025-11-13,North America,United States,Monitor,30,9235.93,6076.93
9863,2026-01-31,North America,United States,Monitor,2,453.14,283.36
9864,2026-03-28,Europe,United Kingdom,Monitor,9,5390.29,3334.88
9865,2025-02-10,South America,Chile,Monitor,1,387.45,274.27
9866,2026-05-28,Europe,Netherlands,Headphones,25,4200.27,2799.49
9867,2025-01-07,Asia,Malaysia,Headphones,4,997.51,470.82
9868,2026-06-04,Europe,Italy,Smartphone,9,4682.64,3137.01
9869,2025-12-04,Asia,India,Headphones,23,4601.44,2605.54
9870,2025-06-05,South America,Chile,Monitor,25,17415.31,11540.15
9871,2026-04-01,Asia,Singapore,Headphones,11,3523.01,2043.61
9872,2026-03-23,Europe,Germany,Tablet,23,7394.07,4731.96
9873,2025-11-27,North America,Mexico,Laptop,23,25097.84,16871.28
9874,2025-03-11,South America,Argentina,Headphones,6,2033.8,982.09
9875,2025-03-08,North America,United States,Monitor,3,1324.68,890.34
9876,2026-04-27,Europe,Netherlands,Headphones,14,3029.44,2203.49
9877,2026-05-01,Asia,India,Laptop,25,30925.71,22161.49
9878,2025-11-19,North America,Canada,Laptop,8,8150.12,5839.93
9879,2025-04-04,South America,Brazil,Tablet,18,14918.42,8783.67
9880,2025-02-06,North America,Mexico,Smartphone,29,20507.15,12160.27
9881,2026-01-16,South America,Chile,Laptop,22,24928.32,19255.3
9882,2025-09-03,Europe,United Kingdom,Headphones,26,8770.32,5833.96
9883,2026-05-27,South America,Brazil,Tablet,1,468.45,291.77
9884,2025-04-05,Europe,Germany,Laptop,14,24764.34,18965.1
9885,2025-03-08,North America,Mexico,Headphones,28,2754.53,1450.04
9886,2026-06-26,Asia,Japan,Headphones,23,5205.59,2782.77
9887,2026-03-15,South America,Brazil,Tablet,12,3724.79,2097.3
9888,2025-03-15,South America,Chile,Tablet,28,9356.29,5507.34
9889,2026-04-21,North America,Mexico,Smartphone,13,11919.96,7131.57
9890,2025-03-09,North America,United States,Monitor,29,7213.85,5344.74
9891,2026-06-23,Europe,France,Tablet,3,1490.17,1119.68
9892,2025-03-10,Asia,India,Headphones,8,2347.28,1194.38
9893,2026-04-11,Asia,India,Laptop,22,26098.78,19768.17
9894,2025-06-13,South America,Chile,Tablet,15,6544.64,4425.78
9895,2026-04-18,North America,Canada,Tablet,21,7596.08,4812.23
9896,2025-11-12,North America,United States,Laptop,16,14822.27,10873.85
9897,2025-10-07,Europe,France,Monitor,13,4304.23,2788.39
9898,2025-03-23,Asia,Japan,Laptop,30,41796.66,32113.14
9899,2025-09-18,North America,Canada,Smartphone,23,26079.94,18299.03
9900,2025-11-28,North America,Mexico,Tablet,26,9754.19,6112.16
9901,2025-03-14,North America,United States,Smartphone,25,17840.78,10747.71
9902,2025-12-26,North America,Mexico,Monitor,28,7119.64,4441.04
9903,2025-07-14,Asia,India,Tablet,14,5036.13,3587.38
9904,2025-08-21,Europe,Germany,Laptop,22,32037.09,21114.37
9905,2025-05-24,Asia,South Korea,Monitor,23,12514.05,7741.93
9906,2025-07-04,Europe,France,Tablet,24,16301.97,11016.99
9907,2025-06-05,Europe,Germany,Laptop,4,5266.24,3290.31
9908,2025-08-10,Europe,Spain,Monitor,19,9214.8,6833.81
9909,2025-07-31,Europe,Spain,Laptop,7,9213.91,6669.64
9910,2025-03-26,South America,Brazil,Smartphone,1,1086.74,773.36
9911,2026-06-07,Asia,Malaysia,Headphones,14,3603.98,2208.14
9912,2026-06-03,Europe,Spain,Laptop,9,9325.99,7668.84
9913,2026-06-16,South America,Brazil,Headphones,8,2547.51,1362.74
9914,2025-01-09,North America,Mexico,Headphones,25,5050.41,2987.66
9915,2026-03-23,Europe,Italy,Monitor,18,8054.42,4898.99
9916,2025-10-14,North America,Canada,Tablet,9,3555.94,2040.89
9917,2025-12-19,South America,Argentina,Headphones,9,788.66,486.51
9918,2025-07-10,South America,Brazil,Smartphone,19,8214.27,5401.14
9919,2026-01-17,North America,United States,Smartphone,30,33518.57,20519.34
9920,2025-02-07,Europe,United Kingdom,Monitor,13,6115.74,4207.71
9921,2025-08-01,South America,Brazil,Headphones,25,2727.41,1789.12
9922,2026-02-06,North America,Mexico,Monitor,14,7539.97,5317.7
9923,2025-04-20,North America,United States,Smartphone,27,16657.44,11760.97
9924,2025-12-15,North America,Canada,Smartphone,14,10692.38,7492.12
9925,2025-07-12,Asia,South Korea,Smartphone,7,4259.23,2977.97
9926,2025-03-01,Europe,Germany,Monitor,12,8282.75,6139.92
9927,2026-01-22,South America,Brazil,Tablet,10,6959.62,4288.01
9928,2026-06-16,North America,Mexico,Laptop,17,25391.99,18742.78
9929,2025-12-25,South America,Brazil,Laptop,16,13492.07,8616.27
9930,2025-09-20,Europe,France,Smartphone,22,12567.62,8577.07
9931,2026-03-04,Europe,Italy,Tablet,17,8514.34,5192.26
9932,2025-07-02,North America,United States,Headphones,22,3547.32,1735.81
9933,2025-01-20,North America,Mexico,Headphones,26,8989.2,5058.93
9934,2026-02-09,Europe,Spain,Laptop,16,17347.53,11975.71
9935,2025-11-20,South America,Argentina,Headphones,5,983.56,490.93
9936,2026-03-21,Europe,Netherlands,Laptop,30,39216.23,28446.8
9937,2025-08-28,Europe,France,Monitor,12,8196.93,5836.04
9938,2025-02-05,South America,Argentina,Tablet,14,7875.73,5603.76
9939,2025-08-09,Asia,Singapore,Laptop,19,28630.46,20128.31
9940,2025-11-25,North America,Canada,Laptop,4,5979.79,4290.74
9941,2025-07-24,Asia,Japan,Tablet,28,23317.07,13958.74
9942,2025-04-02,South America,Chile,Smartphone,22,17368.11,10875.84
9943,2026-03-09,Asia,India,Headphones,17,2994.87,1890.8
9944,2025-01-21,Asia,South Korea,Laptop,27,39919.92,25931.01
9945,2026-06-18,North America,United States,Monitor,7,4559.96,2842.15
9946,2025-03-27,Europe,Italy,Headphones,28,7579.57,5009.03
9947,2026-04-26,South America,Chile,Headphones,10,1930.76,1297.96
9948,2026-01-16,North America,United States,Laptop,24,35927.93,22435.09
9949,2026-03-06,South America,Chile,Smartphone,16,8508.26,5243.62
9950,2025-11-07,Europe,Germany,Headphones,18,1886.48,1094.16
9951,2026-03-27,North America,United States,Headphones,30,3004.08,1669.39
9952,2025-05-10,South America,Brazil,Tablet,29,22468.89,15736.89
9953,2025-07-18,Europe,Spain,Tablet,17,6829.24,4381.08
9954,2025-05-24,South America,Argentina,Smartphone,9,5111.46,3452.23
9955,2026-03-19,Asia,Singapore,Monitor,24,6053.09,4465.11
9956,2026-06-26,South America,Chile,Headphones,25,3329.35,2256.91
9957,2026-04-29,Asia,South Korea,Tablet,11,6341.62,3886.83
9958,2026-04-03,Asia,South Korea,Tablet,22,16421.76,10858.54
9959,2025-07-26,Europe,Netherlands,Headphones,18,1565.68,731.24
9960,2025-09-11,Asia,South Korea,Monitor,17,4276.64,2707.98
9961,2025-04-21,North America,Canada,Tablet,30,23358.14,13247.46
9962,2025-08-13,South America,Brazil,Headphones,22,5274.15,2921.77
9963,2025-01-21,North America,Mexico,Laptop,9,14688.9,9750.43
9964,2026-02-28,Europe,France,Monitor,9,2675.96,1709.85
9965,2025-02-03,South America,Brazil,Smartphone,29,23333.18,15219.8
9966,2025-12-14,North America,Mexico,Headphones,10,901.19,399.75
9967,2025-06-03,Europe,Germany,Headphones,19,4014.67,2449.32
9968,2026-06-15,North America,Canada,Monitor,23,4652.49,3250.34
9969,2026-02-20,South America,Chile,Monitor,22,9264.55,5862.06
9970,2025-07-11,South America,Chile,Smartphone,13,11838.06,6926.77
9971,2026-05-21,Europe,Netherlands,Headphones,16,4459.44,3323.29
9972,2025-07-07,Europe,Italy,Headphones,17,5894.93,3936.1
9973,2025-09-07,Europe,Germany,Laptop,29,45157.08,30915.01
9974,2025-05-14,North America,United States,Headphones,24,3157.19,1831.79
9975,2025-06-03,South America,Argentina,Monitor,16,5487.27,3513.83
9976,2025-11-26,South America,Chile,Smartphone,24,23493.88,14295.72
9977,2025-12-03,Europe,United Kingdom,Tablet,21,11112.64,7503.47
9978,2026-06-18,North America,Mexico,Headphones,27,8261.8,3657.07
9979,2026-01-19,North America,Canada,Monitor,10,2904.9,1727.12
9980,2026-06-30,Asia,Japan,Tablet,26,23331.41,15690.61
9981,2025-04-07,North America,United States,Tablet,7,4940.03,3221.41
9982,2025-03-03,Europe,France,Monitor,28,18463.91,13028.14
9983,2025-06-10,North America,United States,Headphones,13,3170.3,1700.65
9984,2026-05-19,Asia,Malaysia,Tablet,8,5411.27,3319.93
9985,2025-04-22,Asia,Japan,Laptop,16,14994.27,11424.18
9986,2025-11-22,Europe,United Kingdom,Monitor,1,288.66,181.69
9987,2025-10-03,South America,Chile,Laptop,8,7750.06,5947.74
9988,2025-03-28,Asia,Japan,Monitor,18,11486.05,7037.47
9989,2026-02-02,North America,United States,Headphones,22,4189.4,2792.96
9990,2025-06-01,Asia,Malaysia,Tablet,11,5717.04,3628.03
9991,2025-07-13,Asia,India,Laptop,23,34674.69,24786.76
9992,2025-05-12,North America,Canada,Headphones,4,557.53,325.85
9993,2025-04-14,Europe,Spain,Tablet,11,7632.68,4828.43
9994,2025-10-14,Europe,Spain,Smartphone,14,8452.01,5997.23
9995,2026-01-27,North America,United States,Tablet,27,9867.31,6819.14
9996,2026-06-06,Asia,Japan,Smartphone,10,4901.53,3417.88
9997,2025-06-19,North America,United States,Laptop,1,927.15,592.1
9998,2025-06-11,Europe,France,Headphones,19,4790.62,2305.35
9999,2025-11-19,Europe,United Kingdom,Smartphone,16,9388.21,5499.58
10000,2025-05-21,Europe,Netherlands,Tablet,26,22409.69,14678.19
10001,2026-02-06,Europe,Germany,Laptop,20,32457.76,23139.68
10002,2025-08-18,Asia,India,Laptop,11,15517.54,11023.43
10003,2025-11-01,Asia,Malaysia,Laptop,26,28425.75,20877.96
10004,2025-09-10,North America,United States,Headphones,21,3407.46,2052.87
10005,2026-04-25,Europe,Italy,Monitor,8,1686.2,1175.24
10006,2025-04-16,Europe,United Kingdom,Tablet,26,22175.26,14954.44
10007,2026-03-22,South America,Brazil,Laptop,22,24032.26,18528.14
10008,2025-01-02,North America,Mexico,Headphones,17,1989.64,887.97
10009,2025-09-26,North America,Canada,Smartphone,21,18909.96,12684.1
10010,2025-07-12,Asia,South Korea,Smartphone,14,14186.95,8699.64
10011,2025-07-29,South America,Brazil,Tablet,21,15492.92,8853.68
10012,2025-11-19,South America,Argentina,Monitor,23,13000.52,9087.58
10013,2025-04-07,South America,Argentina,Laptop,29,51632.36,35844.56
10014,2025-11-15,North America,Mexico,Laptop,4,4113.12,2738.13
10015,2026-04-07,Asia,Singapore,Smartphone,8,7351.17,4531.35
10016,2026-04-11,Europe,Italy,Smartphone,1,716.83,521.89
10017,2026-06-06,South America,Chile,Monitor,27,6963.71,4382.05
10018,2025-03-04,Asia,Japan,Headphones,23,3980.18,1872.17
10019,2025-01-15,Asia,South Korea,Laptop,14,23296.04,17604.83
10020,2026-06-17,North America,Canada,Laptop,4,4477.06,3040.31
10021,2025-05-14,Asia,Singapore,Headphones,9,1979.62,1194.24
10022,2025-01-19,South America,Brazil,Tablet,11,8769.05,5938.7
10023,2025-07-10,South America,Chile,Laptop,10,17003.19,13197.11
10024,2025-12-16,South America,Argentina,Headphones,25,5112.01,2413.38
10025,2026-05-11,Asia,Malaysia,Laptop,6,7201.27,5128.14
10026,2025-11-18,Asia,Japan,Tablet,12,5222.32,3407.84
10027,2025-08-02,Europe,Spain,Smartphone,14,12335.23,8151.28
10028,2025-07-21,Asia,India,Laptop,23,22454.93,16908.56
10029,2025-02-21,North America,Mexico,Smartphone,2,1828.26,1159.15
10030,2025-12-13,Europe,France,Tablet,9,2979.71,1910.92
10031,2026-01-02,South America,Argentina,Headphones,27,4817.92,2815.13
10032,2026-04-28,North America,Mexico,Smartphone,25,22114.17,13828.18
10033,2025-02-05,North America,Canada,Tablet,28,23023.28,16275.45
10034,2025-05-24,Europe,Spain,Tablet,9,4428.95,2639.49
10035,2025-03-30,Asia,Malaysia,Smartphone,3,3203.31,2303.15
10036,2025-10-19,North America,Canada,Smartphone,6,6430.38,3908.74
10037,2025-12-10,South America,Argentina,Smartphone,15,17403.82,12619.91
10038,2026-02-25,Asia,India,Tablet,20,16296.07,11407.38
10039,2025-12-16,Europe,Spain,Tablet,15,9283.14,6169.35
10040,2025-10-19,Europe,Italy,Smartphone,18,15163.67,9203.69
10041,2025-03-07,Europe,Netherlands,Tablet,24,19246.37,13068.88
10042,2025-12-23,Europe,France,Laptop,4,6684.17,4683.14
10043,2025-10-17,South America,Brazil,Smartphone,4,4677.22,3037.62
10044,2026-01-21,North America,Canada,Monitor,8,5163.86,3398.64
10045,2025-08-16,Europe,Germany,Tablet,27,19103.0,11134.58
10046,2025-11-24,Europe,Germany,Tablet,13,10311.53,5693.61
10047,2026-01-09,North America,Mexico,Monitor,19,6514.29,3939.07
10048,2026-02-04,South America,Brazil,Tablet,20,17459.81,10034.89
10049,2026-06-01,Asia,Malaysia,Monitor,26,7132.62,5212.11
10050,2026-04-14,North America,Mexico,Laptop,22,26246.62,19400.9
10051,2026-03-10,North America,Canada,Monitor,25,8943.1,5938.98
10052,2025-11-14,Europe,Italy,Smartphone,8,5650.19,3584.76
10053,2026-02-06,Europe,Italy,Laptop,3,2567.03,1825.82
10054,2026-02-23,South America,Chile,Monitor,20,6254.74,4638.89
10055,2025-07-08,North America,Mexico,Monitor,30,8314.77,5319.72
10056,2025-07-25,South America,Chile,Smartphone,17,19156.16,11366.5
10057,2026-03-02,Asia,Malaysia,Smartphone,16,14060.69,8935.7
10058,2026-04-04,North America,United States,Monitor,24,7389.75,5186.99
10059,2026-03-01,Europe,Germany,Laptop,16,27979.61,21569.39
10060,2026-05-05,South America,Chile,Laptop,12,12176.63,9003.91
10061,2025-12-09,Europe,France,Tablet,30,18857.44,12586.56
10062,2025-04-13,South America,Chile,Tablet,30,14568.2,9798.09
10063,2025-02-26,South America,Brazil,Headphones,28,4596.79,2387.34
10064,2026-05-21,South America,Brazil,Headphones,22,7444.84,4815.53
10065,2026-02-05,North America,Canada,Laptop,7,11563.67,8675.47
10066,2025-07-27,Asia,Singapore,Smartphone,18,18433.13,12069.24
10067,2025-05-28,South America,Brazil,Headphones,21,2483.6,1378.55
10068,2026-02-24,South America,Chile,Tablet,14,7717.72,4548.69
10069,2025-02-27,South America,Chile,Laptop,30,38657.43,24949.57
10070,2026-05-22,Asia,Japan,Monitor,12,6674.95,4511.87
10071,2025-09-23,South America,Chile,Monitor,14,5268.44,3836.9
10072,2026-04-26,Europe,Italy,Tablet,1,838.75,550.91
10073,2025-04-23,Asia,Japan,Tablet,28,23771.2,16162.99
10074,2025-12-14,South America,Brazil,Tablet,23,10523.3,7549.92
10075,2026-04-12,South America,Argentina,Headphones,23,7481.09,4093.79
10076,2025-11-05,Europe,Germany,Headphones,20,6486.12,3426.26
10077,2026-05-05,Europe,Spain,Smartphone,7,5708.51,4462.75
10078,2026-05-18,Europe,France,Smartphone,24,11824.7,8549.26
10079,2026-03-04,South America,Brazil,Tablet,7,5563.82,3672.42
10080,2025-02-11,North America,United States,Headphones,18,2408.36,1434.6
10081,2025-02-28,South America,Chile,Monitor,23,6701.69,5087.21
10082,2026-01-08,South America,Chile,Headphones,3,291.45,187.62
10083,2025-01-14,South America,Argentina,Headphones,13,1787.31,1089.05
10084,2025-01-29,North America,United States,Tablet,25,11518.94,8044.8
10085,2025-03-18,South America,Argentina,Laptop,7,11197.36,7654.29
10086,2025-12-02,North America,Mexico,Tablet,7,4508.33,2755.9
10087,2025-01-14,North America,Mexico,Laptop,17,23152.4,14145.53
10088,2026-05-05,North America,Mexico,Headphones,17,4614.81,2545.09
10089,2026-06-27,North America,Mexico,Laptop,6,6600.65,4649.37
10090,2026-05-29,South America,Brazil,Smartphone,18,15839.47,11108.59
10091,2026-04-15,Asia,Singapore,Tablet,25,20451.68,12367.82
10092,2025-10-03,North America,Mexico,Headphones,1,172.32,104.94
10093,2025-07-27,Europe,Germany,Headphones,24,5810.9,2791.63
10094,2025-03-18,North America,Mexico,Tablet,26,18401.22,11938.97
10095,2025-06-24,North America,Canada,Monitor,14,4398.21,2745.72
10096,2026-01-03,Europe,France,Headphones,30,3078.78,1523.82
10097,2026-03-25,South America,Brazil,Laptop,15,15635.25,11580.56
10098,2025-07-23,North America,Canada,Headphones,21,3096.87,1769.42
10099,2025-12-08,South America,Brazil,Laptop,26,23776.74,17315.8
10100,2025-09-06,North America,United States,Laptop,28,34395.39,24334.95
10101,2025-07-25,North America,Canada,Smartphone,4,4329.58,2649.27
10102,2025-07-19,Asia,Singapore,Monitor,3,1761.62,1123.36
10103,2025-11-27,South America,Argentina,Headphones,5,1507.17,754.21
10104,2026-03-12,Europe,Italy,Headphones,6,1339.83,741.85
10105,2025-05-17,South America,Brazil,Smartphone,9,6264.34,3943.69
10106,2025-12-02,Asia,India,Laptop,16,19172.8,13872.05
10107,2025-02-26,South America,Brazil,Laptop,25,44003.48,31345.63
10108,2025-02-11,South America,Argentina,Tablet,9,3930.25,2769.77
10109,2025-08-20,North America,Canada,Monitor,30,7065.14,4960.88
10110,2025-04-26,North America,Mexico,Monitor,7,2260.6,1340.58
10111,2025-03-25,Europe,Netherlands,Laptop,28,29192.18,18863.43
10112,2025-03-13,Asia,Japan,Laptop,8,13523.61,9595.28
10113,2026-03-14,North America,Canada,Smartphone,2,1667.98,1060.45
10114,2025-02-13,Asia,Singapore,Laptop,7,10671.91,7187.45
10115,2025-05-12,Europe,Italy,Smartphone,17,16579.66,10527.21
10116,2026-06-24,Europe,United Kingdom,Smartphone,10,11141.46,8341.8
10117,2025-04-13,Europe,Netherlands,Monitor,17,9516.3,6828.32
10118,2025-06-13,Europe,Germany,Tablet,26,11643.46,7151.06
10119,2025-12-21,South America,Brazil,Smartphone,26,25860.97,19037.07
10120,2026-01-31,South America,Argentina,Monitor,30,17034.16,11667.63
10121,2025-08-01,Europe,Germany,Monitor,7,3051.46,1948.08
10122,2026-06-02,South America,Argentina,Tablet,28,15666.41,11202.46
10123,2025-08-26,North America,United States,Headphones,17,5272.27,2770.92
10124,2026-04-07,Europe,United Kingdom,Tablet,29,21488.23,14768.87
10125,2025-12-23,North America,United States,Headphones,8,1433.2,799.34
10126,2026-05-06,North America,United States,Laptop,2,2762.82,1788.49
10127,2025-02-15,North America,Canada,Monitor,27,16214.94,11249.63
10128,2025-09-28,Asia,India,Laptop,17,26532.0,18521.77
10129,2025-02-20,Europe,Netherlands,Monitor,12,7143.88,5360.33
10130,2025-08-23,North America,Canada,Monitor,25,14533.21,9559.77
10131,2025-01-10,Europe,Netherlands,Tablet,6,3524.69,2292.1
10132,2025-09-03,South America,Argentina,Tablet,24,19098.49,12210.53
10133,2025-11-04,Asia,Japan,Headphones,21,7300.04,4894.21
10134,2026-01-11,Asia,South Korea,Smartphone,9,6794.76,5003.75
10135,2025-03-23,South America,Argentina,Headphones,2,299.15,190.67
10136,2026-03-31,Europe,United Kingdom,Tablet,9,4579.34,2620.72
10137,2025-06-25,North America,Mexico,Smartphone,9,7778.44,4790.9
10138,2025-01-07,South America,Argentina,Tablet,19,7671.09,5067.83
10139,2025-07-27,Europe,Netherlands,Laptop,12,15855.11,11049.13
10140,2026-06-18,South America,Chile,Tablet,26,13726.77,8832.67
10141,2025-10-14,Europe,Italy,Tablet,24,14373.04,8540.71
10142,2026-05-26,South America,Argentina,Laptop,1,1126.9,772.85
10143,2025-05-13,South America,Brazil,Tablet,14,6032.16,4265.11
10144,2025-07-04,North America,Mexico,Monitor,18,10230.21,6587.44
10145,2025-08-27,North America,Canada,Headphones,13,2510.99,1370.63
10146,2025-08-07,South America,Brazil,Smartphone,30,15484.96,9220.26
10147,2025-06-20,North America,Canada,Headphones,14,1430.1,918.65
10148,2026-05-10,North America,Canada,Laptop,18,26610.93,16515.07
10149,2026-02-25,Asia,Japan,Monitor,24,9827.67,6216.79
10150,2026-06-30,Europe,Spain,Smartphone,30,17267.16,11699.13
10151,2026-01-18,South America,Brazil,Smartphone,7,4064.86,2752.46
10152,2025-01-21,North America,Canada,Smartphone,5,5695.91,3963.57
10153,2025-07-07,Asia,Singapore,Smartphone,23,25940.46,17336.26
10154,2025-11-20,Europe,Germany,Monitor,5,1859.83,1232.12
10155,2026-04-02,Europe,Spain,Tablet,3,1114.22,828.83
10156,2026-03-29,South America,Argentina,Laptop,13,13033.28,9515.09
10157,2025-07-23,Europe,Spain,Monitor,5,2626.73,1955.4
10158,2026-06-08,South America,Brazil,Laptop,17,26301.24,16582.37
10159,2025-06-18,Asia,Singapore,Tablet,2,1604.81,1017.02
10160,2025-02-16,Asia,Singapore,Headphones,29,8057.77,5090.06
10161,2026-04-21,North America,Mexico,Smartphone,12,10997.44,6375.48
10162,2026-06-06,North America,Mexico,Tablet,6,4849.97,2865.96
10163,2026-01-07,North America,Mexico,Smartphone,17,13536.92,9721.8
10164,2025-12-14,South America,Argentina,Tablet,8,6000.2,3717.64
10165,2026-06-14,Europe,United Kingdom,Tablet,21,8977.95,6559.18
10166,2025-05-14,North America,United States,Smartphone,24,26643.9,17269.19
10167,2025-07-12,Asia,South Korea,Tablet,27,8941.26,5154.05
10168,2025-11-03,North America,Canada,Headphones,19,6454.48,3979.99
10169,2025-05-30,Europe,Spain,Tablet,5,3888.73,2293.25
10170,2025-04-22,Asia,India,Tablet,16,14297.89,9238.77
10171,2025-09-21,North America,Mexico,Headphones,27,7638.08,4350.87
10172,2026-03-20,Europe,France,Laptop,26,45802.23,29483.44
10173,2026-06-07,South America,Brazil,Laptop,4,5499.5,3741.13
10174,2025-10-20,South America,Argentina,Smartphone,29,34608.41,23552.08
10175,2025-05-10,Asia,Singapore,Monitor,5,1631.06,1052.07
10176,2026-03-01,Asia,Malaysia,Smartphone,24,28631.42,17066.87
10177,2026-03-05,North America,Canada,Tablet,30,16462.0,10688.28
10178,2026-03-07,South America,Brazil,Smartphone,15,17654.91,11482.32
10179,2025-03-10,Europe,Spain,Tablet,23,19034.34,12033.67
10180,2025-12-28,Asia,Malaysia,Headphones,24,2756.81,1485.41
10181,2026-04-09,North America,Mexico,Smartphone,15,7116.11,4173.26
10182,2025-03-15,North America,Mexico,Monitor,20,5068.99,3041.46
10183,2026-04-29,Europe,Spain,Headphones,16,4743.43,3513.4
10184,2026-06-02,Europe,United Kingdom,Headphones,19,5564.57,3625.6
10185,2026-03-16,Asia,Japan,Headphones,7,1441.68,751.81
10186,2026-05-31,South America,Brazil,Headphones,12,2504.9,1325.79
10187,2026-02-16,Asia,India,Laptop,2,3256.98,2186.53
10188,2026-05-14,Europe,Spain,Tablet,2,1121.06,768.87
10189,2026-03-20,North America,Mexico,Laptop,26,22231.94,16767.15
10190,2025-01-05,South America,Brazil,Tablet,14,11312.55,7354.76
10191,2025-02-25,Asia,South Korea,Tablet,6,2582.04,1795.41
10192,2026-06-03,Asia,South Korea,Monitor,5,3253.35,2042.15
10193,2025-10-09,South America,Brazil,Laptop,5,5968.86,3717.88
10194,2026-01-15,South America,Chile,Smartphone,20,10061.01,6459.5
10195,2025-06-16,Asia,South Korea,Smartphone,2,2376.65,1779.36
10196,2025-08-26,North America,United States,Laptop,9,13638.21,10106.89
10197,2026-03-24,Asia,India,Smartphone,23,20095.49,13123.12
10198,2025-05-15,Europe,Germany,Headphones,1,134.58,78.76
10199,2026-06-18,North America,United States,Tablet,19,6486.66,4318.87
10200,2026-06-01,Asia,South Korea,Smartphone,16,18028.67,12753.34
10201,2026-04-03,Asia,Singapore,Tablet,22,14779.46,8589.47
10202,2026-06-18,South America,Chile,Laptop,24,24397.55,17343.97
10203,2026-05-19,Asia,Japan,Smartphone,18,14670.66,10165.22
10204,2025-08-19,Asia,South Korea,Tablet,10,3556.05,2114.37
10205,2026-06-27,South America,Brazil,Tablet,30,14740.15,10126.26
10206,2025-01-28,North America,Mexico,Tablet,16,7900.43,4524.31
10207,2025-10-30,Europe,France,Monitor,27,13764.32,10047.85
10208,2025-02-05,Asia,Singapore,Headphones,20,6725.04,3522.62
10209,2025-04-18,Europe,Netherlands,Monitor,28,6972.74,5096.6
10210,2026-04-16,South America,Argentina,Tablet,24,10133.59,6232.75
10211,2025-01-11,Europe,United Kingdom,Tablet,25,22311.41,13567.84
10212,2025-10-16,Asia,South Korea,Tablet,8,4636.98,2955.18
10213,2025-06-20,South America,Chile,Headphones,28,4850.35,2685.81
10214,2025-09-19,North America,Canada,Headphones,16,4406.07,2060.69
10215,2025-06-12,South America,Chile,Tablet,30,10316.07,6812.39
10216,2025-09-05,South America,Chile,Smartphone,30,33004.34,19460.05
10217,2025-04-09,Asia,Singapore,Headphones,12,1723.77,916.62
10218,2025-02-22,Asia,Malaysia,Monitor,30,6253.09,4737.61
10219,2025-12-30,Asia,Malaysia,Headphones,16,1375.35,770.35
10220,2025-09-24,Europe,Germany,Smartphone,28,22267.26,14890.35
10221,2026-02-06,South America,Chile,Smartphone,14,14970.24,10850.76
10222,2026-01-25,Asia,Singapore,Monitor,3,609.43,441.97
10223,2025-09-07,Europe,Spain,Laptop,10,14672.15,10920.3
10224,2025-10-19,Europe,United Kingdom,Laptop,26,40030.29,29232.7
10225,2025-04-16,North America,Mexico,Tablet,20,6153.15,4119.1
10226,2025-09-06,North America,Canada,Smartphone,15,17733.49,12636.2
10227,2025-03-19,Europe,Netherlands,Tablet,2,669.84,456.18
10228,2025-04-12,South America,Brazil,Headphones,21,3740.1,2062.26
10229,2025-04-09,South America,Argentina,Tablet,1,634.8,409.33
10230,2025-11-15,South America,Chile,Monitor,12,6340.73,3880.43
10231,2025-05-01,North America,Mexico,Tablet,11,9533.53,6360.26
10232,2026-03-08,North America,United States,Smartphone,23,20994.26,13742.75
10233,2026-06-17,Asia,South Korea,Monitor,1,220.27,150.4
10234,2025-04-18,South America,Chile,Smartphone,25,21044.03,15194.73
10235,2026-05-18,North America,Canada,Laptop,19,28007.53,19512.94
10236,2026-04-16,Asia,Japan,Laptop,22,27261.2,20200.09
10237,2025-12-22,South America,Chile,Monitor,27,14178.01,9367.8
10238,2025-09-16,Europe,Netherlands,Smartphone,27,10942.29,7628.8
10239,2025-07-29,Asia,Japan,Laptop,14,15292.27,10069.43
10240,2026-03-07,South America,Argentina,Smartphone,20,23562.8,14572.73
10241,2025-03-28,North America,Mexico,Laptop,24,39850.86,25466.75
10242,2026-05-31,Asia,Malaysia,Monitor,7,3926.43,2716.1
10243,2025-01-05,Asia,South Korea,Tablet,25,16444.46,11038.66
10244,2025-06-07,Europe,France,Laptop,12,10887.61,8300.93
10245,2025-06-23,South America,Argentina,Headphones,3,807.13,445.2
10246,2025-06-28,Asia,Singapore,Monitor,17,5076.15,3286.59
10247,2026-03-02,Europe,France,Smartphone,1,660.31,406.24
10248,2025-12-02,Asia,South Korea,Laptop,2,1736.95,1118.92
10249,2025-04-20,Asia,Japan,Laptop,16,16199.24,11569.58
10250,2025-03-04,Europe,Netherlands,Smartphone,6,2819.07,1754.1
10251,2025-07-23,South America,Argentina,Smartphone,27,12854.98,7615.15
10252,2026-03-30,North America,Canada,Smartphone,30,32726.43,22452.5
10253,2025-02-22,Europe,Spain,Headphones,3,294.14,174.89
10254,2026-04-18,Europe,United Kingdom,Headphones,1,217.88,134.09
10255,2025-05-07,Europe,Netherlands,Laptop,27,45278.68,34901.1
10256,2025-11-27,Europe,Netherlands,Tablet,4,1597.3,922.4
10257,2025-12-18,Europe,Germany,Laptop,6,10232.25,7089.92
10258,2025-12-06,Europe,Spain,Smartphone,13,10062.28,5903.01
10259,2025-02-26,South America,Brazil,Headphones,1,198.48,116.22
10260,2025-10-19,Asia,South Korea,Laptop,20,17864.94,12043.42
10261,2025-04-24,North America,United States,Tablet,13,9393.25,5873.47
10262,2025-05-04,South America,Argentina,Monitor,3,663.2,434.99
10263,2025-08-21,North America,Mexico,Smartphone,11,12590.88,7308.6
10264,2025-06-13,South America,Argentina,Smartphone,14,13944.5,8759.77
10265,2026-04-30,Europe,United Kingdom,Smartphone,25,14591.08,10080.49
10266,2025-11-12,South America,Argentina,Laptop,26,40912.18,30692.34
10267,2025-03-13,South America,Chile,Smartphone,12,11819.41,7217.31
10268,2026-01-22,North America,United States,Tablet,17,14684.66,9192.88
10269,2025-03-16,Europe,Spain,Tablet,12,6841.49,3861.52
10270,2025-01-24,South America,Argentina,Tablet,16,8891.76,6246.36
10271,2025-05-15,South America,Brazil,Laptop,28,45126.33,30793.79
10272,2025-02-04,North America,United States,Laptop,8,6567.72,4223.57
10273,2025-12-24,Asia,Malaysia,Monitor,17,4623.54,3190.69
10274,2025-11-26,South America,Chile,Laptop,1,1521.15,1169.72
10275,2026-01-29,Europe,Italy,Headphones,1,96.77,55.13
10276,2025-09-09,North America,Mexico,Monitor,11,3930.72,2788.58
10277,2025-11-01,Europe,United Kingdom,Tablet,30,14502.03,9856.47
10278,2025-09-26,North America,Canada,Headphones,6,1127.82,541.52
10279,2025-08-10,North America,United States,Headphones,23,5083.52,3072.24
10280,2025-08-22,Asia,Japan,Tablet,30,21610.46,14363.82
10281,2025-11-08,Europe,United Kingdom,Tablet,29,11836.9,8001.18
10282,2025-06-13,South America,Argentina,Monitor,22,9392.51,5921.35
10283,2026-02-26,Europe,Italy,Laptop,2,1761.79,1121.74
10284,2025-09-06,South America,Chile,Monitor,3,1801.23,1236.64
10285,2026-04-18,Asia,Malaysia,Smartphone,2,1718.81,1267.84
10286,2026-04-07,South America,Brazil,Tablet,18,8627.03,5941.11
10287,2025-02-23,Europe,Italy,Smartphone,21,13963.76,9407.41
10288,2025-10-06,South America,Chile,Monitor,22,8743.12,5713.5
10289,2025-01-02,South America,Chile,Headphones,1,332.78,218.49
10290,2026-01-08,North America,Mexico,Smartphone,28,22524.1,15607.61
10291,2026-04-12,Asia,South Korea,Headphones,9,782.1,478.3
10292,2025-09-27,Europe,Spain,Laptop,6,10798.46,8115.45
10293,2026-02-25,Europe,Italy,Monitor,5,1477.1,1004.05
10294,2026-03-27,Asia,India,Headphones,28,2352.57,1569.51
10295,2025-07-19,Europe,Germany,Headphones,6,1014.13,654.14
10296,2026-06-24,South America,Argentina,Monitor,1,329.19,217.14
10297,2025-11-22,Europe,France,Smartphone,3,1796.27,1171.11
10298,2025-10-28,North America,Canada,Laptop,28,32046.3,21488.14
10299,2025-02-23,Asia,South Korea,Laptop,11,19427.91,14439.39
10300,2025-02-01,Europe,Italy,Tablet,18,10961.14,7689.08
10301,2025-06-02,South America,Chile,Smartphone,27,11992.83,7230.39
10302,2025-05-28,Europe,United Kingdom,Smartphone,13,14939.12,9079.48
10303,2026-05-11,South America,Chile,Monitor,19,7266.94,5302.69
10304,2025-11-17,South America,Brazil,Headphones,14,4465.74,2816.13
10305,2026-04-05,Asia,Singapore,Laptop,26,21505.19,16471.25
10306,2026-04-23,Asia,South Korea,Tablet,26,15829.36,11024.53
10307,2025-09-25,Asia,Japan,Laptop,21,24079.53,15594.27
10308,2025-03-22,South America,Chile,Smartphone,3,3590.3,2271.92
10309,2026-04-15,Europe,Spain,Laptop,19,28285.29,22933.48
10310,2026-02-24,South America,Chile,Laptop,16,28558.45,19353.48
10311,2026-06-04,Europe,Spain,Headphones,29,8561.54,5010.11
10312,2026-04-22,South America,Brazil,Monitor,3,1575.1,1058.64
10313,2025-05-16,North America,Canada,Laptop,29,36271.62,25264.42
10314,2025-07-20,Europe,Netherlands,Monitor,18,5036.1,3696.01
10315,2026-03-06,North America,United States,Headphones,7,1069.77,633.45
10316,2025-11-11,Asia,Singapore,Laptop,6,10118.71,7219.79
10317,2025-11-17,Europe,Germany,Headphones,15,3032.79,1705.51
10318,2026-03-24,South America,Chile,Smartphone,11,8710.65,5053.57
10319,2025-07-19,Europe,Spain,Monitor,25,11497.63,7195.71
10320,2025-01-10,South America,Chile,Smartphone,18,17769.4,11423.08
10321,2025-10-24,Asia,South Korea,Laptop,4,3690.1,2894.05
10322,2025-07-03,South America,Chile,Smartphone,5,3048.71,2217.13
10323,2026-02-22,Europe,Spain,Smartphone,10,10526.88,6938.37
10324,2026-01-26,Europe,Germany,Smartphone,4,1671.27,1136.45
10325,2026-03-15,Asia,Singapore,Tablet,7,2433.21,1413.6
10326,2025-11-18,South America,Brazil,Headphones,5,1442.26,760.35
10327,2025-07-04,South America,Brazil,Laptop,13,17291.5,11852.84
10328,2026-03-23,North America,Canada,Tablet,18,8101.99,4765.5
10329,2025-03-27,Europe,France,Monitor,9,4423.95,2973.77
10330,2026-03-11,North America,Canada,Monitor,16,11008.39,6776.04
10331,2025-03-22,Asia,Singapore,Headphones,18,4981.78,2802.36
10332,2025-11-05,Europe,United Kingdom,Tablet,16,12759.26,8948.68
10333,2025-05-20,Europe,Netherlands,Smartphone,30,35431.28,24492.81
10334,2025-03-27,Asia,Malaysia,Monitor,17,11198.98,8269.64
10335,2025-02-18,Asia,Malaysia,Smartphone,19,14458.18,9653.99
10336,2025-06-30,Asia,India,Monitor,26,17592.03,12898.8
10337,2025-03-20,Asia,Singapore,Laptop,27,38927.95,25941.65
10338,2026-02-21,South America,Chile,Headphones,10,3011.7,1554.77
10339,2025-05-25,South America,Chile,Smartphone,14,10927.07,6825.74
10340,2026-05-18,Asia,Japan,Tablet,11,6280.23,4531.98
10341,2025-12-05,North America,Canada,Headphones,25,8337.4,4704.08
10342,2026-05-03,Asia,South Korea,Monitor,2,660.54,500.14
10343,2025-06-28,Europe,Italy,Monitor,4,1772.09,1172.47
10344,2025-10-21,North America,Canada,Smartphone,21,24285.16,14573.65
10345,2026-01-23,Asia,Japan,Tablet,16,5185.07,2913.43
10346,2025-06-21,North America,Canada,Tablet,16,13919.52,7907.51
10347,2025-02-07,South America,Brazil,Laptop,13,17622.49,12439.43
10348,2026-01-25,Asia,Singapore,Smartphone,8,7159.51,4911.81
10349,2026-03-25,South America,Chile,Monitor,11,3289.2,2468.34
10350,2025-08-16,Europe,Spain,Monitor,23,15869.96,11063.86
10351,2025-02-22,North America,Mexico,Headphones,10,3341.72,1919.04
10352,2025-11-14,Asia,Singapore,Monitor,27,9389.84,7101.87
10353,2025-04-29,Europe,Spain,Headphones,1,307.08,189.42
10354,2026-02-15,South America,Brazil,Laptop,14,12699.02,8731.92
10355,2025-08-08,North America,Canada,Smartphone,17,7791.97,5389.64
10356,2026-02-10,Asia,South Korea,Laptop,30,44541.72,29259.02
10357,2026-01-17,Europe,Spain,Smartphone,5,3573.21,2300.95
10358,2025-11-11,Europe,United Kingdom,Tablet,13,6128.24,3899.09
10359,2025-12-01,Europe,Germany,Monitor,12,8245.47,6029.8
10360,2025-03-04,Europe,Germany,Monitor,12,4573.02,2958.12
10361,2025-09-01,North America,Canada,Headphones,4,631.6,299.88
10362,2026-04-29,South America,Brazil,Laptop,27,43056.77,29180.32
10363,2025-07-18,South America,Chile,Smartphone,22,18283.43,13063.81
10364,2025-06-22,Europe,France,Smartphone,17,15940.62,11117.0
10365,2025-03-24,South America,Argentina,Laptop,2,3165.52,2090.27
10366,2025-05-27,South America,Brazil,Headphones,29,8012.39,4070.87
10367,2025-06-21,Asia,South Korea,Monitor,2,1357.14,964.93
10368,2025-08-07,North America,Canada,Monitor,5,2482.06,1573.01
10369,2025-05-30,North America,Canada,Smartphone,28,14300.35,10216.87
10370,2025-10-21,South America,Brazil,Headphones,28,4110.59,2081.37
10371,2025-11-09,Asia,Japan,Monitor,2,1173.24,889.14
10372,2025-08-11,Asia,Japan,Smartphone,22,16640.82,10817.79
10373,2026-05-26,North America,Mexico,Smartphone,10,9454.26,6404.64
10374,2025-03-15,South America,Brazil,Laptop,20,32254.88,22615.66
10375,2025-03-27,Europe,Netherlands,Headphones,23,8029.66,3878.1
10376,2025-05-26,North America,United States,Smartphone,20,14997.19,9091.7
10377,2026-05-20,North America,United States,Smartphone,17,16265.96,9864.59
10378,2025-02-01,Asia,Malaysia,Monitor,25,8271.75,5770.01
10379,2025-01-28,Asia,Malaysia,Smartphone,14,10558.29,7130.82
10380,2025-03-26,North America,Canada,Tablet,9,6858.47,4396.24
10381,2025-10-18,North America,Mexico,Tablet,5,3855.21,2475.34
10382,2026-04-20,Asia,South Korea,Smartphone,14,11896.13,7330.07
10383,2025-08-25,Asia,Singapore,Headphones,7,943.31,580.02
10384,2026-01-16,South America,Chile,Smartphone,16,13329.58,7928.16
10385,2025-07-20,Europe,Germany,Monitor,11,3385.71,2110.02
10386,2026-03-07,North America,Canada,Monitor,23,13137.93,8546.36
10387,2025-12-27,South America,Brazil,Tablet,16,5827.91,4064.88
10388,2025-04-06,North America,Mexico,Laptop,21,28138.04,21253.3
10389,2025-08-20,Asia,Singapore,Monitor,6,3517.3,2513.27
10390,2026-01-16,North America,United States,Laptop,7,7946.6,5548.05
10391,2025-04-26,Europe,Netherlands,Smartphone,24,14599.27,8649.87
10392,2025-08-27,South America,Brazil,Smartphone,1,1147.84,782.38
10393,2025-05-12,Asia,India,Laptop,15,15427.69,11741.19
10394,2025-06-29,Asia,South Korea,Laptop,26,31117.06,21564.71
10395,2026-02-28,South America,Brazil,Laptop,25,32015.33,23049.21
10396,2026-02-28,North America,Mexico,Headphones,14,4153.07,2708.41
10397,2026-06-06,South America,Argentina,Monitor,18,12121.33,8390.22
10398,2025-12-06,Europe,Germany,Laptop,5,7091.58,4993.03
10399,2025-08-01,Asia,Singapore,Laptop,27,36951.78,24145.11
10400,2026-03-30,North America,United States,Smartphone,20,19503.98,13010.26
10401,2026-05-28,South America,Brazil,Smartphone,2,1914.9,1135.69
10402,2025-09-06,Europe,Italy,Tablet,25,10457.76,6056.96
10403,2026-02-06,Europe,Germany,Headphones,13,2374.37,1551.25
10404,2025-04-24,Europe,United Kingdom,Laptop,24,28448.32,21410.88
10405,2025-09-16,South America,Argentina,Headphones,28,3353.14,1988.48
10406,2026-01-19,South America,Chile,Smartphone,14,12148.59,7146.84
10407,2025-01-16,Europe,United Kingdom,Monitor,1,299.55,187.41
10408,2025-02-11,Europe,Spain,Headphones,25,7809.34,4063.91
10409,2025-07-14,Europe,France,Tablet,20,11514.19,6563.19
10410,2025-01-22,North America,United States,Headphones,17,3787.95,2241.48
10411,2025-08-15,Europe,France,Headphones,23,1890.64,1230.58
10412,2025-10-06,Asia,Malaysia,Smartphone,8,7920.87,4831.16
10413,2025-02-04,Europe,Germany,Headphones,30,6385.51,3969.25
10414,2025-07-31,Asia,India,Smartphone,28,27931.08,19339.66
10415,2025-02-10,Europe,United Kingdom,Laptop,1,1714.78,1330.01
10416,2026-05-17,North America,Mexico,Monitor,22,4687.54,3469.33
10417,2025-06-08,Europe,Spain,Monitor,22,13811.45,9298.68
10418,2026-02-20,South America,Chile,Smartphone,4,4709.46,2769.5
10419,2025-11-14,North America,United States,Laptop,20,30545.78,22493.77
10420,2025-10-13,Asia,Japan,Smartphone,13,8601.12,6187.18
10421,2025-06-18,South America,Brazil,Tablet,29,23716.05,16170.7
10422,2025-07-02,North America,United States,Monitor,13,7872.74,4891.87
10423,2025-05-11,South America,Argentina,Laptop,19,27780.39,21256.78
10424,2025-09-23,Asia,India,Monitor,30,19839.06,14620.43
10425,2025-10-21,Asia,South Korea,Laptop,26,46528.2,32277.43
10426,2026-03-23,South America,Chile,Monitor,8,4543.69,3399.77
10427,2025-07-24,South America,Brazil,Smartphone,27,29957.01,18890.27
10428,2026-01-17,North America,Mexico,Smartphone,13,7368.82,4340.47
10429,2025-02-03,Europe,France,Headphones,20,4609.75,2182.4
10430,2025-05-28,North America,Canada,Headphones,17,1940.68,1295.46
10431,2025-08-02,Asia,Singapore,Headphones,14,1635.14,855.05
10432,2025-05-26,Asia,Japan,Tablet,30,22707.69,13272.83
10433,2025-11-06,Europe,Germany,Laptop,9,12923.12,9982.91
10434,2025-05-25,Asia,India,Tablet,13,10315.27,7151.54
10435,2026-03-25,South America,Argentina,Laptop,24,37558.27,23935.32
10436,2025-06-04,North America,United States,Monitor,9,2871.44,1773.39
10437,2025-01-29,North America,United States,Headphones,18,5486.91,3590.33
10438,2025-07-24,Europe,France,Laptop,14,19665.44,13014.7
10439,2026-03-19,Europe,France,Monitor,22,13912.52,9582.49
10440,2025-10-26,North America,United States,Laptop,15,24403.37,16542.29
10441,2026-03-14,Europe,France,Tablet,16,13984.48,9587.59
10442,2026-01-20,North America,Mexico,Headphones,15,2731.1,1391.46
10443,2026-03-15,Asia,South Korea,Tablet,20,14130.49,9447.16
10444,2025-02-11,Asia,Malaysia,Smartphone,16,17173.49,11382.43
10445,2025-11-01,South America,Chile,Tablet,23,14417.92,8743.73
10446,2025-10-25,North America,Canada,Monitor,8,2777.76,1999.5
10447,2025-06-25,Europe,Germany,Laptop,7,9032.55,6158.58
10448,2025-09-11,North America,United States,Headphones,3,429.97,201.95
10449,2025-09-28,Asia,India,Tablet,14,10481.18,6274.46
10450,2025-11-17,Asia,India,Monitor,21,4848.71,3219.52
10451,2026-05-02,Asia,South Korea,Monitor,15,7292.52,4673.51
10452,2025-02-14,Europe,France,Laptop,7,5869.55,3818.38
10453,2025-02-19,South America,Argentina,Headphones,27,2289.34,1044.92
10454,2025-04-05,Asia,India,Tablet,29,12094.64,7279.06
10455,2025-11-13,Europe,Spain,Headphones,11,1980.38,895.63
10456,2026-03-16,Asia,South Korea,Laptop,18,16621.79,11493.55
10457,2025-03-14,North America,Canada,Tablet,24,15023.0,9215.43
10458,2026-04-06,South America,Argentina,Monitor,5,2590.94,1884.33
10459,2025-02-03,South America,Argentina,Laptop,13,14924.79,9569.38
10460,2026-02-15,North America,Canada,Monitor,27,8058.58,4802.56
10461,2025-06-18,Europe,United Kingdom,Laptop,12,11333.38,8032.96
10462,2026-03-26,South America,Brazil,Laptop,1,1367.49,922.48
10463,2025-12-21,Europe,Italy,Headphones,7,2082.72,1236.85
10464,2026-02-13,Asia,Japan,Headphones,28,7191.18,3615.89
10465,2025-11-28,North America,Mexico,Smartphone,21,11997.98,6928.47
10466,2026-02-07,Asia,India,Smartphone,16,18907.91,11325.41
10467,2025-02-09,South America,Brazil,Monitor,8,3479.29,2588.8
10468,2026-03-06,Europe,France,Laptop,14,22882.73,16540.48
10469,2026-03-22,Europe,Italy,Headphones,1,152.51,82.12
10470,2026-03-18,Europe,Germany,Tablet,11,7205.41,4252.63
10471,2025-03-08,North America,Mexico,Smartphone,9,5531.71,3781.14
10472,2025-03-11,South America,Brazil,Tablet,20,6523.77,4464.59
10473,2026-03-26,Asia,South Korea,Smartphone,5,5777.65,3719.72
10474,2025-12-08,South America,Argentina,Laptop,20,34232.75,25162.83
10475,2025-02-14,Europe,Italy,Monitor,1,316.07,201.42
10476,2025-01-14,Europe,Netherlands,Monitor,29,19956.06,14881.64
10477,2025-08-12,Europe,France,Smartphone,8,5617.23,3519.97
10478,2025-06-26,Europe,United Kingdom,Smartphone,7,3796.3,2663.31
10479,2025-09-21,North America,Canada,Tablet,26,15766.87,9600.28
10480,2025-10-07,South America,Brazil,Tablet,29,11450.85,7279.74
10481,2025-04-27,North America,Mexico,Laptop,12,14552.18,9579.2
10482,2025-01-19,South America,Chile,Headphones,9,2107.9,1161.32
10483,2025-01-30,South America,Brazil,Headphones,4,470.31,259.19
10484,2025-03-05,South America,Brazil,Smartphone,23,20546.78,14290.08
10485,2025-06-01,North America,Mexico,Headphones,29,7801.69,3552.84
10486,2026-05-03,Europe,Italy,Monitor,12,6052.28,4905.57
10487,2025-02-03,Europe,Netherlands,Laptop,6,9851.75,7179.04
10488,2026-04-07,South America,Chile,Monitor,10,5981.53,4014.72
10489,2025-11-14,South America,Chile,Laptop,3,3610.53,2468.66
10490,2025-05-26,North America,Canada,Monitor,5,1830.6,1372.24
10491,2025-12-22,Europe,France,Tablet,3,1659.57,1138.83
10492,2025-05-19,Europe,France,Monitor,30,7638.35,5566.08
10493,2025-10-09,Asia,Japan,Headphones,30,10190.8,5373.12
10494,2025-10-21,South America,Chile,Monitor,17,6322.46,3917.22
10495,2026-03-09,Europe,Spain,Tablet,29,22193.93,12289.19
10496,2025-10-09,North America,Mexico,Monitor,8,5232.7,3661.43
10497,2025-02-09,Europe,Netherlands,Smartphone,30,30899.13,22640.91
10498,2025-05-21,Europe,Italy,Laptop,9,8319.44,5336.34
10499,2025-07-04,Europe,United Kingdom,Headphones,17,5656.71,3200.41
10500,2025-03-11,Asia,South Korea,Smartphone,13,11753.75,8378.57
10501,2025-08-04,Europe,France,Tablet,19,8609.69,4775.56
10502,2026-06-09,Europe,Netherlands,Headphones,6,1490.69,1113.76
10503,2025-05-12,Europe,Spain,Smartphone,18,20952.08,12701.04
10504,2025-06-20,Asia,India,Laptop,10,17349.89,13285.82
10505,2025-03-23,Europe,United Kingdom,Tablet,16,12649.97,8209.12
10506,2026-04-08,Europe,United Kingdom,Headphones,24,5976.86,3953.36
10507,2026-06-07,Asia,India,Smartphone,1,703.01,418.78
10508,2025-08-24,North America,Canada,Smartphone,25,24173.85,17277.75
10509,2025-10-11,North America,Mexico,Laptop,30,27902.61,19687.69
10510,2025-08-03,South America,Chile,Headphones,30,6534.52,3243.93
10511,2025-01-04,South America,Argentina,Headphones,29,2947.75,1979.34
10512,2026-06-25,South America,Argentina,Tablet,6,3390.63,1867.46
10513,2025-01-07,Asia,India,Laptop,18,24506.57,17344.92
10514,2026-03-05,Asia,Japan,Headphones,5,1498.59,708.62
10515,2025-04-28,South America,Brazil,Headphones,30,2565.14,1612.26
10516,2025-02-05,South America,Brazil,Smartphone,30,24445.4,17366.49
10517,2026-04-20,North America,Mexico,Laptop,15,19361.61,12040.37
10518,2025-01-19,South America,Argentina,Tablet,21,7004.36,4250.38
10519,2026-01-06,North America,United States,Tablet,29,24839.35,13625.13
10520,2025-06-03,South America,Chile,Monitor,3,1218.07,819.44
10521,2026-04-14,South America,Argentina,Smartphone,22,19547.94,13108.88
10522,2025-12-05,North America,United States,Laptop,23,32830.59,23451.87
10523,2025-04-07,Europe,Spain,Monitor,19,8713.22,6459.95
10524,2025-06-26,Europe,Spain,Tablet,19,7754.93,5490.73
10525,2025-02-22,Europe,United Kingdom,Tablet,20,7737.46,5445.83
10526,2025-09-30,South America,Chile,Headphones,15,2824.12,1337.08
10527,2026-02-25,Europe,Germany,Headphones,12,2461.32,1529.95
10528,2025-04-06,Europe,Spain,Smartphone,2,2288.78,1619.54
10529,2025-08-25,South America,Chile,Monitor,13,4690.46,3315.93
10530,2026-04-30,Europe,Spain,Tablet,11,6484.72,4710.43
10531,2025-07-15,North America,United States,Smartphone,18,13222.72,8200.29
10532,2026-04-21,South America,Argentina,Smartphone,21,16421.54,11618.5
10533,2025-06-24,North America,Mexico,Laptop,13,22651.03,15064.86
10534,2025-08-13,Europe,France,Laptop,23,26676.45,19367.79
10535,2025-02-17,Europe,Spain,Headphones,20,2184.55,1296.92
10536,2026-06-24,Asia,Singapore,Headphones,30,10126.93,4877.25
10537,2025-03-27,Europe,Germany,Smartphone,29,19170.4,12713.38
10538,2026-04-11,South America,Chile,Laptop,2,3387.42,2150.19
10539,2025-03-01,North America,Mexico,Tablet,27,18990.31,10995.87
10540,2026-05-03,North America,Mexico,Monitor,8,3686.81,2353.69
10541,2025-09-13,North America,Mexico,Tablet,28,14968.06,10445.31
10542,2026-03-04,South America,Brazil,Smartphone,29,30525.31,21021.95
10543,2025-01-10,Asia,South Korea,Smartphone,13,7245.14,5178.62
10544,2025-12-19,South America,Brazil,Headphones,3,508.29,309.96
10545,2025-01-13,South America,Argentina,Headphones,8,1102.73,604.47
10546,2025-07-09,South America,Brazil,Tablet,23,18461.88,11104.55
10547,2025-09-28,North America,Canada,Monitor,12,7754.18,4657.53
10548,2025-02-14,Asia,South Korea,Monitor,18,9081.73,6184.21
10549,2025-07-07,South America,Argentina,Monitor,30,7062.05,4828.62
10550,2025-03-06,Asia,Singapore,Tablet,5,3359.32,2269.15
10551,2025-12-20,Asia,Malaysia,Monitor,19,6176.31,4213.7
10552,2025-01-10,Europe,Netherlands,Tablet,18,12383.57,8535.01
10553,2026-03-04,North America,Mexico,Smartphone,15,15626.54,9808.96
10554,2025-12-05,Asia,Malaysia,Smartphone,27,28347.32,20639.31
10555,2025-06-02,North America,United States,Smartphone,7,2981.17,1947.99
10556,2025-03-16,Asia,Japan,Headphones,10,1325.32,743.77
10557,2025-11-17,Europe,Germany,Laptop,5,8191.95,5959.58
10558,2025-11-02,Europe,United Kingdom,Smartphone,22,20950.61,12339.43
10559,2025-11-06,Europe,Germany,Monitor,27,11918.46,8537.63
10560,2025-04-10,Asia,Malaysia,Smartphone,5,3182.97,2066.43
10561,2025-04-10,Europe,Germany,Headphones,23,4490.0,2743.54
10562,2026-04-08,Europe,Netherlands,Smartphone,29,18469.8,12378.93
10563,2026-03-01,Asia,Singapore,Monitor,21,10051.63,6860.04
10564,2026-03-01,Asia,Malaysia,Monitor,9,5156.19,3466.42
10565,2025-08-02,Europe,Netherlands,Monitor,5,1294.81,935.57
10566,2026-05-13,Asia,India,Headphones,23,6060.09,2977.64
10567,2025-01-29,Europe,Italy,Headphones,21,3114.16,2008.87
10568,2025-10-25,Asia,Malaysia,Monitor,8,2804.16,2007.27
10569,2026-02-01,Asia,Singapore,Headphones,28,7753.82,3910.75
10570,2025-03-31,Europe,France,Tablet,10,7370.05,4279.48
10571,2026-01-27,South America,Argentina,Tablet,14,10864.07,7668.57
10572,2025-11-16,Asia,India,Smartphone,6,6763.18,4109.78
10573,2026-01-18,South America,Brazil,Smartphone,14,11200.84,6889.48
10574,2025-08-30,Asia,Malaysia,Laptop,23,25111.75,17550.41
10575,2026-06-14,North America,Canada,Monitor,10,2167.73,1325.19
10576,2026-06-26,Europe,Netherlands,Laptop,17,21721.17,17364.36
10577,2026-05-10,Europe,Italy,Headphones,30,2579.55,1841.0
10578,2025-03-25,North America,Mexico,Smartphone,16,12181.29,7149.86
10579,2026-01-03,Asia,South Korea,Tablet,23,7094.19,4737.66
10580,2025-07-29,South America,Brazil,Smartphone,6,2570.44,1514.16
10581,2026-02-12,Asia,Japan,Smartphone,7,4968.76,3442.52
10582,2025-04-08,South America,Chile,Headphones,30,9423.18,5973.54
10583,2025-03-26,Asia,India,Monitor,8,5562.88,3738.29
10584,2026-02-19,South America,Brazil,Headphones,15,3588.86,2408.56
10585,2026-03-25,Europe,Italy,Smartphone,13,9148.54,5444.61
10586,2025-10-05,Europe,Italy,Headphones,6,1139.33,693.39
10587,2026-05-20,Europe,Germany,Monitor,7,4661.58,3907.91
10588,2025-04-24,Asia,South Korea,Laptop,22,33583.2,21912.84
10589,2025-12-29,Europe,Spain,Monitor,29,15236.8,9188.5
10590,2026-02-17,Asia,South Korea,Smartphone,4,4145.54,2760.83
10591,2025-09-16,Asia,Malaysia,Tablet,5,2793.98,1811.42
10592,2025-04-05,South America,Chile,Tablet,1,494.43,317.48
10593,2025-04-26,Asia,India,Monitor,4,1053.3,706.14
10594,2026-05-03,Asia,South Korea,Laptop,4,4282.02,3121.5
10595,2026-05-30,South America,Argentina,Laptop,30,45034.2,30565.69
10596,2025-05-09,South America,Chile,Laptop,24,22686.96,15363.4
10597,2026-06-03,Asia,Japan,Headphones,22,5102.91,3040.79
10598,2025-08-08,South America,Chile,Monitor,29,17679.7,11056.95
10599,2025-11-20,Europe,Germany,Smartphone,23,24030.32,14193.47
10600,2025-01-08,Europe,Netherlands,Smartphone,17,16480.33,10822.2
10601,2025-11-19,South America,Chile,Tablet,7,4648.99,3186.95
10602,2025-08-06,South America,Argentina,Monitor,8,5351.29,3345.03
10603,2025-11-11,Asia,South Korea,Monitor,25,10627.23,6842.6
10604,2025-03-31,North America,United States,Smartphone,11,10195.54,6603.93
10605,2025-10-02,Asia,Singapore,Laptop,30,37731.41,27996.91
10606,2026-02-20,Asia,South Korea,Monitor,14,4615.88,3206.02
10607,2025-11-11,South America,Brazil,Tablet,13,5857.33,4187.61
10608,2025-08-23,Europe,Netherlands,Laptop,13,15623.79,11965.52
10609,2025-02-15,Asia,Malaysia,Monitor,5,2538.34,1683.85
10610,2025-07-27,North America,Canada,Laptop,20,27840.75,17322.13
10611,2025-09-24,Europe,Italy,Headphones,3,287.42,157.71
10612,2025-12-13,North America,Mexico,Laptop,7,10091.06,7508.24
10613,2025-05-31,South America,Brazil,Smartphone,16,10526.4,6670.08
10614,2025-10-28,Asia,Japan,Smartphone,24,17651.94,13162.99
10615,2026-05-09,North America,Canada,Smartphone,10,10859.59,6842.47
10616,2026-06-14,Asia,South Korea,Tablet,20,14989.91,9054.02
10617,2026-01-01,South America,Chile,Laptop,26,24550.1,18174.48
10618,2026-04-28,Europe,Germany,Tablet,13,6284.84,4751.15
10619,2026-02-27,South America,Argentina,Laptop,12,15897.02,11115.63
10620,2025-11-22,Asia,Singapore,Laptop,21,28073.92,20839.1
10621,2025-04-12,North America,Mexico,Tablet,29,8995.11,5365.02
10622,2026-03-01,North America,Canada,Headphones,13,3237.56,2069.02
10623,2025-07-07,Europe,United Kingdom,Headphones,26,2922.54,1580.16
10624,2025-06-20,North America,Mexico,Laptop,28,30315.13,19440.71
10625,2026-01-10,North America,Mexico,Tablet,3,1963.46,1085.17
10626,2026-03-13,Europe,Germany,Smartphone,23,11739.12,7610.74
10627,2025-12-05,South America,Argentina,Headphones,20,2447.01,1312.45
10628,2025-11-06,Asia,Singapore,Laptop,29,36643.32,26269.77
10629,2025-03-08,North America,Mexico,Laptop,18,25386.19,19330.78
10630,2026-01-05,South America,Brazil,Tablet,14,9348.77,6185.92
10631,2025-04-30,Europe,Spain,Smartphone,27,25487.83,16978.16
10632,2026-01-07,South America,Argentina,Laptop,6,10241.31,7519.78
10633,2026-04-30,South America,Argentina,Laptop,22,23114.42,15471.16
10634,2026-05-01,Europe,Spain,Monitor,19,6617.44,4567.2
10635,2025-02-23,North America,United States,Headphones,2,434.05,231.7
10636,2026-06-18,Asia,Singapore,Tablet,21,12368.39,7518.59
10637,2026-04-24,Europe,Spain,Smartphone,30,14012.45,9434.8
10638,2025-07-07,Europe,France,Tablet,26,18032.05,12418.18
10639,2025-08-23,North America,United States,Smartphone,24,28452.79,16761.11
10640,2026-03-11,South America,Argentina,Smartphone,22,9597.25,6428.84
10641,2025-12-01,South America,Argentina,Laptop,27,44991.28,32310.3
10642,2025-06-05,North America,Canada,Laptop,3,4901.77,3550.95
10643,2025-05-15,Europe,Germany,Tablet,2,785.65,482.3
10644,2025-04-03,North America,Canada,Tablet,24,9378.45,6631.75
10645,2026-04-02,Europe,Netherlands,Tablet,3,2507.65,1712.65
10646,2026-01-02,Asia,Malaysia,Headphones,16,3035.14,1906.54
10647,2026-06-04,Europe,Spain,Laptop,23,34096.95,28931.99
10648,2025-11-25,Asia,South Korea,Laptop,11,16539.41,10709.01
10649,2026-05-29,North America,Canada,Monitor,9,6268.79,4567.93
10650,2026-05-13,Asia,Malaysia,Laptop,4,3710.49,2461.62
10651,2025-11-07,North America,Mexico,Headphones,13,4359.28,2334.5
10652,2026-06-01,Europe,France,Headphones,11,1971.71,1462.61
10653,2025-12-18,South America,Argentina,Smartphone,28,20427.76,14706.64
10654,2026-05-16,Europe,Germany,Tablet,14,5371.91,4023.29
10655,2025-10-18,Asia,Japan,Headphones,21,1864.44,1257.14
10656,2025-04-01,Europe,Italy,Laptop,23,37592.93,29130.21
10657,2025-07-02,Asia,Malaysia,Tablet,24,18480.24,12699.99
10658,2026-03-21,Europe,France,Monitor,3,1086.38,669.61
10659,2025-01-08,Asia,South Korea,Tablet,21,14298.53,9397.04
10660,2025-06-01,Europe,France,Laptop,20,24388.13,17519.97
10661,2026-06-09,South America,Brazil,Laptop,23,34876.02,24227.78
10662,2025-12-02,South America,Brazil,Tablet,12,9260.45,5613.65
10663,2025-05-22,Asia,Malaysia,Tablet,16,8794.03,6260.9
10664,2025-03-06,North America,Canada,Monitor,17,10160.0,7001.27
10665,2025-01-08,North America,United States,Headphones,24,5489.04,3479.14
10666,2025-11-17,Europe,United Kingdom,Monitor,1,626.48,458.23
10667,2026-02-04,South America,Brazil,Tablet,24,8599.5,5070.11
10668,2026-01-08,Asia,India,Headphones,15,4490.54,2312.28
10669,2025-01-01,Asia,Singapore,Monitor,16,10598.49,7175.45
10670,2026-03-07,South America,Chile,Laptop,14,24351.47,15447.68
10671,2026-06-05,Europe,Spain,Laptop,1,1269.85,920.6
10672,2026-03-21,South America,Brazil,Smartphone,10,10159.14,6749.22
10673,2025-12-26,Europe,United Kingdom,Monitor,2,1338.64,858.49
10674,2025-10-17,Europe,Italy,Laptop,22,18701.05,12292.56
10675,2025-12-17,South America,Chile,Laptop,11,18507.61,12146.75
10676,2025-08-13,North America,Mexico,Tablet,8,5403.92,3179.36
10677,2026-01-19,Europe,Italy,Smartphone,13,14557.71,10674.51
10678,2025-08-02,Asia,Malaysia,Monitor,24,7260.16,5514.7
10679,2025-08-27,North America,Mexico,Laptop,3,4822.26,3047.22
10680,2026-03-05,North America,United States,Monitor,12,8028.89,5291.33
10681,2025-10-31,Asia,Japan,Laptop,12,13139.47,9857.12
10682,2026-02-18,South America,Argentina,Laptop,9,11801.42,8044.2
10683,2025-06-30,South America,Brazil,Tablet,14,10604.86,7611.71
10684,2025-09-10,Asia,India,Laptop,19,30540.27,19963.04
10685,2025-06-08,North America,United States,Laptop,16,20379.14,13630.05
10686,2025-07-16,South America,Argentina,Smartphone,4,3864.63,2732.19
10687,2025-06-10,Europe,Germany,Tablet,5,1806.59,1206.99
10688,2025-06-12,South America,Chile,Headphones,29,4179.14,1887.48
10689,2026-05-23,Europe,Italy,Smartphone,28,25018.55,17996.8
10690,2025-04-13,Asia,India,Laptop,26,27055.01,20721.36
10691,2026-03-15,South America,Brazil,Tablet,20,9539.24,5474.76
10692,2025-01-10,South America,Argentina,Monitor,25,10616.11,6900.8
10693,2026-04-22,South America,Brazil,Headphones,13,1930.05,937.6
10694,2026-01-11,South America,Brazil,Headphones,25,4456.21,2450.81
10695,2025-07-23,Europe,France,Laptop,25,35478.45,22457.56
10696,2025-09-29,Asia,Japan,Headphones,30,3038.54,1629.38
10697,2025-10-10,Europe,France,Smartphone,16,15546.15,9272.08
10698,2025-09-18,South America,Argentina,Smartphone,5,3455.84,2318.53
10699,2025-05-20,South America,Brazil,Headphones,6,2059.29,931.15
10700,2025-11-06,North America,United States,Laptop,10,14740.91,9899.72
10701,2026-05-14,Asia,Japan,Headphones,29,4557.0,2297.92
10702,2025-04-29,Asia,Malaysia,Laptop,29,41402.76,28958.07
10703,2025-02-28,North America,Mexico,Laptop,29,43155.76,31615.47
10704,2025-01-29,Asia,South Korea,Headphones,24,4829.91,2295.37
10705,2025-05-29,Europe,United Kingdom,Laptop,18,29905.87,21634.17
10706,2026-04-23,North America,Canada,Laptop,2,1720.84,1119.53
10707,2025-09-13,Europe,Netherlands,Smartphone,5,2653.43,1889.73
10708,2025-11-03,Asia,Japan,Smartphone,15,7983.05,5520.18
10709,2026-01-03,Europe,France,Headphones,19,6127.14,3186.5
10710,2026-03-11,North America,Mexico,Headphones,11,1424.4,921.16
10711,2025-06-04,North America,United States,Monitor,16,8364.91,5973.36
10712,2025-06-11,South America,Argentina,Laptop,13,14142.43,9346.51
10713,2025-12-19,Europe,United Kingdom,Tablet,30,14158.01,9406.72
10714,2025-05-18,South America,Brazil,Tablet,11,4809.96,3422.41
10715,2025-12-30,North America,Mexico,Headphones,11,3805.32,2190.34
10716,2026-06-27,Europe,France,Tablet,16,9208.53,7261.83
10717,2025-10-08,North America,Mexico,Tablet,7,5057.8,3383.72
10718,2025-04-18,Europe,Germany,Smartphone,29,12868.15,8560.74
10719,2025-08-01,Asia,India,Smartphone,4,4336.31,3092.36
10720,2025-04-14,South America,Argentina,Smartphone,12,13878.03,9736.26
10721,2026-04-12,Asia,India,Laptop,5,7967.6,5863.84
10722,2026-06-14,Asia,Japan,Laptop,5,6185.34,4819.13
10723,2025-05-25,Europe,Germany,Laptop,29,36092.61,27006.5
10724,2026-05-06,Europe,Germany,Tablet,9,5523.57,3514.69
10725,2025-09-09,Europe,Germany,Headphones,30,5482.31,2984.75
10726,2026-06-16,Europe,United Kingdom,Smartphone,20,11970.06,9783.08
10727,2025-06-09,Asia,Japan,Smartphone,30,26748.1,16683.67
10728,2025-10-10,South America,Chile,Tablet,9,5763.9,3474.79
10729,2026-01-04,Asia,India,Tablet,10,6138.06,3984.14
10730,2025-02-22,South America,Brazil,Smartphone,12,9247.42,5493.09
10731,2025-07-09,Europe,Italy,Monitor,6,2445.84,1517.84
10732,2025-07-10,Asia,Japan,Laptop,20,28261.15,19634.92
10733,2025-05-30,South America,Brazil,Tablet,26,8322.84,4593.52
10734,2025-05-19,Europe,Germany,Headphones,10,923.5,493.18
10735,2026-06-16,Asia,Japan,Smartphone,16,8025.88,5136.42
10736,2025-11-25,Asia,India,Monitor,17,10860.39,7502.47
10737,2026-06-02,South America,Brazil,Tablet,2,1797.98,1060.06
10738,2026-02-10,South America,Chile,Monitor,15,6417.16,3862.81
10739,2025-07-12,South America,Chile,Smartphone,15,12787.96,8245.44
10740,2026-05-02,Asia,Malaysia,Laptop,7,8461.28,6523.17
10741,2025-09-14,South America,Chile,Tablet,27,8634.97,5022.71
10742,2025-12-11,South America,Chile,Smartphone,6,3345.48,2270.22
10743,2026-04-18,Europe,Spain,Smartphone,10,4389.81,3003.86
10744,2025-05-25,North America,Mexico,Smartphone,13,8449.3,4915.11
10745,2026-05-01,South America,Argentina,Tablet,11,7062.52,4564.18
10746,2025-05-05,Asia,South Korea,Headphones,25,6875.92,4019.67
10747,2026-06-23,Europe,Spain,Smartphone,6,2494.62,1885.3
10748,2025-10-19,North America,Mexico,Headphones,25,7856.88,4316.86
10749,2025-12-30,North America,United States,Tablet,27,19594.71,12582.24
10750,2025-03-09,Asia,Singapore,Tablet,5,4246.82,2398.56
10751,2025-01-29,Asia,India,Headphones,19,5054.21,2866.67
10752,2025-07-25,South America,Argentina,Laptop,22,21438.41,16595.32
10753,2026-05-01,Europe,France,Smartphone,5,5533.41,3752.67
10754,2025-12-13,Asia,South Korea,Smartphone,2,1115.36,812.8
10755,2025-05-09,North America,Mexico,Monitor,15,10333.59,6466.92
10756,2026-01-29,Europe,United Kingdom,Headphones,22,5439.02,3098.87
10757,2025-09-05,South America,Brazil,Headphones,22,5614.1,3730.46
10758,2026-03-26,North America,United States,Monitor,30,18822.64,13176.3
10759,2025-10-28,South America,Brazil,Headphones,26,5667.58,2567.01
10760,2026-02-04,North America,United States,Smartphone,3,2605.0,1854.08
10761,2025-10-10,Asia,Malaysia,Monitor,15,10481.35,7699.4
10762,2026-04-03,North America,Canada,Headphones,24,4441.09,2162.78
10763,2026-01-22,North America,Canada,Laptop,2,3396.72,2477.2
10764,2025-04-12,Asia,South Korea,Monitor,28,14018.51,9941.26
10765,2026-04-28,South America,Argentina,Tablet,17,14197.36,9142.39
10766,2025-05-14,Asia,Malaysia,Laptop,14,21243.87,15023.92
10767,2025-10-28,Europe,United Kingdom,Laptop,17,29485.53,22071.51
10768,2026-03-03,Asia,Japan,Smartphone,29,16386.31,11874.57
10769,2025-08-31,Europe,Italy,Monitor,6,2942.58,1781.94
10770,2026-04-09,Asia,Singapore,Monitor,28,6426.89,4601.16
10771,2025-09-18,Europe,Netherlands,Headphones,12,4114.17,2036.47
10772,2026-05-16,North America,Canada,Tablet,5,4314.38,2355.11
10773,2025-01-09,Asia,Singapore,Headphones,28,3517.97,1634.57
10774,2026-01-11,South America,Chile,Laptop,28,37898.66,27022.81
10775,2025-05-15,Asia,South Korea,Smartphone,26,25504.85,18883.98
10776,2025-07-30,Europe,Italy,Headphones,28,7935.7,4714.66
10777,2025-03-09,South America,Argentina,Smartphone,24,21244.62,14970.94
10778,2026-02-17,Europe,France,Tablet,21,16449.18,10752.79
10779,2025-05-06,Asia,Japan,Smartphone,26,27585.74,19297.94
10780,2025-01-30,Asia,India,Headphones,23,5641.37,2835.06
10781,2026-01-16,South America,Brazil,Laptop,3,3275.72,2042.22
10782,2025-06-24,Europe,United Kingdom,Smartphone,2,2389.32,1693.97
10783,2025-10-17,Europe,France,Monitor,27,10972.46,7402.89
10784,2026-05-16,Europe,France,Headphones,19,2801.94,1570.14
10785,2025-10-10,North America,Canada,Smartphone,22,11368.7,7814.04
10786,2025-03-29,South America,Chile,Monitor,17,4333.31,2869.2
10787,2025-04-25,North America,United States,Monitor,14,5341.56,3520.55
10788,2026-03-25,Europe,Italy,Monitor,5,1168.9,748.93
10789,2025-05-04,South America,Brazil,Tablet,2,1414.04,793.15
10790,2025-07-11,Europe,Germany,Monitor,21,5462.88,4022.64
10791,2025-03-12,Europe,Netherlands,Monitor,10,3608.07,2713.26
10792,2025-07-10,Europe,Germany,Headphones,9,2558.34,1558.73
10793,2025-10-04,North America,Canada,Laptop,13,11658.72,8224.42
10794,2026-02-22,North America,United States,Monitor,1,512.31,320.11
10795,2026-06-08,South America,Chile,Headphones,27,3869.5,2585.45
10796,2025-08-17,Asia,Japan,Monitor,15,6295.95,3865.24
10797,2026-01-15,Asia,Singapore,Smartphone,12,11455.04,6880.09
10798,2025-03-03,Europe,France,Tablet,17,10541.99,5961.64
10799,2025-06-10,Europe,United Kingdom,Tablet,30,22679.81,13823.77
10800,2025-05-18,North America,Mexico,Headphones,20,2948.43,1298.3
10801,2026-06-02,South America,Brazil,Smartphone,1,1007.61,649.58
10802,2026-06-20,Europe,United Kingdom,Laptop,4,6011.56,4382.53
10803,2025-03-09,Asia,South Korea,Laptop,2,2780.5,2062.46
10804,2025-01-05,South America,Chile,Laptop,2,3014.56,1935.03
10805,2026-02-04,South America,Argentina,Monitor,28,15462.16,10439.19
10806,2026-06-08,Europe,France,Tablet,19,14620.36,9471.27
10807,2025-08-27,Asia,Singapore,Headphones,8,1431.51,803.92
10808,2025-01-31,North America,Canada,Tablet,29,17184.36,10714.04
10809,2025-04-20,North America,Canada,Monitor,10,4608.33,3228.1
10810,2025-09-16,Asia,Japan,Smartphone,23,14017.0,9149.48
10811,2026-01-31,Asia,India,Headphones,21,2250.88,1511.88
10812,2026-03-07,Europe,Spain,Headphones,7,1889.28,1130.58
10813,2025-06-13,South America,Brazil,Tablet,7,2318.51,1334.19
10814,2025-06-11,Europe,United Kingdom,Headphones,5,739.72,351.83
10815,2025-12-22,Asia,India,Monitor,25,7591.97,4765.1
10816,2025-03-11,South America,Brazil,Smartphone,23,20705.53,12952.45
10817,2026-05-04,Europe,United Kingdom,Smartphone,11,9302.17,7546.79
10818,2026-02-13,South America,Brazil,Headphones,2,262.56,163.76
10819,2026-04-02,Asia,Malaysia,Laptop,18,28334.11,20162.87
10820,2025-09-14,Europe,Italy,Smartphone,26,28246.76,17417.48
10821,2025-01-21,North America,Mexico,Monitor,23,7040.09,4598.01
10822,2026-06-13,South America,Chile,Monitor,11,5966.35,4358.65
10823,2026-05-01,Europe,Germany,Tablet,23,16462.85,11174.27
10824,2025-06-05,Asia,South Korea,Laptop,20,35202.7,26245.83
10825,2026-01-12,North America,Canada,Monitor,29,15247.3,10975.93
10826,2025-02-05,Europe,Netherlands,Tablet,23,10133.78,6914.05
10827,2026-06-22,Europe,Spain,Headphones,14,2153.43,1296.58
10828,2025-09-09,Asia,India,Laptop,18,22841.0,15899.44
10829,2025-03-23,Asia,Malaysia,Tablet,30,20736.75,12501.94
10830,2025-03-20,Europe,United Kingdom,Smartphone,21,8435.05,5723.19
10831,2025-06-03,South America,Chile,Laptop,26,32359.71,24698.35
10832,2026-02-14,Asia,India,Monitor,21,12637.19,9501.77
10833,2026-05-24,Asia,Singapore,Tablet,15,12881.11,9020.89
10834,2026-03-16,South America,Argentina,Tablet,1,572.11,356.65
10835,2025-08-27,Asia,Singapore,Smartphone,14,13172.48,9192.84
10836,2026-01-09,North America,Mexico,Monitor,11,7328.08,4801.66
10837,2026-06-11,Europe,Germany,Smartphone,27,29217.93,19320.08
10838,2026-01-02,South America,Argentina,Tablet,12,10341.33,5773.24
10839,2025-09-16,Europe,Italy,Tablet,7,4734.04,3083.03
10840,2026-06-28,South America,Brazil,Monitor,28,5735.05,4040.64
10841,2026-01-06,Asia,Japan,Tablet,20,13841.24,8165.47
10842,2025-06-21,Asia,Malaysia,Tablet,9,5692.42,4143.16
10843,2025-09-10,Asia,Malaysia,Headphones,1,106.18,60.36
10844,2025-02-07,South America,Brazil,Monitor,17,11392.31,8091.87
10845,2025-05-06,South America,Chile,Headphones,26,3784.02,1886.41
10846,2025-12-18,North America,United States,Tablet,21,10498.32,7047.58
10847,2025-03-21,Asia,Malaysia,Tablet,2,1570.77,1082.02
10848,2025-09-27,Europe,United Kingdom,Headphones,29,6468.54,4075.87
10849,2025-09-15,Europe,Spain,Smartphone,26,12769.93,8738.42
10850,2025-08-13,Asia,Japan,Smartphone,11,5296.39,3901.55
10851,2025-02-23,South America,Brazil,Smartphone,27,16122.31,10056.07
10852,2026-01-08,Asia,Malaysia,Headphones,18,2579.67,1760.33
10853,2025-08-04,South America,Chile,Headphones,16,2163.35,1301.06
10854,2025-12-01,Europe,United Kingdom,Headphones,6,1472.3,944.02
10855,2026-06-28,North America,Mexico,Headphones,3,469.34,262.37
10856,2025-01-13,North America,Mexico,Tablet,3,1529.99,932.97
10857,2025-10-08,South America,Argentina,Smartphone,28,33454.21,20382.64
10858,2025-07-23,Europe,Germany,Monitor,8,3165.92,2134.19
10859,2025-10-12,South America,Brazil,Tablet,27,10376.6,7317.66
10860,2025-02-15,North America,Mexico,Headphones,29,9927.3,4616.33
10861,2025-05-25,North America,Mexico,Tablet,15,8298.01,4756.86
10862,2026-04-12,South America,Chile,Headphones,29,4195.6,1906.3
10863,2025-09-18,South America,Brazil,Laptop,8,13120.44,8552.88
10864,2026-04-10,South America,Brazil,Tablet,19,6936.52,4871.97
10865,2026-05-20,South America,Brazil,Tablet,15,9716.12,6740.08
10866,2026-04-04,Asia,India,Laptop,17,14487.39,9528.75
10867,2025-03-13,Asia,South Korea,Smartphone,27,29491.97,21678.02
10868,2026-01-12,South America,Chile,Tablet,3,2698.88,1488.63
10869,2025-06-02,Asia,Japan,Laptop,4,4081.78,3027.12
10870,2026-06-05,South America,Chile,Laptop,18,21686.73,16447.83
10871,2026-04-29,Europe,Spain,Tablet,3,2143.87,1562.63
10872,2026-05-23,Asia,Singapore,Laptop,30,36330.81,24868.26
10873,2026-06-04,North America,Canada,Smartphone,24,17087.77,12379.51
10874,2025-03-17,Europe,United Kingdom,Smartphone,24,26348.15,15321.31
10875,2025-08-16,North America,Canada,Tablet,19,7782.73,5292.33
10876,2025-08-06,Europe,Netherlands,Headphones,3,862.82,481.76
10877,2025-08-26,North America,Canada,Monitor,12,2829.15,1770.77
10878,2025-01-28,South America,Chile,Smartphone,13,9929.12,6236.25
10879,2025-11-27,Asia,Japan,Headphones,13,1502.73,942.67
10880,2025-03-22,South America,Chile,Laptop,21,31798.91,20642.7
10881,2025-04-11,North America,United States,Smartphone,15,8816.84,6232.31
10882,2025-06-15,Asia,South Korea,Smartphone,29,29277.08,19746.82
10883,2026-03-09,Europe,Italy,Laptop,13,17706.8,11524.58
10884,2025-07-14,North America,Mexico,Laptop,26,33597.14,21003.54
10885,2026-01-03,Asia,Singapore,Tablet,1,412.79,263.0
10886,2025-08-05,North America,Canada,Smartphone,3,3001.82,2160.11
10887,2025-07-24,North America,Canada,Headphones,26,4852.45,2481.0
10888,2025-09-26,North America,United States,Laptop,11,13835.04,9698.9
10889,2025-11-07,Asia,India,Tablet,6,2385.7,1624.29
10890,2025-03-28,Europe,Germany,Monitor,10,4174.23,2732.28
10891,2025-02-11,South America,Argentina,Smartphone,1,543.6,397.57
10892,2025-01-07,Europe,Italy,Headphones,24,4545.2,2408.08
10893,2025-06-16,Asia,Japan,Laptop,10,9359.37,5929.59
10894,2025-10-23,Asia,Japan,Tablet,15,12606.39,7080.16
10895,2025-06-10,North America,Mexico,Tablet,2,1790.58,1028.15
10896,2026-05-10,Asia,Singapore,Tablet,1,636.37,382.01
10897,2025-02-24,Europe,Spain,Tablet,29,21602.34,13901.49
10898,2026-03-30,North America,United States,Laptop,29,39715.18,25243.18
10899,2025-11-01,North America,Mexico,Monitor,10,3098.55,1837.87
10900,2025-04-29,Asia,India,Headphones,16,3162.19,1703.01
10901,2026-06-17,Asia,Singapore,Monitor,4,2087.85,1579.64
10902,2026-04-27,South America,Brazil,Laptop,17,26188.6,16957.61
10903,2026-05-22,Asia,Singapore,Headphones,7,889.41,460.73
10904,2025-01-17,South America,Argentina,Smartphone,13,10429.02,6063.54
10905,2026-04-04,North America,United States,Laptop,15,19167.61,12543.99
10906,2025-12-23,Europe,France,Laptop,14,23584.39,17660.31
10907,2026-06-12,Europe,United Kingdom,Monitor,7,2895.92,2113.35
10908,2025-01-15,South America,Chile,Laptop,4,3902.37,2431.27
10909,2025-01-22,Europe,Netherlands,Headphones,15,4153.59,2510.14
10910,2026-03-30,South America,Argentina,Headphones,11,1761.48,1178.47
10911,2025-02-08,North America,United States,Smartphone,26,20603.82,11966.68
10912,2025-07-29,Europe,United Kingdom,Laptop,18,28583.28,20099.7
10913,2025-11-02,Asia,Malaysia,Monitor,1,556.57,364.89
10914,2025-06-10,Europe,Spain,Monitor,8,5008.94,3249.7
10915,2025-05-23,Asia,India,Tablet,25,13368.63,9280.06
10916,2025-10-31,Asia,Malaysia,Monitor,14,8749.61,5536.94
10917,2025-12-25,Asia,Japan,Headphones,4,690.38,362.3
10918,2025-11-11,Asia,Japan,Headphones,20,3524.01,1884.78
10919,2026-04-04,North America,Canada,Smartphone,26,27919.05,16937.42
10920,2025-02-01,South America,Argentina,Tablet,3,1239.9,803.11
10921,2025-01-31,South America,Chile,Tablet,28,12621.6,7215.47
10922,2026-05-12,Asia,India,Smartphone,29,29084.97,17796.38
10923,2025-07-10,Europe,France,Smartphone,22,21905.81,15834.05
10924,2025-01-09,Asia,Japan,Smartphone,17,13620.76,9199.4
10925,2026-05-01,Europe,Netherlands,Smartphone,22,21774.74,14477.01
10926,2025-12-27,Asia,India,Monitor,28,16251.1,9992.47
10927,2026-06-21,North America,United States,Laptop,26,41689.42,30506.82
10928,2026-05-23,South America,Chile,Monitor,11,3234.7,2013.02
10929,2026-02-07,Asia,South Korea,Monitor,7,4634.58,3369.28
10930,2025-05-29,Europe,Italy,Headphones,11,2996.24,1949.97
10931,2026-04-28,Asia,Japan,Headphones,24,6228.01,2892.54
10932,2025-10-01,Asia,South Korea,Headphones,3,595.59,375.53
10933,2025-07-11,Asia,Malaysia,Laptop,25,43817.66,31357.25
10934,2025-04-01,Europe,Spain,Laptop,19,31907.6,20313.45
10935,2026-05-01,North America,Canada,Tablet,23,8706.89,5367.0
10936,2025-11-24,Asia,South Korea,Laptop,29,23899.95,18610.68
10937,2025-02-04,Asia,Japan,Smartphone,28,19860.15,12226.34
10938,2026-01-23,North America,United States,Laptop,13,21853.76,13771.02
10939,2026-04-28,Europe,France,Headphones,20,2857.5,1988.36
10940,2025-08-18,South America,Chile,Tablet,19,5935.61,3510.69
10941,2025-12-02,South America,Brazil,Monitor,17,7814.62,5300.67
10942,2025-08-15,Europe,Spain,Laptop,3,2516.98,1594.08
10943,2025-12-24,North America,Canada,Laptop,12,18692.13,13656.1
10944,2025-10-21,South America,Brazil,Smartphone,29,24482.36,16923.23
10945,2026-05-24,Europe,Italy,Tablet,16,7592.41,5922.48
10946,2025-01-23,South America,Chile,Smartphone,8,4112.36,2628.65
10947,2025-08-29,South America,Brazil,Monitor,5,1497.0,1064.15
10948,2026-04-01,South America,Brazil,Laptop,23,37865.14,24485.77
10949,2026-02-21,Asia,India,Headphones,23,4109.75,2363.79
10950,2025-12-14,Asia,India,Headphones,14,1656.85,846.64
10951,2026-01-02,South America,Brazil,Headphones,9,3008.12,1725.44
10952,2025-10-16,Asia,Japan,Tablet,7,5160.1,3403.27
10953,2025-07-25,North America,United States,Monitor,25,14592.47,10419.23
10954,2026-02-24,Asia,Singapore,Tablet,10,6366.03,3571.91
10955,2025-04-25,Europe,United Kingdom,Tablet,11,7627.47,5433.66
10956,2026-06-27,South America,Brazil,Laptop,20,20509.0,14203.62
10957,2025-06-23,South America,Argentina,Tablet,21,15815.51,9785.19
10958,2025-01-25,South America,Brazil,Tablet,11,7898.36,5344.39
10959,2026-04-16,Europe,Germany,Monitor,4,1716.04,1173.0
10960,2025-12-27,North America,United States,Smartphone,14,8997.59,5321.77
10961,2025-07-26,Europe,United Kingdom,Monitor,22,7625.57,4763.55
10962,2025-06-05,Europe,Italy,Monitor,12,8336.99,5767.34
10963,2026-02-09,South America,Argentina,Headphones,3,799.52,414.85
10964,2025-10-31,North America,Canada,Monitor,27,15399.11,10925.5
10965,2025-08-26,South America,Chile,Headphones,13,2471.68,1253.11
10966,2026-03-14,Europe,France,Laptop,27,28645.68,19380.45
10967,2026-05-21,South America,Argentina,Monitor,28,15700.54,11855.96
10968,2025-09-16,Europe,United Kingdom,Headphones,12,3924.68,1793.62
10969,2025-06-20,North America,United States,Headphones,22,7295.24,3355.63
10970,2026-01-18,South America,Argentina,Smartphone,20,21759.93,14205.34
10971,2025-05-08,Asia,South Korea,Smartphone,9,8504.81,5032.49
10972,2025-09-30,South America,Argentina,Monitor,30,15128.9,11258.88
10973,2025-08-31,North America,Mexico,Laptop,5,7126.45,4875.97
10974,2026-01-31,Asia,South Korea,Smartphone,28,26343.8,15998.86
10975,2025-04-02,Asia,Singapore,Laptop,7,10424.68,7577.67
10976,2026-06-21,North America,United States,Tablet,27,9248.8,5019.2
10977,2025-03-10,Europe,Spain,Laptop,13,16817.89,11736.07
10978,2026-03-04,North America,United States,Smartphone,15,17183.98,11560.12
10979,2025-11-14,South America,Argentina,Laptop,4,4536.93,3198.68
10980,2025-10-17,South America,Brazil,Headphones,28,4533.94,2043.62
10981,2025-04-24,Europe,Germany,Tablet,28,10772.09,6232.2
10982,2025-01-22,South America,Argentina,Monitor,16,7382.78,5258.29
10983,2025-04-14,South America,Argentina,Tablet,12,5051.71,3222.34
10984,2026-04-12,Asia,Japan,Laptop,2,3210.18,2444.98
10985,2025-11-05,South America,Argentina,Laptop,7,6203.62,4312.41
10986,2026-04-14,Asia,Singapore,Smartphone,8,6898.57,4361.27
10987,2025-10-04,North America,United States,Smartphone,16,16522.39,10394.2
10988,2025-01-15,Asia,South Korea,Smartphone,2,1782.8,1293.37
10989,2025-07-21,North America,United States,Tablet,3,1178.07,827.28
10990,2026-06-28,South America,Argentina,Tablet,10,8599.41,5314.74
10991,2025-02-27,Europe,United Kingdom,Monitor,12,6501.09,4378.68
10992,2025-04-12,Asia,Malaysia,Laptop,18,22659.07,14969.92
10993,2025-04-13,Europe,Italy,Smartphone,18,13230.91,7748.42
10994,2025-01-10,Asia,India,Laptop,12,11926.96,8949.93
10995,2025-05-22,South America,Chile,Laptop,2,3213.09,2160.14
10996,2025-02-08,South America,Brazil,Headphones,22,6515.03,3059.97
10997,2026-01-29,Asia,Malaysia,Tablet,26,9452.41,6255.63
10998,2025-09-27,South America,Argentina,Monitor,20,4289.81,2820.78
10999,2025-06-20,Asia,Japan,Laptop,25,33558.95,24209.76
11000,2026-05-08,South America,Chile,Headphones,29,9297.07,4603.65
11001,2025-08-26,Asia,Singapore,Monitor,5,2748.19,1725.88
11002,2025-12-22,Europe,Italy,Headphones,13,1863.97,1071.96
11003,2025-07-03,South America,Chile,Monitor,20,11673.97,8209.69
11004,2026-02-27,South America,Chile,Headphones,13,4152.17,2302.34
11005,2025-07-27,South America,Chile,Headphones,24,7343.55,3916.83
11006,2026-06-18,Europe,Netherlands,Headphones,11,3074.6,2052.52
11007,2026-02-22,South America,Argentina,Smartphone,4,4599.31,3296.19
11008,2025-08-12,North America,Mexico,Monitor,18,12514.91,8141.92
11009,2025-10-03,Europe,Germany,Laptop,11,19003.74,13758.18
11010,2026-06-02,North America,United States,Monitor,30,10566.18,7486.68
11011,2025-06-10,Asia,India,Tablet,18,7984.49,5256.05
11012,2025-11-27,South America,Chile,Headphones,1,267.83,134.28
11013,2025-05-18,South America,Brazil,Monitor,8,5413.53,3823.5
11014,2025-07-04,South America,Argentina,Laptop,14,21141.63,14649.87
11015,2026-02-12,Asia,Singapore,Laptop,30,42561.6,32772.03
11016,2026-04-28,Asia,South Korea,Laptop,4,5673.02,4215.85
11017,2025-03-04,North America,Canada,Laptop,26,30583.24,21459.6
11018,2025-09-01,Asia,Japan,Smartphone,24,13325.88,8907.59
11019,2025-09-03,South America,Chile,Tablet,22,9973.66,7099.74
11020,2025-02-18,Europe,Spain,Monitor,7,1817.63,1116.68
11021,2025-06-24,Europe,Netherlands,Smartphone,28,21597.72,13141.27
11022,2026-02-08,Asia,India,Monitor,10,5344.58,3795.92
11023,2025-08-17,Asia,South Korea,Smartphone,8,9512.87,6993.33
11024,2025-01-17,North America,Mexico,Monitor,8,2880.86,1900.93
11025,2025-07-09,Asia,Japan,Monitor,25,14967.69,10158.58
11026,2025-09-21,Asia,Malaysia,Headphones,28,7852.77,5378.25
11027,2026-01-21,Asia,Malaysia,Laptop,28,46091.38,31081.98
11028,2026-01-30,South America,Brazil,Smartphone,17,19402.84,13191.23
11029,2025-06-28,Asia,Malaysia,Laptop,1,985.23,655.77
11030,2026-04-29,Europe,Netherlands,Monitor,1,512.07,428.33
11031,2025-07-20,Europe,United Kingdom,Laptop,15,22039.46,16098.91
11032,2025-09-12,South America,Brazil,Smartphone,8,6967.87,4266.39
11033,2025-04-04,North America,Canada,Tablet,22,15229.26,9733.45
11034,2026-03-29,North America,United States,Tablet,6,2668.35,1681.34
11035,2025-12-16,South America,Brazil,Tablet,1,876.57,597.33
11036,2026-01-27,South America,Chile,Laptop,8,7533.71,5716.04
11037,2025-08-14,South America,Chile,Laptop,19,15506.89,10205.32
11038,2025-09-03,North America,Canada,Tablet,10,8486.44,5453.53
11039,2025-03-27,North America,Mexico,Smartphone,8,6899.79,4303.19
11040,2025-08-18,Asia,Japan,Monitor,12,2634.82,1865.81
11041,2025-05-01,Asia,Malaysia,Laptop,17,18841.73,14240.7
11042,2025-08-16,South America,Argentina,Tablet,20,16425.56,9208.19
11043,2025-02-23,Europe,Italy,Monitor,30,19699.2,14282.18
11044,2025-03-11,Asia,Singapore,Monitor,18,10236.78,6869.56
11045,2025-01-29,South America,Argentina,Monitor,3,817.1,578.2
11046,2026-05-20,North America,Canada,Smartphone,14,11032.1,6662.17
11047,2025-02-09,South America,Chile,Headphones,30,8206.92,4629.65
11048,2026-05-08,North America,Mexico,Smartphone,18,13214.63,8693.94
11049,2026-05-13,Europe,Italy,Smartphone,27,26539.11,20262.15
11050,2025-05-09,Europe,Spain,Laptop,24,37370.3,26837.86
11051,2025-07-29,Europe,Italy,Headphones,17,1978.66,1289.7
11052,2025-07-24,South America,Chile,Headphones,24,4328.71,2912.58
11053,2025-11-05,Asia,India,Tablet,14,7611.86,4292.38
11054,2026-04-13,Asia,Singapore,Smartphone,13,9884.74,7352.19
11055,2025-12-28,Asia,Malaysia,Headphones,30,2460.79,1269.41
11056,2025-02-09,Asia,South Korea,Laptop,1,1613.27,1246.67
11057,2026-03-22,Europe,Netherlands,Tablet,4,1205.2,667.57
11058,2025-12-16,Europe,Germany,Headphones,26,7671.89,4768.72
11059,2025-06-23,South America,Argentina,Monitor,5,2124.2,1416.47
11060,2026-04-12,North America,United States,Laptop,12,16483.25,12487.23
11061,2025-12-08,North America,United States,Tablet,27,16156.91,9157.32
11062,2026-05-23,North America,United States,Tablet,26,15028.32,8838.51
11063,2025-11-30,Europe,Spain,Headphones,23,3801.81,2489.52
11064,2026-05-19,North America,Canada,Tablet,3,1933.81,1141.71
11065,2026-01-19,South America,Brazil,Laptop,26,31094.01,23225.32
11066,2025-07-09,North America,Mexico,Headphones,19,4000.32,2522.15
11067,2025-11-07,Europe,Netherlands,Monitor,5,2076.37,1321.09
11068,2025-12-31,Asia,Malaysia,Headphones,5,1583.03,911.03
11069,2026-06-27,Asia,Japan,Laptop,10,9925.83,7304.87
11070,2025-02-09,Asia,Singapore,Smartphone,2,818.53,499.53
11071,2026-06-14,Europe,United Kingdom,Smartphone,22,16094.29,12411.94
11072,2025-02-16,South America,Chile,Smartphone,29,18929.74,11771.18
11073,2026-05-23,Europe,Spain,Headphones,15,4768.48,3080.43
11074,2025-12-04,Europe,Italy,Laptop,13,11275.84,7203.54
11075,2025-06-04,Europe,Italy,Headphones,18,4658.79,2977.13
11076,2026-06-17,Europe,Italy,Smartphone,13,9592.65,6949.04
11077,2026-06-05,South America,Argentina,Smartphone,6,6621.64,4769.83
11078,2025-08-22,North America,Canada,Tablet,13,4433.63,2741.24
11079,2025-11-21,North America,Mexico,Tablet,30,22404.24,15208.57
11080,2025-03-27,South America,Brazil,Tablet,20,17368.49,11453.07
11081,2025-11-13,Europe,United Kingdom,Smartphone,13,15578.11,9677.55
11082,2025-03-15,Asia,India,Smartphone,5,2378.78,1664.21
11083,2025-04-23,South America,Argentina,Laptop,10,16258.18,10350.45
11084,2026-01-04,South America,Brazil,Laptop,2,3448.68,2208.76
11085,2025-03-05,South America,Argentina,Headphones,22,6967.6,3248.88
11086,2025-10-26,Europe,Netherlands,Monitor,10,2166.61,1604.34
11087,2025-12-11,North America,Canada,Tablet,4,2935.61,1652.26
11088,2025-06-25,South America,Brazil,Headphones,9,2647.68,1735.62
11089,2025-03-19,Europe,Italy,Monitor,26,15114.61,11030.06
11090,2026-05-03,Asia,Singapore,Headphones,24,3516.58,1742.91
11091,2025-11-26,South America,Argentina,Headphones,12,2974.77,1853.99
11092,2025-08-13,Asia,South Korea,Tablet,19,12296.06,7300.25
11093,2025-09-19,North America,Mexico,Smartphone,25,29463.36,19378.91
11094,2025-04-01,South America,Brazil,Monitor,19,6201.43,4460.44
11095,2025-12-19,South America,Chile,Headphones,22,6227.06,3876.89
11096,2025-07-06,North America,Mexico,Monitor,14,6434.07,4282.44
11097,2025-12-04,South America,Chile,Headphones,15,2643.63,1574.2
11098,2025-07-14,Europe,United Kingdom,Tablet,14,5776.09,3666.52
11099,2026-03-09,Asia,India,Smartphone,22,16435.88,9729.5
11100,2025-06-01,North America,Mexico,Headphones,9,2992.16,1636.63
11101,2025-07-07,South America,Brazil,Tablet,12,5921.85,3746.68
11102,2026-05-27,North America,United States,Laptop,20,21704.1,15295.74
11103,2025-09-13,Asia,Japan,Monitor,25,16103.97,10363.28
11104,2026-03-18,Europe,Germany,Tablet,9,5360.2,3280.22
11105,2026-04-15,South America,Chile,Laptop,19,20112.49,14494.88
11106,2025-12-03,North America,Mexico,Headphones,13,1315.69,590.6
11107,2026-04-11,South America,Argentina,Laptop,30,39247.79,24981.13
11108,2025-05-26,South America,Argentina,Laptop,11,18145.2,11967.13
11109,2026-01-06,Asia,Malaysia,Smartphone,27,14564.91,10910.01
11110,2026-02-20,South America,Brazil,Laptop,11,17440.59,11317.03
11111,2026-06-07,South America,Argentina,Tablet,27,23535.82,15660.52
11112,2025-05-13,South America,Brazil,Monitor,20,4764.16,3606.45
11113,2025-09-21,Asia,Malaysia,Tablet,12,8226.91,4839.38
11114,2025-04-13,Europe,United Kingdom,Tablet,26,11918.92,7551.06
11115,2025-02-26,South America,Chile,Headphones,16,5436.57,3450.06
11116,2025-01-05,Asia,Malaysia,Monitor,21,5556.86,4115.54
11117,2026-02-23,Asia,Japan,Monitor,28,9226.19,6766.94
11118,2026-04-09,South America,Brazil,Headphones,28,3457.11,1623.42
11119,2025-06-13,Asia,South Korea,Smartphone,4,1662.81,1132.25
11120,2026-04-12,Asia,Singapore,Tablet,2,1127.98,779.3
11121,2025-09-16,Europe,Italy,Headphones,5,1657.58,852.23
11122,2025-06-17,Europe,France,Monitor,16,4943.41,3564.23
11123,2026-04-20,North America,Mexico,Smartphone,22,17272.83,11516.08
11124,2025-09-29,Asia,South Korea,Headphones,22,5077.23,2522.42
11125,2025-05-22,South America,Argentina,Headphones,26,2647.72,1206.71
11126,2026-01-27,North America,United States,Tablet,18,5486.91,3635.28
11127,2026-01-14,Asia,India,Monitor,29,10117.62,6248.57
11128,2025-09-27,South America,Argentina,Smartphone,23,14175.47,9317.13
11129,2025-08-10,Asia,Malaysia,Tablet,12,6307.72,4114.58
11130,2025-08-29,Asia,Japan,Headphones,3,756.32,431.37
11131,2025-02-06,Asia,Japan,Headphones,4,930.67,440.12
11132,2025-07-27,North America,Mexico,Monitor,15,5690.15,3937.99
11133,2025-09-11,Asia,South Korea,Monitor,25,11782.74,7860.77
11134,2025-10-16,North America,Canada,Headphones,2,523.23,279.58
11135,2026-06-22,Europe,France,Headphones,22,6527.82,3671.08
11136,2025-08-26,Europe,Netherlands,Laptop,20,24148.32,17730.37
11137,2026-02-11,North America,Canada,Tablet,22,13477.35,9244.89
11138,2025-09-13,Asia,Singapore,Monitor,13,4200.48,2908.86
11139,2025-06-20,Asia,Japan,Monitor,1,697.0,529.12
11140,2026-04-29,South America,Argentina,Monitor,8,1732.71,1265.28
11141,2025-07-04,North America,United States,Monitor,27,11309.84,7824.33
11142,2025-08-06,South America,Chile,Laptop,22,18775.8,13636.17
11143,2026-03-09,Asia,South Korea,Smartphone,5,4975.28,3005.3
11144,2025-12-19,North America,Canada,Laptop,5,4363.67,3172.44
11145,2025-04-04,Asia,Japan,Headphones,21,5280.88,3251.22
11146,2025-07-13,Europe,Netherlands,Headphones,9,2493.26,1601.4
11147,2025-09-20,Asia,South Korea,Tablet,22,7967.79,5181.98
11148,2026-06-01,Europe,France,Laptop,6,8696.43,6215.72
11149,2025-06-20,Europe,Netherlands,Headphones,1,233.73,127.26
11150,2025-06-09,North America,Mexico,Smartphone,2,2324.47,1529.26
11151,2025-11-01,Asia,Singapore,Headphones,16,4666.54,2159.51
11152,2026-06-18,Europe,Italy,Tablet,16,6199.55,4834.36
11153,2026-06-17,Europe,Germany,Monitor,23,8490.4,6190.07
11154,2026-01-06,South America,Brazil,Smartphone,22,13210.62,8393.62
11155,2025-01-08,North America,United States,Monitor,1,399.88,262.93
11156,2025-04-13,North America,Canada,Laptop,27,37836.79,28956.49
11157,2026-01-09,Asia,India,Monitor,23,10033.23,7136.14
11158,2026-03-24,Asia,Japan,Headphones,6,847.47,521.77
11159,2026-02-27,South America,Brazil,Headphones,10,1534.84,716.89
11160,2026-03-27,Asia,Japan,Monitor,10,3215.97,2300.84
11161,2026-02-08,South America,Argentina,Tablet,21,6366.78,3515.67
11162,2026-06-16,North America,Canada,Monitor,30,11784.97,8081.16
11163,2026-01-10,Asia,Singapore,Headphones,13,1122.42,764.34
11164,2025-05-30,North America,United States,Headphones,9,2350.79,1241.22
11165,2025-06-08,Europe,Netherlands,Tablet,13,5258.24,3505.48
11166,2026-04-10,Europe,Spain,Laptop,7,12398.14,10639.3
11167,2026-06-13,Europe,Netherlands,Tablet,21,16900.49,11958.24
11168,2025-03-03,North America,Mexico,Tablet,21,12890.55,7793.28
11169,2026-02-16,Europe,Germany,Monitor,11,2502.4,1778.41
11170,2026-04-10,North America,United States,Smartphone,27,12399.29,8072.29
11171,2026-02-27,South America,Argentina,Monitor,27,9507.96,6466.76
11172,2026-06-08,Asia,India,Laptop,13,13037.07,9608.77
11173,2026-03-18,North America,United States,Monitor,29,19004.12,11946.45
11174,2025-08-05,South America,Brazil,Headphones,28,6672.88,4498.59
11175,2025-11-21,North America,Mexico,Monitor,12,5143.68,3417.77
11176,2026-05-20,Europe,Netherlands,Headphones,26,8416.48,5765.6
11177,2025-11-08,South America,Argentina,Smartphone,26,26762.86,16538.15
11178,2025-02-07,Asia,South Korea,Monitor,2,1183.22,834.26
11179,2026-02-21,Europe,Spain,Monitor,15,8087.13,4965.73
11180,2026-02-21,North America,United States,Headphones,4,603.8,324.0
11181,2025-09-19,Europe,France,Headphones,22,7157.47,3927.44
11182,2025-07-24,Asia,Japan,Headphones,1,322.53,197.44
11183,2026-04-04,Europe,Germany,Smartphone,25,15946.6,10909.71
11184,2025-02-13,South America,Argentina,Smartphone,18,17659.06,11434.5
11185,2026-05-10,North America,United States,Headphones,14,2535.13,1374.12
11186,2026-02-02,South America,Brazil,Smartphone,28,25178.46,17509.77
11187,2025-06-27,South America,Argentina,Headphones,20,2063.42,1038.51
11188,2025-08-31,South America,Chile,Tablet,27,8113.94,5689.9
11189,2025-01-15,Asia,Japan,Monitor,25,17402.13,13314.58
11190,2025-04-16,North America,Canada,Monitor,30,7677.73,4622.9
11191,2026-06-13,Asia,South Korea,Laptop,8,7673.54,5856.8
11192,2025-10-31,Europe,France,Monitor,2,705.71,445.48
11193,2025-10-02,North America,Canada,Monitor,21,8348.26,5963.06
11194,2025-09-11,North America,United States,Headphones,3,702.54,330.17
11195,2025-12-06,North America,Mexico,Headphones,30,3672.48,1988.14
11196,2025-11-07,South America,Chile,Smartphone,28,15027.23,10327.29
11197,2025-02-23,Europe,Spain,Smartphone,9,8302.2,5430.72
11198,2025-11-19,South America,Chile,Monitor,7,2261.16,1400.07
11199,2025-03-15,Asia,Singapore,Laptop,28,35386.15,27908.06
11200,2026-04-12,Europe,Italy,Tablet,2,1233.95,981.07
11201,2026-04-24,Europe,France,Monitor,13,3043.86,2229.16
11202,2025-10-22,Asia,Malaysia,Laptop,14,19324.32,13025.1
11203,2025-09-04,North America,Canada,Tablet,10,3973.45,2573.27
11204,2026-04-21,Asia,Singapore,Tablet,21,17209.01,10648.7
11205,2025-07-27,South America,Chile,Headphones,23,6455.35,3886.08
11206,2025-04-02,North America,Mexico,Smartphone,29,25796.17,15524.64
11207,2026-05-10,Asia,Singapore,Headphones,24,7593.77,4541.96
11208,2026-02-25,North America,United States,Monitor,14,2978.89,2165.22
11209,2025-03-29,South America,Argentina,Tablet,17,14633.96,9040.77
11210,2025-04-07,Europe,United Kingdom,Laptop,8,8991.74,6107.15
11211,2025-04-16,Europe,Netherlands,Laptop,14,16798.4,10494.93
11212,2026-03-10,South America,Argentina,Smartphone,21,10163.25,7461.67
11213,2025-01-19,Europe,Spain,Tablet,24,17573.89,10304.45
11214,2025-02-05,Europe,Netherlands,Monitor,8,4482.75,3121.87
11215,2025-08-28,South America,Chile,Smartphone,25,28927.86,17906.64
11216,2025-04-27,Europe,Spain,Headphones,24,7695.63,4635.67
11217,2026-04-09,Asia,India,Headphones,4,1195.74,604.48
11218,2025-01-07,Europe,Italy,Tablet,3,1654.18,921.61
11219,2025-10-04,South America,Brazil,Laptop,11,10989.95,7643.3
11220,2025-02-02,Europe,Spain,Smartphone,11,8875.66,6392.45
11221,2026-05-12,Europe,France,Laptop,2,2920.55,2208.57
11222,2025-12-02,North America,United States,Laptop,24,32245.64,24533.57
11223,2025-01-13,Europe,Netherlands,Tablet,30,12370.35,8077.5
11224,2025-09-27,Asia,Japan,Smartphone,12,8123.24,5136.86
11225,2025-07-26,Asia,Singapore,Headphones,6,1591.79,809.36
11226,2025-03-27,Asia,Singapore,Smartphone,26,10551.11,6784.03
11227,2025-07-27,Asia,India,Smartphone,13,11741.39,7376.19
11228,2025-05-24,South America,Argentina,Headphones,1,320.53,204.85
11229,2026-05-11,North America,Canada,Monitor,29,15289.77,9583.54
11230,2026-06-10,Europe,Germany,Laptop,27,41634.96,35202.48
11231,2025-01-14,South America,Argentina,Monitor,16,7421.28,4855.94
11232,2025-07-22,North America,Mexico,Smartphone,24,14254.23,9671.62
11233,2026-04-17,North America,United States,Monitor,2,1181.04,825.1
11234,2026-06-04,Europe,France,Smartphone,24,28480.16,22750.2
11235,2025-07-29,South America,Brazil,Monitor,23,16041.66,9686.71
11236,2025-01-23,North America,United States,Smartphone,8,9325.8,6702.41
11237,2025-04-10,Europe,Italy,Smartphone,26,30982.04,21242.66
11238,2026-05-06,North America,Canada,Monitor,21,14227.47,9333.23
11239,2025-06-22,North America,United States,Laptop,8,8539.12,6097.2
11240,2026-03-20,Europe,France,Monitor,27,8589.77,6424.83
11241,2026-02-16,Asia,South Korea,Smartphone,21,17095.02,10157.32
11242,2025-07-08,North America,Mexico,Laptop,1,1387.45,954.95
11243,2025-03-25,Europe,Germany,Smartphone,19,11203.6,7628.1
11244,2025-09-28,Europe,Spain,Headphones,14,2450.46,1366.39
11245,2026-01-02,South America,Argentina,Tablet,20,17668.95,12553.91
11246,2025-04-04,South America,Brazil,Smartphone,29,32224.16,19835.68
11247,2025-05-29,North America,Canada,Smartphone,24,12800.23,7730.35
11248,2025-10-27,Asia,Japan,Smartphone,3,3049.46,2227.74
11249,2025-08-24,Europe,Germany,Laptop,10,15319.88,9904.3
11250,2025-12-05,South America,Brazil,Smartphone,1,1001.65,676.51
11251,2025-01-02,North America,Mexico,Monitor,21,6117.49,3775.51
11252,2026-04-09,North America,United States,Laptop,1,1638.46,1044.61
11253,2026-01-01,South America,Chile,Smartphone,3,2427.46,1575.83
11254,2026-03-22,Asia,Japan,Laptop,9,9376.09,6626.81
11255,2025-11-05,Asia,South Korea,Smartphone,1,680.46,507.63
11256,2026-03-06,Asia,South Korea,Monitor,8,1657.28,1206.03
11257,2026-05-17,South America,Brazil,Smartphone,11,5607.14,3841.45
11258,2026-03-27,South America,Argentina,Tablet,18,11321.91,6672.66
11259,2025-04-07,North America,United States,Laptop,8,14176.38,9469.66
11260,2026-02-07,North America,United States,Tablet,8,2735.67,1615.52
11261,2025-04-15,Asia,Malaysia,Headphones,18,3732.34,2198.48
11262,2025-06-15,North America,United States,Smartphone,24,27263.05,15990.57
11263,2025-09-19,Asia,Malaysia,Tablet,1,775.26,526.13
11264,2026-06-30,North America,Canada,Smartphone,17,6910.19,4667.12
11265,2025-12-10,Asia,India,Smartphone,25,11021.53,7956.71
11266,2025-04-03,South America,Argentina,Headphones,29,8964.94,4775.82
11267,2025-04-06,North America,Canada,Headphones,28,5304.04,2993.01
11268,2026-05-04,Europe,France,Smartphone,30,14905.65,10942.46
11269,2025-09-02,North America,Mexico,Laptop,24,35203.1,25876.56
11270,2026-06-14,North America,United States,Smartphone,22,23789.49,15911.13
11271,2025-01-09,Asia,India,Monitor,19,8936.24,5515.74
11272,2026-03-12,Europe,France,Tablet,21,11208.44,7469.37
11273,2026-01-29,Asia,Japan,Tablet,22,10390.32,7179.76
11274,2026-03-16,North America,Canada,Monitor,4,1529.86,1022.81
11275,2026-04-07,Asia,Japan,Tablet,22,11144.94,6400.34
11276,2026-05-07,Asia,South Korea,Tablet,23,14482.59,9231.37
11277,2025-07-10,South America,Brazil,Tablet,19,12526.06,8857.42
11278,2025-10-12,South America,Brazil,Monitor,8,2861.43,1900.65
11279,2026-03-06,North America,Canada,Monitor,24,12971.02,8529.2
11280,2026-05-17,North America,United States,Headphones,24,2331.02,1109.76
11281,2025-01-31,Asia,Malaysia,Monitor,30,15565.45,9553.14
11282,2026-04-04,Europe,Germany,Laptop,14,24395.02,19061.97
11283,2025-05-29,Asia,Japan,Tablet,22,16555.21,10387.96
11284,2026-06-07,Europe,Germany,Headphones,18,5984.16,4505.05
11285,2025-10-19,North America,Mexico,Headphones,10,1845.98,1210.8
11286,2025-12-03,North America,United States,Laptop,6,6463.84,4683.94
11287,2025-05-28,South America,Brazil,Monitor,25,12751.64,8160.36
11288,2025-07-05,Europe,Italy,Smartphone,24,24448.65,15404.07
11289,2025-05-28,Europe,Spain,Monitor,14,5903.67,4345.14
11290,2025-08-05,South America,Argentina,Tablet,14,10243.13,6351.05
11291,2026-01-15,North America,Mexico,Headphones,13,1826.77,1037.81
11292,2026-06-27,North America,Canada,Headphones,24,4801.36,2233.92
11293,2025-03-24,South America,Chile,Smartphone,10,9726.65,7038.56
11294,2026-06-27,South America,Brazil,Monitor,7,2161.79,1514.82
11295,2026-04-12,North America,Canada,Smartphone,23,16776.43,11642.39
11296,2025-08-05,Asia,South Korea,Headphones,4,573.09,272.27
11297,2025-08-16,South America,Argentina,Laptop,16,23872.11,15310.2
11298,2025-06-30,Asia,India,Monitor,10,5145.82,3622.45
11299,2025-11-26,South America,Brazil,Tablet,3,2053.42,1451.05
11300,2025-05-27,North America,Canada,Headphones,30,8336.42,5059.13
11301,2025-09-03,Europe,United Kingdom,Laptop,9,8724.42,6542.02
11302,2026-06-18,Asia,Singapore,Tablet,25,12627.77,8743.56
11303,2025-05-01,North America,United States,Tablet,7,4375.85,2473.23
11304,2025-03-04,Europe,Spain,Monitor,22,11045.66,7980.84
11305,2025-05-10,Europe,United Kingdom,Laptop,2,1986.57,1452.01
11306,2025-03-18,North America,Mexico,Tablet,25,22496.87,15135.21
11307,2025-05-21,Asia,Singapore,Headphones,10,1211.31,625.99
11308,2025-05-19,South America,Brazil,Monitor,1,423.04,297.62
11309,2025-03-18,North America,Mexico,Monitor,13,4494.48,2818.35
11310,2025-04-20,South America,Chile,Laptop,8,12646.47,8107.28
11311,2025-06-27,Asia,Japan,Tablet,3,2680.99,1935.11
11312,2026-04-14,Asia,India,Laptop,15,12890.66,8874.21
11313,2025-10-22,North America,Mexico,Monitor,1,510.62,308.99
11314,2026-04-29,Europe,Italy,Smartphone,27,11621.08,8919.79
11315,2025-10-23,Europe,France,Monitor,25,5432.36,4041.18
11316,2025-10-05,Asia,India,Tablet,6,2221.68,1530.2
11317,2026-05-17,Europe,Italy,Headphones,27,5196.41,2972.88
11318,2026-02-16,Europe,United Kingdom,Monitor,8,3291.0,2260.47
11319,2026-02-13,North America,Mexico,Monitor,21,11176.86,7751.77
11320,2025-10-19,North America,Canada,Headphones,13,1058.47,647.72
11321,2025-06-13,North America,United States,Monitor,27,15616.1,10861.88
11322,2026-05-15,North America,Mexico,Smartphone,18,16262.25,9444.18
11323,2026-04-27,Europe,Germany,Smartphone,30,28983.98,20211.86
11324,2025-10-23,Asia,India,Smartphone,8,9277.56,5610.58
11325,2025-05-25,South America,Chile,Laptop,14,21290.22,14173.88
11326,2025-11-14,South America,Chile,Smartphone,29,30190.02,21111.55
11327,2025-01-21,North America,Mexico,Monitor,20,11135.59,6602.25
11328,2025-02-10,Asia,Japan,Monitor,19,9588.39,6469.67
11329,2026-06-10,North America,Mexico,Laptop,6,8496.54,5724.97
11330,2025-02-23,South America,Argentina,Tablet,28,8502.14,4979.38
11331,2025-01-31,North America,Canada,Monitor,14,8704.44,6038.93
11332,2025-10-25,Europe,Italy,Headphones,24,2914.75,1326.5
11333,2025-12-19,North America,United States,Headphones,14,1932.25,1289.61
11334,2025-10-15,Europe,Spain,Headphones,28,7237.44,3434.75
11335,2025-11-11,North America,Canada,Tablet,3,1338.3,896.05
11336,2025-05-13,North America,Mexico,Smartphone,24,14311.64,9671.47
11337,2025-12-18,Asia,South Korea,Smartphone,15,8467.48,5721.1
11338,2025-03-02,South America,Brazil,Monitor,16,8141.49,5552.46
11339,2025-02-15,North America,United States,Headphones,23,2376.81,1074.73
11340,2026-02-11,Asia,India,Laptop,11,19174.96,14020.16
11341,2025-12-27,Europe,Italy,Monitor,4,1310.48,927.01
11342,2026-06-11,South America,Chile,Monitor,4,2523.34,1689.1
11343,2025-03-02,South America,Brazil,Smartphone,18,9305.81,5556.32
11344,2025-07-06,Europe,Germany,Headphones,4,445.9,262.49
11345,2026-06-23,Asia,India,Monitor,18,6741.26,4136.65
11346,2026-06-08,North America,Canada,Headphones,7,1720.3,1088.15
11347,2025-08-14,South America,Argentina,Monitor,20,4111.69,3123.51
11348,2025-04-26,Europe,Spain,Monitor,2,620.92,395.79
11349,2025-06-08,Asia,Japan,Headphones,21,5689.58,2856.3
11350,2026-01-18,Asia,South Korea,Tablet,11,7782.27,5656.82
11351,2026-04-22,Europe,United Kingdom,Headphones,5,1418.51,855.23
11352,2025-03-08,South America,Brazil,Laptop,14,19834.32,13439.57
11353,2026-03-28,South America,Argentina,Monitor,24,14048.26,9474.59
11354,2026-06-01,South America,Brazil,Smartphone,28,11422.57,7770.05
11355,2026-05-30,Asia,Malaysia,Monitor,5,1003.78,618.64
11356,2026-03-12,Asia,Japan,Headphones,11,2149.2,1267.11
11357,2026-01-20,North America,Canada,Tablet,17,14708.11,9407.78
11358,2025-09-06,South America,Argentina,Laptop,14,21690.05,15416.54
11359,2026-05-22,North America,United States,Laptop,7,9267.9,6857.24
11360,2025-11-02,Europe,United Kingdom,Smartphone,29,24553.51,14250.63
11361,2025-12-29,Asia,India,Tablet,30,9113.89,6269.06
11362,2026-06-30,Asia,Singapore,Smartphone,10,9500.05,6092.67
11363,2025-10-28,Asia,Singapore,Tablet,13,4436.49,3174.9
11364,2025-03-06,South America,Chile,Tablet,7,5809.6,4048.26
11365,2026-04-08,South America,Brazil,Laptop,25,33042.77,25644.12
11366,2025-07-11,North America,Canada,Headphones,17,5810.06,3846.66
11367,2026-01-29,North America,Mexico,Smartphone,21,22111.01,13131.97
11368,2026-02-21,Asia,South Korea,Laptop,9,14038.44,9256.94
11369,2025-01-22,North America,Mexico,Laptop,3,4243.14,2752.47
11370,2025-11-17,Europe,Netherlands,Headphones,24,3805.46,2338.44
11371,2025-10-14,North America,Canada,Monitor,23,8172.42,5127.87
11372,2025-07-07,North America,Mexico,Tablet,21,7250.82,5075.05
11373,2026-02-17,North America,United States,Headphones,25,6801.58,4361.03
11374,2026-05-29,Asia,India,Laptop,14,13358.65,9232.06
11375,2025-12-21,Asia,India,Laptop,2,3006.9,2002.14
11376,2025-02-03,Europe,France,Smartphone,24,25301.92,16100.84
11377,2026-04-18,Europe,Netherlands,Tablet,10,7790.15,5019.8
11378,2025-09-23,Asia,Japan,Tablet,25,10641.47,7735.46
11379,2025-07-07,North America,Mexico,Tablet,17,10426.17,6276.09
11380,2025-11-30,South America,Brazil,Headphones,28,3904.17,2195.36
11381,2025-06-22,South America,Brazil,Headphones,12,2110.0,1015.26
11382,2026-02-07,Asia,Singapore,Headphones,20,2191.06,1390.4
11383,2025-09-01,North America,United States,Headphones,27,4789.76,2763.3
11384,2025-11-23,South America,Chile,Laptop,15,26650.66,20566.68
11385,2026-04-28,Europe,France,Monitor,23,10188.02,7836.19
11386,2026-05-31,Asia,South Korea,Smartphone,13,7489.05,5398.19
11387,2025-04-09,North America,Mexico,Smartphone,16,18140.34,13175.4
11388,2026-04-25,North America,Mexico,Headphones,26,8387.88,3927.8
11389,2025-11-05,North America,Mexico,Monitor,18,8818.43,5226.67
11390,2025-06-03,Europe,Spain,Tablet,10,3301.14,1828.33
11391,2025-06-21,North America,Canada,Headphones,15,3267.56,1681.25
11392,2026-04-20,Asia,India,Smartphone,1,543.37,395.81
11393,2025-02-01,Asia,South Korea,Smartphone,30,27112.78,17304.38
11394,2026-01-10,Asia,Japan,Tablet,25,19397.03,13508.15
11395,2025-04-09,South America,Argentina,Monitor,18,10208.44,7210.11
11396,2026-03-03,Europe,Spain,Smartphone,7,5597.14,3801.93
11397,2026-01-25,North America,Mexico,Tablet,3,938.05,619.78
11398,2025-03-13,North America,Canada,Tablet,9,5603.34,3126.24
11399,2025-07-30,Asia,Japan,Laptop,26,41650.88,32465.53
11400,2025-03-10,North America,United States,Tablet,28,8899.54,5713.02
11401,2025-03-22,South America,Argentina,Headphones,30,6532.67,3604.25
11402,2025-11-18,Europe,United Kingdom,Monitor,21,11560.48,6957.45
11403,2026-02-14,Asia,Japan,Tablet,27,21689.04,12308.78
11404,2026-04-08,South America,Argentina,Headphones,3,616.54,317.41
11405,2025-02-08,Asia,Japan,Headphones,26,7838.42,4342.62
11406,2025-01-18,North America,Mexico,Tablet,16,4972.09,3507.01
11407,2025-01-20,South America,Argentina,Laptop,24,27811.59,19987.41
11408,2025-11-25,Asia,South Korea,Smartphone,19,20467.32,14676.61
11409,2025-09-10,Europe,Netherlands,Laptop,6,9189.33,6175.66
11410,2026-05-31,Asia,Japan,Laptop,17,25607.46,18328.38
11411,2025-01-09,Europe,Italy,Smartphone,22,13924.02,8643.4
11412,2025-12-19,Europe,Italy,Headphones,14,1431.36,804.92
11413,2025-09-07,North America,United States,Headphones,22,3432.63,1885.3
11414,2025-11-27,Asia,India,Tablet,23,7512.41,5322.1
11415,2026-04-12,North America,United States,Headphones,8,2665.85,1610.73
11416,2025-04-29,Europe,Netherlands,Monitor,12,4064.46,2823.44
11417,2025-01-25,South America,Brazil,Laptop,19,27958.54,20907.57
11418,2026-05-22,North America,Mexico,Monitor,2,849.22,549.11
11419,2025-07-14,Asia,Japan,Laptop,5,4251.01,2962.12
11420,2025-07-10,Asia,India,Tablet,7,5399.99,3920.61
11421,2025-10-17,North America,United States,Headphones,4,543.11,310.54
11422,2026-06-11,North America,Canada,Tablet,28,10916.07,7466.22
11423,2025-08-17,Asia,South Korea,Monitor,3,2064.63,1328.73
11424,2025-06-09,Europe,Germany,Headphones,14,1774.42,1110.43
11425,2025-02-14,Asia,Singapore,Tablet,3,1336.05,948.02
11426,2026-02-06,Asia,Malaysia,Tablet,6,4618.41,3108.81
11427,2026-02-22,North America,Mexico,Headphones,16,4578.96,2032.17
11428,2025-01-21,Asia,Singapore,Tablet,13,5261.56,3264.87
11429,2025-12-05,Asia,South Korea,Tablet,5,4369.36,2528.58
11430,2025-04-16,North America,Canada,Tablet,27,17290.14,11906.69
11431,2025-04-28,Europe,United Kingdom,Tablet,9,7260.42,4053.82
11432,2025-11-26,North America,Mexico,Monitor,17,9714.28,5959.12
11433,2025-05-31,North America,United States,Headphones,17,3760.48,2345.91
11434,2026-02-17,Europe,Netherlands,Laptop,28,37186.32,28126.4
11435,2025-02-28,Europe,Italy,Tablet,20,15275.34,9840.88
11436,2025-01-13,Europe,Italy,Laptop,18,15109.96,11479.34
11437,2025-07-14,Europe,United Kingdom,Tablet,14,11763.19,7393.38
11438,2025-11-21,Asia,India,Monitor,7,2686.06,1982.39
11439,2025-06-11,North America,Mexico,Tablet,10,8819.46,5295.3
11440,2025-01-30,South America,Argentina,Tablet,10,5738.93,4128.13
11441,2026-06-09,Europe,United Kingdom,Tablet,20,8893.77,6412.49
11442,2026-04-23,South America,Argentina,Laptop,28,31007.61,20807.93
11443,2026-05-28,Europe,Italy,Tablet,5,1976.0,1299.12
11444,2025-07-16,South America,Chile,Smartphone,26,19002.08,11054.85
11445,2025-11-06,North America,United States,Smartphone,6,3572.41,2471.66
11446,2025-04-22,North America,United States,Laptop,9,13972.5,9613.05
11447,2025-08-06,North America,United States,Headphones,10,1318.95,846.5
11448,2025-03-14,North America,Canada,Monitor,1,503.32,316.59
11449,2025-12-05,Europe,Netherlands,Tablet,20,6609.57,3869.3
11450,2025-08-27,Europe,France,Headphones,7,2234.68,1385.63
11451,2025-12-31,South America,Brazil,Laptop,22,27514.97,17449.94
11452,2026-01-05,South America,Argentina,Monitor,22,6326.18,4036.61
11453,2026-03-14,North America,Mexico,Smartphone,13,7636.52,4384.77
11454,2025-04-09,South America,Brazil,Headphones,2,262.02,176.83
11455,2025-08-09,South America,Chile,Tablet,6,3232.3,2148.51
11456,2025-10-17,Europe,Netherlands,Tablet,10,7536.29,4603.29
11457,2025-03-16,North America,Mexico,Monitor,20,9201.23,6898.43
11458,2025-06-10,Asia,Malaysia,Headphones,3,808.75,473.86
11459,2025-03-10,Asia,Malaysia,Laptop,20,35391.44,26875.82
11460,2025-03-28,South America,Argentina,Laptop,3,4126.14,3012.34
11461,2025-07-11,South America,Argentina,Laptop,15,20860.86,14283.44
11462,2026-06-16,North America,Mexico,Headphones,15,4507.7,2436.3
11463,2025-06-08,Europe,Netherlands,Monitor,16,8915.37,6406.68
11464,2025-09-22,North America,United States,Tablet,27,14217.07,8764.18
11465,2025-08-08,South America,Argentina,Headphones,17,2203.16,1467.62
11466,2025-03-18,Asia,Japan,Headphones,26,8735.87,5034.66
11467,2025-01-15,Europe,France,Headphones,22,3934.45,2224.79
11468,2025-10-09,North America,Canada,Smartphone,11,5860.97,3587.96
11469,2026-04-03,Europe,Netherlands,Tablet,28,18936.94,13768.31
11470,2025-07-22,Europe,Germany,Tablet,14,11949.6,7327.21
11471,2026-05-26,North America,United States,Tablet,12,6708.97,3988.92
11472,2025-08-05,Europe,Netherlands,Smartphone,19,8453.52,5617.39
11473,2025-06-30,South America,Argentina,Laptop,5,7783.49,5143.66
11474,2025-07-09,Asia,South Korea,Smartphone,7,5317.16,3905.1
11475,2025-02-04,North America,United States,Laptop,7,11387.21,8051.45
11476,2025-03-27,Asia,Japan,Smartphone,15,14637.92,10954.84
11477,2025-04-12,North America,Mexico,Tablet,25,9769.09,6434.59
11478,2025-03-31,South America,Chile,Tablet,30,12262.23,7241.53
11479,2025-12-03,Asia,India,Smartphone,6,5390.91,3483.1
11480,2025-01-27,Asia,Singapore,Laptop,20,24849.44,16121.42
11481,2025-04-06,North America,Mexico,Tablet,10,4373.29,2660.38
11482,2026-03-27,North America,Mexico,Laptop,18,22762.76,14307.64
11483,2025-11-18,Asia,Malaysia,Monitor,14,4834.52,3580.4
11484,2026-06-05,North America,Mexico,Monitor,18,6454.76,4418.4
11485,2026-02-17,Europe,Italy,Tablet,22,13726.34,9473.73
11486,2025-06-02,South America,Chile,Tablet,6,4167.07,2327.3
11487,2025-02-24,Asia,Malaysia,Laptop,13,11979.47,7811.54
11488,2025-03-25,Europe,Germany,Laptop,16,13337.07,8312.6
11489,2026-05-24,South America,Brazil,Monitor,10,4552.17,3003.44
11490,2025-05-01,South America,Chile,Laptop,5,4232.47,3245.08
11491,2026-05-10,Europe,Netherlands,Laptop,14,20704.74,17693.22
11492,2026-03-10,Asia,Malaysia,Tablet,17,14742.17,10558.43
11493,2026-04-08,South America,Brazil,Headphones,13,3344.54,1886.41
11494,2026-05-17,North America,United States,Monitor,13,9042.1,5408.34
11495,2025-09-30,North America,Mexico,Headphones,18,4614.96,2865.21
11496,2025-11-16,North America,Mexico,Smartphone,10,6729.92,4806.69
11497,2026-06-04,South America,Argentina,Tablet,8,4809.95,3102.57
11498,2025-10-27,North America,United States,Smartphone,14,9294.85,5562.05
11499,2026-03-02,South America,Argentina,Smartphone,4,2697.82,1638.96
11500,2025-10-04,Europe,Netherlands,Monitor,27,12677.54,8038.19
11501,2025-07-06,Europe,Germany,Smartphone,13,15103.39,11061.68
11502,2026-02-27,North America,United States,Monitor,7,2443.77,1818.8
11503,2026-06-24,North America,Canada,Headphones,16,5248.52,2385.86
11504,2025-10-23,North America,Mexico,Monitor,17,11778.32,8360.65
11505,2025-07-07,South America,Chile,Smartphone,10,5412.63,3402.51
11506,2025-07-30,North America,Mexico,Smartphone,17,18696.98,12567.83
11507,2025-01-12,Europe,United Kingdom,Smartphone,12,5588.06,3428.57
11508,2025-07-06,South America,Brazil,Tablet,18,15601.58,9649.69
11509,2026-06-03,Asia,India,Laptop,21,22197.17,16502.76
11510,2025-10-07,South America,Argentina,Smartphone,14,6873.03,4681.47
11511,2025-11-16,South America,Brazil,Smartphone,3,3042.94,1947.72
11512,2025-05-09,South America,Argentina,Monitor,21,6211.48,4623.65
11513,2025-07-08,Europe,Germany,Monitor,4,1025.92,721.44
11514,2025-08-17,South America,Chile,Headphones,12,3987.03,2356.84
11515,2026-04-26,North America,Mexico,Laptop,6,9989.21,6403.77
11516,2026-01-03,Asia,Japan,Tablet,28,17078.66,10300.99
11517,2026-01-18,South America,Brazil,Headphones,7,2394.02,1438.06
11518,2025-11-12,South America,Brazil,Monitor,10,4916.06,3005.3
11519,2026-06-19,Europe,United Kingdom,Tablet,11,6175.17,4093.5
11520,2026-03-15,Europe,Netherlands,Tablet,16,11002.14,7755.59
11521,2025-04-30,Europe,United Kingdom,Smartphone,9,9305.41,5874.2
11522,2025-09-24,South America,Argentina,Headphones,19,4501.34,2232.86
11523,2025-12-13,South America,Brazil,Monitor,30,12491.22,9059.25
11524,2026-01-04,Asia,Malaysia,Tablet,19,12719.33,7707.28
11525,2026-06-20,North America,Mexico,Monitor,15,10294.31,6845.9
11526,2026-04-09,Asia,Malaysia,Laptop,20,33444.88,23732.57
11527,2026-04-14,Europe,United Kingdom,Laptop,1,1748.31,1415.05
11528,2026-01-21,North America,United States,Headphones,16,3878.56,1795.9
11529,2026-05-01,Asia,South Korea,Laptop,17,30211.87,21571.28
11530,2026-04-06,North America,United States,Tablet,29,15024.83,10442.21
11531,2026-02-04,North America,United States,Laptop,23,40739.88,25459.33
11532,2026-06-14,Europe,Spain,Smartphone,25,23734.03,18150.54
11533,2025-11-30,North America,Mexico,Headphones,21,3486.65,1601.33
11534,2025-03-25,Asia,India,Tablet,19,15809.94,10967.73
11535,2025-09-09,Asia,Japan,Headphones,4,1130.63,713.78
11536,2025-09-16,Asia,South Korea,Monitor,30,14895.74,9193.72
11537,2026-04-24,South America,Brazil,Monitor,20,10433.95,7413.02
11538,2025-12-04,Asia,Japan,Monitor,2,1085.46,766.23
11539,2025-08-30,South America,Brazil,Headphones,25,6982.29,3981.64
11540,2026-02-21,North America,United States,Tablet,21,17656.38,12330.8
11541,2026-02-22,North America,Canada,Smartphone,19,13391.69,9131.18
11542,2025-02-26,North America,Canada,Tablet,6,2068.69,1131.26
11543,2025-06-20,South America,Argentina,Laptop,6,10585.31,7472.47
11544,2025-10-09,Europe,United Kingdom,Monitor,14,8472.56,5771.26
11545,2025-09-11,Europe,Italy,Smartphone,11,12345.35,7990.5
11546,2025-01-16,South America,Chile,Monitor,23,7523.87,5278.0
11547,2026-04-28,South America,Chile,Tablet,25,13229.98,7857.38
11548,2025-06-05,North America,Canada,Headphones,8,1173.22,659.88
11549,2026-05-31,South America,Chile,Tablet,10,5439.23,3047.36
11550,2025-05-09,Asia,India,Headphones,15,2908.8,1599.06
11551,2025-07-26,Europe,Netherlands,Monitor,29,15445.64,10967.4
11552,2025-12-13,South America,Brazil,Monitor,9,2374.51,1506.81
11553,2025-11-04,Europe,France,Headphones,23,3333.8,2130.1
11554,2025-09-01,South America,Brazil,Smartphone,15,10087.59,6484.22
11555,2026-03-03,North America,Canada,Tablet,8,6910.62,3807.91
11556,2025-04-17,Asia,Malaysia,Tablet,13,8196.51,5439.13
11557,2025-08-29,Asia,South Korea,Monitor,13,8677.23,5415.53
11558,2025-08-11,North America,Mexico,Laptop,26,23931.51,15178.91
11559,2025-06-02,North America,United States,Smartphone,26,17159.53,10618.08
11560,2025-05-02,North America,United States,Smartphone,10,7463.68,4316.22
11561,2026-01-22,Asia,Malaysia,Headphones,4,996.0,459.45
11562,2025-12-05,North America,Canada,Smartphone,2,2038.34,1162.61
11563,2025-09-13,South America,Brazil,Laptop,23,29568.04,21041.66
11564,2025-09-22,Asia,Singapore,Laptop,13,11674.06,8264.52
11565,2025-07-05,Asia,Malaysia,Smartphone,2,1529.56,920.15
11566,2025-09-03,North America,Mexico,Monitor,11,7593.21,5198.13
11567,2025-04-26,Europe,France,Smartphone,2,1019.79,633.75
11568,2025-04-12,South America,Brazil,Smartphone,18,8393.54,5691.19
11569,2025-11-26,North America,United States,Laptop,5,5299.54,3578.77
11570,2025-09-14,Europe,Netherlands,Laptop,28,39702.14,24656.21
11571,2025-11-04,Asia,South Korea,Headphones,4,1257.47,598.7
11572,2026-01-19,South America,Chile,Smartphone,14,15621.77,11253.47
11573,2026-02-27,Asia,Singapore,Laptop,12,21335.47,16517.54
11574,2025-03-23,Asia,India,Laptop,12,15154.11,10112.05
11575,2026-01-18,Asia,Japan,Monitor,19,4883.86,3112.35
11576,2025-08-14,Europe,Italy,Monitor,4,1637.19,1018.21
11577,2026-03-02,Europe,Netherlands,Monitor,25,9165.8,6314.51
11578,2025-04-06,North America,Canada,Smartphone,21,20425.45,12360.11
11579,2025-06-09,Europe,United Kingdom,Monitor,2,540.74,382.53
11580,2025-06-22,North America,Canada,Tablet,30,16135.56,11225.87
11581,2026-05-07,Asia,South Korea,Laptop,18,20702.22,15482.64
11582,2025-08-24,South America,Brazil,Smartphone,23,15666.81,11110.55
11583,2026-04-08,South America,Chile,Laptop,18,23296.32,16807.25
11584,2025-10-24,Europe,Italy,Headphones,14,4884.6,2727.55
11585,2025-08-18,Asia,South Korea,Headphones,8,1873.49,1179.91
11586,2025-12-04,South America,Brazil,Laptop,5,4256.79,3248.39
11587,2025-06-17,Europe,Germany,Tablet,18,15786.09,8940.53
11588,2025-09-23,South America,Chile,Laptop,8,13470.21,10178.78
11589,2025-08-21,Asia,India,Smartphone,17,12654.89,8854.24
11590,2025-10-23,Asia,Japan,Tablet,23,16196.29,11182.17
11591,2025-10-13,Asia,South Korea,Laptop,2,3418.93,2208.33
11592,2026-02-12,Asia,Malaysia,Tablet,27,19470.92,14030.23
11593,2025-04-18,Europe,France,Laptop,30,47569.87,35712.42
11594,2026-02-26,North America,United States,Tablet,1,436.69,281.36
11595,2026-04-25,South America,Brazil,Laptop,4,5313.17,3766.66
11596,2026-03-24,Europe,United Kingdom,Smartphone,27,30562.06,20601.56
11597,2025-04-21,North America,Mexico,Headphones,5,494.41,320.24
11598,2025-04-25,Asia,India,Monitor,5,3031.47,1972.28
11599,2025-10-22,Europe,Spain,Tablet,25,7813.16,5184.91
11600,2026-03-03,South America,Chile,Tablet,22,7643.64,5271.87
11601,2025-01-19,North America,Canada,Tablet,13,8009.64,4443.23
11602,2025-08-23,North America,United States,Laptop,11,11252.07,7194.87
11603,2025-08-16,Europe,United Kingdom,Headphones,8,1945.75,1275.95
11604,2026-06-14,Asia,Japan,Smartphone,12,11559.43,8391.92
11605,2025-09-06,North America,Mexico,Monitor,27,18390.35,13123.76
11606,2026-03-16,Asia,Singapore,Monitor,4,2591.03,1896.76
11607,2025-08-28,Europe,Italy,Tablet,29,25445.95,15915.21
11608,2026-03-29,Asia,India,Headphones,16,4310.5,2652.43
11609,2025-01-11,Asia,South Korea,Tablet,17,12759.49,7232.89
11610,2025-06-19,North America,Mexico,Tablet,1,558.9,327.38
11611,2026-01-26,South America,Argentina,Tablet,3,1785.57,1129.02
11612,2026-05-27,North America,United States,Smartphone,19,9316.74,5506.98
11613,2026-01-28,North America,Mexico,Tablet,14,6658.55,3718.42
11614,2025-07-20,Europe,Germany,Laptop,24,38909.98,27964.83
11615,2025-08-12,Asia,Singapore,Laptop,8,6777.55,4447.88
11616,2026-06-04,Asia,Singapore,Smartphone,13,8027.06,5121.97
11617,2026-01-28,South America,Brazil,Laptop,19,30279.31,22965.55
11618,2025-02-15,South America,Argentina,Headphones,11,2511.68,1668.65
11619,2025-10-21,North America,United States,Monitor,14,8668.21,5532.25
11620,2026-02-22,North America,United States,Tablet,15,5346.18,3489.58
11621,2025-06-05,Asia,India,Laptop,5,6628.7,4391.02
11622,2025-10-12,Asia,Malaysia,Tablet,26,12428.76,7653.03
11623,2025-02-12,South America,Argentina,Smartphone,27,24147.76,15995.74
11624,2025-01-21,Asia,South Korea,Headphones,22,3386.5,1581.25
11625,2025-02-23,Europe,Germany,Laptop,29,51970.85,35825.78
11626,2026-05-11,South America,Chile,Laptop,8,13908.7,10232.91
11627,2025-09-21,South America,Argentina,Tablet,5,4422.46,2547.29
11628,2025-04-28,South America,Chile,Monitor,27,14625.86,10195.78
11629,2025-06-23,South America,Chile,Monitor,19,11493.3,8661.53
11630,2025-08-28,North America,Mexico,Tablet,20,11189.64,7730.42
11631,2026-01-05,South America,Brazil,Smartphone,26,28932.44,17704.75
11632,2025-03-28,North America,United States,Monitor,2,760.16,569.31
11633,2025-10-20,Europe,United Kingdom,Monitor,11,5115.37,3883.69
11634,2025-02-06,Europe,Netherlands,Tablet,10,4850.45,2964.41
11635,2025-07-03,North America,Canada,Monitor,8,3506.98,2389.0
11636,2025-10-02,Europe,Netherlands,Laptop,5,8012.89,6004.16
11637,2025-08-17,Asia,Malaysia,Monitor,28,14607.65,9031.09
11638,2026-06-19,South America,Chile,Laptop,16,21226.24,16129.36
11639,2025-08-29,Asia,Japan,Tablet,22,7365.99,5007.34
11640,2026-01-13,North America,Canada,Smartphone,6,3253.14,1930.01
11641,2025-09-06,Asia,South Korea,Laptop,3,3760.38,2584.98
11642,2025-05-28,South America,Chile,Headphones,17,4937.22,2455.74
11643,2025-03-03,Europe,France,Tablet,5,2124.82,1368.17
11644,2025-02-08,South America,Brazil,Headphones,9,2591.11,1407.66
11645,2026-05-11,Asia,South Korea,Headphones,12,2513.82,1169.74
11646,2025-08-04,North America,Mexico,Tablet,16,11494.08,6362.15
11647,2026-02-08,South America,Brazil,Smartphone,21,18296.65,12732.66
11648,2025-06-07,Europe,France,Monitor,2,512.54,324.94
11649,2025-06-10,South America,Argentina,Laptop,30,51931.04,33806.15
11650,2025-04-30,South America,Chile,Tablet,21,17179.0,10843.93
11651,2025-10-02,Asia,Singapore,Laptop,18,23953.63,18767.45
11652,2026-01-05,South America,Chile,Monitor,27,14517.27,10797.03
11653,2026-01-16,Europe,United Kingdom,Laptop,5,4483.81,3067.82
11654,2025-09-24,North America,Mexico,Headphones,5,516.05,263.01
11655,2026-01-09,Europe,Italy,Monitor,25,17086.07,11650.34
11656,2025-04-01,Europe,Spain,Tablet,10,8518.83,5598.78
11657,2025-08-17,Europe,France,Smartphone,12,6930.5,4377.47
11658,2026-01-05,Asia,Malaysia,Monitor,6,1233.17,926.56
11659,2025-11-29,South America,Brazil,Laptop,21,25570.5,18932.42
11660,2025-10-28,Asia,India,Headphones,6,1860.83,1218.87
11661,2026-05-19,Asia,Malaysia,Monitor,15,9017.08,6143.51
11662,2025-03-30,Europe,Italy,Laptop,30,26991.72,19999.25
11663,2025-08-27,Europe,France,Smartphone,6,3413.27,2343.45
11664,2025-09-13,North America,Mexico,Tablet,8,3354.32,2093.02
11665,2025-09-23,North America,United States,Monitor,23,14334.54,9372.75
11666,2025-05-21,South America,Argentina,Tablet,29,10437.32,6046.06
11667,2026-02-09,Asia,Malaysia,Smartphone,9,5862.64,4310.7
11668,2025-07-11,Asia,Japan,Headphones,21,4445.75,2329.68
11669,2025-09-26,Asia,Malaysia,Monitor,24,13637.85,9888.04
11670,2026-01-25,Europe,Italy,Headphones,7,1657.17,775.97
11671,2025-12-25,Europe,United Kingdom,Laptop,24,30233.48,21780.79
11672,2025-03-03,Europe,Italy,Tablet,7,5003.52,3042.33
11673,2026-06-30,North America,Mexico,Laptop,25,29130.56,22143.79
11674,2025-06-08,Europe,Netherlands,Headphones,6,1384.65,831.4
11675,2025-09-01,North America,United States,Tablet,21,13905.51,7530.22
11676,2025-03-23,North America,United States,Headphones,1,94.26,59.09
11677,2025-09-27,South America,Brazil,Tablet,15,10422.25,7139.19
11678,2025-08-05,Asia,Singapore,Monitor,23,11751.06,7920.68
11679,2025-09-30,Asia,Malaysia,Headphones,14,1880.35,1093.37
11680,2026-02-26,Europe,Germany,Smartphone,23,16952.46,11378.88
11681,2025-07-17,Europe,Germany,Tablet,10,5676.4,3391.87
11682,2025-06-22,North America,Mexico,Tablet,10,3851.61,2448.1
11683,2025-04-03,Asia,Japan,Tablet,12,4193.09,2460.95
11684,2026-02-09,Europe,Italy,Headphones,6,1843.86,896.41
11685,2026-04-15,Asia,India,Smartphone,14,12496.07,7417.07
11686,2026-02-08,South America,Brazil,Smartphone,5,4344.52,2678.9
11687,2026-02-25,North America,United States,Laptop,23,22554.66,16748.79
11688,2025-10-30,Europe,Netherlands,Smartphone,10,11848.24,7055.52
11689,2026-05-07,South America,Brazil,Headphones,16,1773.19,1172.03
11690,2026-05-04,South America,Chile,Smartphone,17,11950.3,6973.32
11691,2026-04-22,Europe,United Kingdom,Smartphone,2,1856.48,1506.02
11692,2026-03-10,South America,Chile,Tablet,16,11933.54,7412.63
11693,2026-01-08,North America,United States,Laptop,23,34418.16,25376.54
11694,2025-05-13,South America,Chile,Tablet,4,1978.55,1309.53
11695,2025-09-15,Asia,India,Headphones,16,4781.07,2213.37
11696,2025-12-22,Europe,Spain,Headphones,27,3341.9,1616.54
11697,2026-02-21,Asia,Singapore,Headphones,28,3918.3,2579.66
11698,2025-10-09,Europe,Netherlands,Headphones,27,9085.86,5415.13
11699,2026-05-25,North America,Mexico,Smartphone,17,10104.45,7195.38
11700,2026-02-21,Asia,Japan,Smartphone,11,10089.52,6167.25
11701,2026-05-27,North America,Canada,Laptop,5,6847.1,5215.49
11702,2025-08-04,Asia,Japan,Monitor,14,8798.72,6579.95
11703,2025-07-04,Europe,Spain,Laptop,30,36322.96,24419.76
11704,2025-02-08,South America,Argentina,Smartphone,29,26115.22,16698.37
11705,2025-12-06,Europe,France,Headphones,19,4121.1,2236.98
11706,2025-08-30,Europe,Spain,Laptop,11,14393.42,9487.5
11707,2025-01-09,South America,Argentina,Headphones,1,292.1,151.35
11708,2026-01-20,Asia,Singapore,Laptop,16,20380.54,15964.36
11709,2025-04-22,North America,Mexico,Smartphone,28,21680.68,13612.98
11710,2025-08-12,North America,Mexico,Tablet,21,6861.0,4848.54
11711,2025-11-19,Asia,Japan,Smartphone,21,12865.74,8882.02
11712,2025-09-11,Asia,Singapore,Laptop,13,17886.25,12774.19
11713,2025-10-25,North America,United States,Smartphone,24,19536.65,11198.57
11714,2025-11-28,North America,Canada,Laptop,22,37682.39,25840.1
11715,2025-01-05,South America,Argentina,Tablet,25,12138.82,7429.45
11716,2026-02-21,South America,Chile,Monitor,17,8479.2,5627.83
11717,2026-05-28,North America,Mexico,Tablet,4,1553.84,1041.58
11718,2025-02-24,Europe,Germany,Headphones,23,3105.46,1437.44
11719,2025-08-20,South America,Brazil,Tablet,11,5331.56,3303.55
11720,2025-12-11,Europe,United Kingdom,Tablet,21,7424.83,4434.92
11721,2025-08-14,South America,Brazil,Tablet,11,3441.6,2071.27
11722,2025-08-19,Asia,Japan,Tablet,25,15220.62,9215.1
11723,2025-02-04,Europe,Netherlands,Laptop,4,5885.2,4192.25
11724,2025-12-19,Europe,Netherlands,Tablet,24,11634.88,6736.75
11725,2025-04-15,South America,Argentina,Tablet,17,12117.55,8675.64
11726,2026-06-25,Europe,Germany,Monitor,23,7204.44,5281.16
11727,2025-04-14,South America,Brazil,Monitor,7,2420.92,1558.2
11728,2025-11-23,South America,Argentina,Headphones,6,950.38,518.97
11729,2025-05-20,North America,Mexico,Tablet,12,7842.29,4412.14
11730,2025-02-19,North America,United States,Laptop,22,19488.06,11955.29
11731,2025-05-24,South America,Chile,Tablet,22,14320.62,9034.5
11732,2026-05-22,South America,Chile,Laptop,19,18558.55,11900.16
11733,2026-04-23,South America,Brazil,Monitor,15,5560.63,4077.43
11734,2026-03-30,North America,Mexico,Smartphone,4,3776.1,2512.75
11735,2026-01-28,South America,Argentina,Laptop,3,3600.82,2698.46
11736,2025-07-27,North America,United States,Smartphone,20,21137.16,15336.26
11737,2026-02-12,Asia,Malaysia,Laptop,18,22973.94,16623.39
11738,2026-04-24,North America,Mexico,Smartphone,21,16028.04,9472.22
11739,2025-12-29,Europe,France,Laptop,25,41679.62,28022.67
11740,2026-01-24,Asia,India,Monitor,3,2062.8,1540.13
11741,2025-09-15,South America,Chile,Monitor,22,10492.8,6798.42
11742,2025-02-23,South America,Chile,Tablet,30,15221.36,9963.59
11743,2025-10-08,Europe,Germany,Smartphone,7,7725.97,4851.63
11744,2026-02-21,Asia,Malaysia,Tablet,2,1050.33,659.44
11745,2025-06-09,Europe,Italy,Tablet,15,7268.53,4877.13
11746,2026-01-15,Europe,France,Monitor,11,2268.2,1686.9
11747,2026-02-24,Europe,United Kingdom,Tablet,16,11963.5,7144.55
11748,2026-05-07,South America,Chile,Laptop,30,51039.22,33540.25
11749,2025-06-30,South America,Chile,Smartphone,12,9494.27,6771.32
11750,2026-06-16,North America,Canada,Tablet,5,3370.85,2019.42
11751,2025-03-04,North America,Canada,Monitor,3,1345.01,887.92
11752,2025-09-17,Europe,Italy,Headphones,14,2964.52,1803.72
11753,2026-06-23,South America,Brazil,Tablet,28,10132.11,6698.67
11754,2025-01-15,Europe,Spain,Laptop,9,9757.58,6367.64
11755,2025-08-22,North America,Mexico,Laptop,1,847.24,607.54
11756,2026-04-28,Europe,Netherlands,Monitor,21,8732.39,6282.21
11757,2025-09-29,North America,United States,Laptop,2,2909.74,2100.02
11758,2025-07-13,North America,United States,Tablet,5,2939.63,1965.66
11759,2025-06-07,Europe,France,Headphones,4,585.41,392.28
11760,2025-10-31,Asia,Malaysia,Laptop,4,6218.79,4779.39
11761,2026-05-19,North America,United States,Monitor,10,2534.12,1888.79
11762,2026-03-04,Europe,Germany,Smartphone,30,22166.11,15955.09
11763,2026-03-26,North America,Canada,Headphones,13,1298.39,727.21
11764,2025-09-21,Asia,India,Monitor,5,3159.55,2076.16
11765,2026-04-13,Asia,India,Smartphone,25,21224.31,13706.47
11766,2025-07-19,South America,Argentina,Tablet,5,1965.12,1185.59
11767,2025-10-21,Europe,France,Laptop,6,10522.85,6696.58
11768,2026-04-23,Europe,Italy,Laptop,20,22781.92,17032.45
11769,2026-04-14,Asia,Japan,Headphones,1,285.46,189.15
11770,2025-11-08,Europe,Spain,Tablet,22,7091.69,3984.83
11771,2025-03-21,Asia,Malaysia,Smartphone,27,24921.69,16078.74
11772,2025-09-24,South America,Brazil,Tablet,10,8987.17,5553.63
11773,2025-10-11,North America,Canada,Monitor,14,4047.38,2663.58
11774,2025-08-25,North America,Mexico,Monitor,30,13265.65,8793.81
11775,2025-07-09,Europe,Netherlands,Headphones,16,2973.73,1420.74
11776,2025-09-23,Asia,Japan,Monitor,10,5602.11,3492.33
11777,2025-06-13,Asia,Singapore,Tablet,4,1902.68,1244.53
11778,2026-06-05,North America,United States,Laptop,18,17666.41,12430.66
11779,2025-01-16,Europe,Germany,Laptop,2,1941.28,1279.8
11780,2025-02-10,Europe,Netherlands,Laptop,20,27650.72,19126.36
11781,2025-08-27,North America,Mexico,Headphones,8,1299.35,829.3
11782,2025-02-07,South America,Chile,Laptop,15,21846.37,16466.34
11783,2025-03-09,South America,Brazil,Headphones,16,1486.0,757.5
11784,2025-02-26,North America,Mexico,Headphones,24,3017.92,1357.97
11785,2025-09-14,North America,Canada,Headphones,10,2495.47,1569.92
11786,2026-04-28,North America,United States,Smartphone,11,8715.27,5795.32
11787,2026-06-07,Asia,India,Tablet,28,19214.46,11100.75
11788,2025-11-25,Asia,Malaysia,Smartphone,30,31271.88,19650.84
11789,2025-04-03,Asia,India,Laptop,28,39022.4,28012.33
11790,2026-01-29,Asia,Japan,Monitor,15,10240.38,6651.19
11791,2026-03-07,Europe,Germany,Headphones,28,4415.31,2403.91
11792,2025-10-17,South America,Argentina,Monitor,5,2466.21,1699.79
11793,2025-06-03,Asia,Singapore,Tablet,7,6142.99,4406.76
11794,2025-09-21,North America,Canada,Monitor,20,4423.13,2973.79
11795,2025-07-25,North America,Canada,Smartphone,10,7909.36,5537.9
11796,2026-03-17,Europe,Germany,Monitor,15,3645.64,2748.31
11797,2026-03-19,South America,Argentina,Tablet,2,1074.72,760.4
11798,2025-02-22,Asia,Japan,Tablet,13,9546.46,6612.86
11799,2025-11-02,Europe,Italy,Monitor,4,2480.29,1827.97
11800,2025-03-25,Europe,United Kingdom,Tablet,8,3988.42,2731.0
11801,2025-03-29,Asia,South Korea,Laptop,17,17575.65,11806.48
11802,2026-05-18,Asia,Japan,Headphones,4,383.3,254.69
11803,2025-02-13,South America,Argentina,Headphones,28,5048.8,3051.33
11804,2025-11-28,Europe,Netherlands,Headphones,6,1313.1,794.85
11805,2025-06-02,Europe,Italy,Monitor,27,18881.73,13876.87
11806,2025-03-01,Asia,Malaysia,Smartphone,9,7135.18,5159.04
11807,2026-03-17,Asia,South Korea,Tablet,14,10801.96,7373.67
11808,2025-05-02,North America,Mexico,Laptop,3,3996.65,2451.72
11809,2025-01-14,Asia,Singapore,Laptop,29,46918.0,35045.61
11810,2025-01-14,South America,Chile,Monitor,3,2028.1,1248.17
11811,2025-09-19,Europe,Netherlands,Monitor,14,5963.3,3798.77
11812,2026-04-21,Europe,Germany,Headphones,5,933.88,536.0
11813,2025-11-04,South America,Argentina,Monitor,5,1339.41,1011.61
11814,2025-02-14,South America,Argentina,Monitor,14,3974.94,2743.35
11815,2025-09-06,Asia,Singapore,Headphones,8,669.23,368.31
11816,2025-09-18,South America,Brazil,Monitor,3,1484.98,921.49
11817,2026-05-10,North America,United States,Laptop,15,13162.3,8651.63
11818,2025-01-26,Asia,Singapore,Smartphone,18,18927.52,12133.91
11819,2026-02-19,South America,Brazil,Laptop,24,21754.11,13652.1
11820,2026-04-22,South America,Argentina,Laptop,30,49428.86,34126.27
11821,2025-04-04,Asia,South Korea,Laptop,12,12924.5,10101.17
11822,2026-06-10,North America,Canada,Headphones,28,2867.11,1412.75
11823,2025-07-26,North America,Mexico,Laptop,2,1718.0,1100.58
11824,2025-12-15,Asia,Malaysia,Smartphone,4,3632.33,2323.19
11825,2025-05-13,Asia,India,Monitor,12,8240.01,5686.93
11826,2025-03-28,North America,Mexico,Monitor,25,17317.04,11781.43
11827,2025-04-03,Asia,South Korea,Monitor,22,15165.01,10836.72
11828,2025-12-16,Asia,South Korea,Headphones,5,1728.51,818.77
11829,2025-09-04,South America,Chile,Headphones,5,752.44,351.48
11830,2025-07-10,South America,Brazil,Smartphone,3,1421.7,899.08
11831,2026-06-12,Asia,Singapore,Laptop,18,19648.44,13047.7
11832,2025-07-08,Europe,Netherlands,Laptop,6,5368.43,3797.67
11833,2025-07-07,Asia,Malaysia,Laptop,9,10347.72,7976.61
11834,2026-04-25,Europe,Netherlands,Tablet,30,26199.22,20573.07
11835,2025-08-03,Asia,India,Smartphone,11,9586.29,6205.73
11836,2025-10-28,Asia,Japan,Tablet,10,7249.22,4971.15
11837,2025-07-07,Asia,India,Monitor,17,11660.65,8308.58
11838,2025-01-26,North America,Mexico,Laptop,27,36403.58,25452.05
11839,2025-10-04,Europe,Netherlands,Headphones,23,6431.59,3493.81
11840,2026-04-18,Asia,Japan,Smartphone,13,11282.48,7328.57
11841,2025-02-14,South America,Brazil,Headphones,12,1163.91,740.51
11842,2025-08-12,North America,Mexico,Smartphone,12,8872.56,6319.39
11843,2025-10-20,Europe,United Kingdom,Tablet,29,20380.58,14291.27
11844,2025-11-05,South America,Brazil,Monitor,9,3452.73,2298.09
11845,2026-05-16,Europe,Germany,Headphones,16,5471.19,3803.85
11846,2025-04-02,Asia,India,Laptop,13,12857.05,8172.82
11847,2026-03-05,Europe,France,Headphones,19,2363.22,1499.62
11848,2025-08-22,South America,Brazil,Headphones,25,2750.98,1515.76
11849,2026-04-23,South America,Argentina,Tablet,30,11371.88,7158.04
11850,2026-05-29,North America,United States,Monitor,30,14450.38,8593.72
11851,2025-11-11,South America,Argentina,Tablet,6,2509.46,1714.0
11852,2025-09-07,Asia,Singapore,Laptop,4,3912.93,2569.81
11853,2025-01-06,Europe,Germany,Laptop,23,22136.67,14668.47
11854,2025-08-30,North America,United States,Tablet,22,13287.04,9235.22
11855,2025-06-04,Asia,India,Smartphone,28,13078.06,9785.63
11856,2025-03-19,Europe,Germany,Headphones,18,5764.2,2594.25
11857,2025-12-18,Europe,Italy,Monitor,26,10044.15,7292.51
11858,2025-08-20,North America,Canada,Laptop,23,24617.63,15247.54
11859,2025-04-11,North America,Mexico,Tablet,5,4172.19,2882.56
11860,2026-02-06,Europe,Italy,Headphones,19,2320.99,1091.24
11861,2025-11-11,North America,Canada,Laptop,30,38426.68,27130.04
11862,2025-12-07,Asia,Japan,Tablet,20,17193.16,10399.74
11863,2026-03-30,South America,Brazil,Headphones,4,728.61,335.81
11864,2026-02-09,North America,United States,Monitor,11,5935.12,3942.83
11865,2025-03-16,North America,United States,Headphones,12,1129.47,707.34
11866,2025-09-08,North America,Canada,Laptop,21,37228.83,28321.57
11867,2026-03-20,South America,Chile,Tablet,8,2525.67,1519.81
11868,2026-02-01,South America,Argentina,Headphones,17,5663.11,3841.67
11869,2025-03-06,South America,Brazil,Smartphone,21,13447.81,9348.85
11870,2025-07-23,North America,United States,Headphones,30,7711.27,4018.36
11871,2025-04-28,Asia,South Korea,Tablet,29,17612.75,11811.04
11872,2025-04-13,South America,Brazil,Monitor,24,14184.94,9714.19
11873,2025-06-27,Europe,United Kingdom,Monitor,22,8949.57,5847.29
11874,2025-07-18,Asia,India,Headphones,15,4308.92,2379.91
11875,2026-02-08,Asia,Malaysia,Smartphone,12,8725.28,5212.19
11876,2026-06-23,South America,Chile,Monitor,3,1810.71,1266.56
11877,2026-02-28,Europe,France,Headphones,19,6649.89,4326.11
11878,2025-04-30,Europe,France,Laptop,18,23389.57,15667.27
11879,2025-06-29,Asia,South Korea,Tablet,21,15426.71,8749.73
11880,2025-09-13,Europe,Spain,Laptop,18,20089.35,14243.88
11881,2025-06-12,North America,Mexico,Tablet,28,10765.48,5847.84
11882,2026-01-22,North America,United States,Laptop,15,19475.54,14483.01
11883,2026-02-03,Europe,France,Tablet,25,13601.94,8018.18
11884,2026-06-05,Europe,Germany,Monitor,19,4304.51,3345.81
11885,2025-06-02,South America,Brazil,Smartphone,21,16807.4,10750.34
11886,2026-05-20,South America,Chile,Monitor,9,4301.73,2756.17
11887,2025-01-01,North America,United States,Smartphone,17,12470.93,9044.76
11888,2026-06-25,Asia,South Korea,Smartphone,14,14355.72,10375.17
11889,2026-01-22,North America,Canada,Monitor,17,4753.25,3341.45
11890,2026-03-23,South America,Brazil,Headphones,6,1807.47,941.15
11891,2026-04-18,South America,Chile,Laptop,9,8716.53,6155.96
11892,2026-06-08,Asia,Singapore,Headphones,17,3174.91,1781.73
11893,2025-06-08,North America,United States,Headphones,12,1895.25,887.83
11894,2026-01-08,South America,Brazil,Monitor,14,3992.12,2759.03
11895,2026-04-19,Asia,Malaysia,Headphones,5,885.49,494.51
11896,2025-12-23,North America,Canada,Laptop,9,11078.0,7397.4
11897,2026-06-02,Asia,India,Tablet,7,6253.09,4133.91
11898,2025-12-20,Asia,Japan,Laptop,18,24776.48,18946.04
11899,2025-04-19,North America,Mexico,Smartphone,2,1323.34,862.59
11900,2026-01-25,North America,Canada,Headphones,7,2096.07,1244.62
11901,2025-02-15,South America,Argentina,Laptop,20,18074.44,12029.32
11902,2026-01-08,Europe,Spain,Monitor,20,8662.78,5652.49
11903,2026-02-26,South America,Chile,Monitor,4,2465.72,1785.93
11904,2026-01-09,Asia,Singapore,Laptop,20,25138.06,17247.23
11905,2026-01-21,Europe,France,Headphones,8,1230.89,687.1
11906,2026-01-08,Europe,Germany,Tablet,10,8179.03,5248.66
11907,2026-01-02,Europe,Germany,Monitor,2,593.65,447.85
11908,2026-06-16,North America,United States,Monitor,8,4959.85,3343.9
11909,2025-03-26,North America,Mexico,Monitor,11,5199.39,3868.48
11910,2025-07-17,North America,United States,Tablet,18,9650.25,6728.81
11911,2025-09-12,North America,United States,Smartphone,16,6610.66,4319.86
11912,2025-01-30,Asia,Japan,Laptop,25,40408.9,27265.6
11913,2025-04-25,Asia,South Korea,Laptop,14,20904.8,15772.44
11914,2026-06-25,Asia,India,Monitor,20,8410.48,5695.01
11915,2026-02-13,South America,Brazil,Tablet,29,17355.17,10425.76
11916,2025-06-22,Europe,United Kingdom,Laptop,21,18085.39,11321.73
11917,2025-01-10,Europe,Germany,Headphones,21,2542.07,1693.35
11918,2026-02-13,Asia,India,Laptop,4,5660.06,3572.94
11919,2026-01-28,South America,Brazil,Headphones,2,474.53,300.51
11920,2025-06-17,Asia,Japan,Monitor,24,12454.93,8421.9
11921,2025-10-15,North America,Canada,Tablet,11,3535.95,2285.29
11922,2025-02-04,South America,Chile,Tablet,26,10098.14,6156.84
11923,2025-05-25,Asia,India,Smartphone,3,3501.14,2415.7
11924,2025-12-01,Asia,India,Monitor,27,10981.6,7159.11
11925,2025-09-12,North America,Mexico,Smartphone,5,3461.25,2487.2
11926,2026-06-06,Asia,South Korea,Laptop,4,6335.75,4451.85
11927,2026-05-07,North America,Canada,Laptop,21,25659.3,19284.53
11928,2025-06-05,Europe,United Kingdom,Tablet,24,15317.8,9221.31
11929,2026-06-14,North America,Canada,Laptop,14,20167.6,14389.5
11930,2025-08-17,South America,Chile,Laptop,16,23623.97,16066.52
11931,2025-06-24,South America,Chile,Laptop,29,45460.73,33051.72
11932,2026-01-10,North America,Mexico,Laptop,30,26580.77,17470.65
11933,2026-04-12,Europe,Germany,Tablet,22,6815.71,4402.69
11934,2025-07-14,Asia,South Korea,Tablet,19,16486.51,9521.71
11935,2025-06-24,South America,Chile,Laptop,8,7357.35,5587.21
11936,2026-06-13,Asia,Malaysia,Tablet,11,6252.91,3597.77
11937,2025-01-30,Europe,Italy,Laptop,22,31013.29,22923.56
11938,2026-01-14,North America,United States,Tablet,23,10344.9,6908.55
11939,2026-01-05,Asia,South Korea,Laptop,20,22012.12,13969.01
11940,2026-02-02,North America,Mexico,Headphones,19,6140.55,3621.79
11941,2025-10-15,North America,United States,Headphones,1,277.39,159.18
11942,2025-06-09,Asia,India,Tablet,26,12583.09,8780.4
11943,2026-03-13,Asia,India,Headphones,8,1954.1,1211.28
11944,2026-05-05,Asia,Singapore,Laptop,18,30795.28,20528.38
11945,2025-12-10,Asia,Singapore,Headphones,3,1041.7,521.91
11946,2026-02-02,Asia,Malaysia,Headphones,24,4625.75,2757.89
11947,2026-01-12,North America,Canada,Headphones,20,5092.01,2254.74
11948,2025-12-14,North America,Canada,Tablet,7,4340.09,2979.69
11949,2025-06-09,Asia,Singapore,Laptop,19,17494.12,11114.83
11950,2026-05-30,North America,Canada,Tablet,29,12398.48,7804.22
11951,2026-03-15,South America,Chile,Smartphone,18,9490.18,6039.92
11952,2026-06-16,South America,Argentina,Headphones,29,2664.48,1551.48
11953,2025-03-12,Europe,United Kingdom,Laptop,23,23713.85,15866.65
11954,2025-06-11,Asia,Japan,Headphones,13,3646.73,1859.32
11955,2026-01-02,South America,Brazil,Smartphone,13,13384.92,9163.43
11956,2025-06-03,North America,Mexico,Headphones,10,3213.92,2002.82
11957,2025-03-17,Europe,Netherlands,Tablet,27,14133.11,8640.67
11958,2026-04-16,Asia,Malaysia,Monitor,18,8333.48,5572.79
11959,2026-04-15,North America,Canada,Laptop,4,4533.36,2978.11
11960,2025-03-18,South America,Chile,Laptop,26,44802.03,32462.67
11961,2025-01-25,Asia,India,Laptop,8,9127.61,5945.6
11962,2026-05-02,North America,United States,Monitor,21,6014.18,3926.21
11963,2025-05-12,North America,Mexico,Tablet,26,20912.42,13043.0
11964,2026-06-01,Asia,South Korea,Laptop,23,33881.27,26203.43
11965,2026-06-02,North America,Mexico,Tablet,21,10820.86,6844.65
11966,2026-06-01,Europe,United Kingdom,Monitor,21,5256.23,4309.23
11967,2025-06-21,South America,Brazil,Laptop,18,24656.44,16114.01
11968,2026-05-22,Asia,India,Monitor,22,5842.01,4069.61
11969,2026-02-17,Europe,Italy,Headphones,13,2522.46,1447.73
11970,2026-06-02,North America,Canada,Headphones,16,3810.92,2211.3
11971,2025-03-31,South America,Brazil,Smartphone,30,15212.2,8893.92
11972,2025-06-29,North America,Mexico,Headphones,1,205.18,97.84
11973,2026-04-13,North America,United States,Tablet,27,16361.68,9845.97
11974,2025-08-05,Asia,Malaysia,Monitor,24,15806.28,10313.54
11975,2025-09-09,North America,United States,Laptop,26,29398.18,18698.86
11976,2025-02-26,Europe,United Kingdom,Laptop,18,25751.42,18894.41
11977,2025-10-19,North America,United States,Smartphone,28,29875.32,20904.31
11978,2026-01-17,Europe,Spain,Smartphone,29,32020.84,20539.41
11979,2025-06-26,North America,Mexico,Smartphone,14,6360.75,4003.72
11980,2026-01-11,North America,United States,Headphones,30,6807.1,3207.96
11981,2025-07-02,South America,Brazil,Laptop,5,4339.07,2841.36
11982,2025-04-01,Asia,Malaysia,Headphones,19,5543.33,2815.59
11983,2025-08-10,South America,Chile,Tablet,22,15105.96,9151.28
11984,2025-06-14,Asia,South Korea,Monitor,21,11412.15,6966.24
11985,2026-04-07,South America,Argentina,Laptop,15,25932.61,17751.87
11986,2025-10-23,Asia,India,Monitor,2,893.73,559.89
11987,2026-01-15,Asia,Japan,Smartphone,3,1619.84,1116.54
11988,2026-05-28,North America,United States,Laptop,17,26174.24,19043.97
11989,2025-01-03,North America,Canada,Smartphone,7,8381.03,5954.12
11990,2025-06-18,South America,Brazil,Tablet,25,14250.56,10178.43
11991,2025-10-15,South America,Argentina,Monitor,10,3931.77,2563.8
11992,2025-01-25,North America,Canada,Tablet,22,7431.57,4350.06
11993,2025-09-18,Asia,Singapore,Tablet,17,6536.24,4014.65
11994,2025-01-10,North America,Mexico,Laptop,3,3481.08,2565.38
11995,2025-09-29,South America,Chile,Tablet,28,20937.76,11545.83
11996,2025-10-31,South America,Argentina,Smartphone,9,9672.58,6137.77
11997,2025-06-06,Asia,Malaysia,Headphones,1,256.64,159.72
11998,2026-03-08,Europe,France,Headphones,16,4076.17,2491.95
11999,2025-10-24,Europe,United Kingdom,Monitor,20,8241.01,6030.79
12000,2026-04-06,Asia,Japan,Tablet,6,1929.19,1250.78
12001,2026-04-11,South America,Brazil,Laptop,2,2968.67,2125.15
12002,2026-03-20,Asia,India,Smartphone,27,21992.95,16301.61
12003,2026-03-11,North America,United States,Tablet,23,15993.31,8844.73
12004,2025-12-29,South America,Chile,Laptop,22,27348.01,17307.95
12005,2026-06-17,South America,Chile,Headphones,6,1510.25,872.94
12006,2026-01-01,North America,United States,Tablet,4,1269.99,830.25
12007,2025-09-08,North America,Canada,Monitor,15,4770.39,3200.93
12008,2025-01-07,North America,Mexico,Laptop,17,15162.89,11022.36
12009,2025-05-12,South America,Chile,Tablet,14,4318.34,2433.88
12010,2025-05-05,Europe,United Kingdom,Monitor,30,19729.06,13148.88
12011,2025-05-04,Europe,Germany,Headphones,9,2043.53,1079.87
12012,2025-07-16,Asia,Malaysia,Laptop,29,27503.5,17412.11
12013,2025-10-20,South America,Argentina,Monitor,19,13115.05,8448.93
12014,2025-09-28,South America,Brazil,Tablet,20,7274.84,4142.18
12015,2025-11-24,Asia,Malaysia,Monitor,21,12570.9,8585.0
12016,2025-07-27,Europe,United Kingdom,Smartphone,22,25015.05,18228.46
12017,2025-03-13,Asia,Malaysia,Monitor,29,10500.29,7929.92
12018,2025-07-15,Europe,Netherlands,Laptop,24,29057.52,22122.3
12019,2025-04-18,South America,Brazil,Tablet,23,11663.82,8224.48
12020,2026-05-17,Europe,Italy,Monitor,15,4174.04,2914.17
12021,2026-01-27,North America,United States,Laptop,26,30909.96,19735.24
12022,2025-12-17,Asia,Singapore,Tablet,9,5156.06,3545.95
12023,2025-05-23,Europe,Spain,Headphones,25,8298.63,4679.09
12024,2025-11-25,North America,Canada,Laptop,13,19777.03,13957.47
12025,2025-07-25,South America,Chile,Tablet,1,363.53,234.16
12026,2025-05-08,Europe,France,Monitor,1,575.02,367.0
12027,2025-10-11,South America,Argentina,Monitor,13,3039.52,2129.81
12028,2025-02-14,North America,United States,Monitor,6,1768.63,1296.82
12029,2025-12-20,North America,United States,Tablet,10,5833.26,3700.82
12030,2025-02-27,Europe,United Kingdom,Smartphone,14,14757.64,8585.32
12031,2025-10-31,South America,Chile,Headphones,7,1196.74,789.39
12032,2025-07-12,South America,Chile,Headphones,25,3793.39,2229.73
12033,2026-02-18,South America,Argentina,Headphones,21,2138.31,1110.44
12034,2025-12-28,Europe,France,Smartphone,23,12805.36,7732.59
12035,2026-06-07,Europe,United Kingdom,Smartphone,16,9784.78,7867.13
12036,2025-12-03,Europe,United Kingdom,Headphones,13,2164.56,1138.71
12037,2025-06-04,South America,Brazil,Monitor,23,6721.62,4310.58
12038,2026-03-23,Asia,Malaysia,Tablet,6,2758.05,1790.11
12039,2025-11-24,Europe,United Kingdom,Headphones,19,5965.01,2699.93
12040,2025-01-21,South America,Argentina,Laptop,28,37111.73,25944.58
12041,2026-02-13,Asia,Singapore,Laptop,17,30581.75,22004.46
12042,2025-08-09,Europe,Germany,Headphones,6,1239.42,623.67
12043,2025-11-26,Asia,Malaysia,Headphones,27,3459.17,1843.35
12044,2025-01-26,Asia,South Korea,Monitor,6,1400.7,892.05
12045,2026-05-17,Europe,United Kingdom,Monitor,16,5057.46,3538.6
12046,2026-05-07,North America,United States,Monitor,8,4035.43,2728.93
12047,2026-01-27,Europe,France,Monitor,4,2425.03,1659.29
12048,2025-10-15,Asia,Malaysia,Monitor,18,5092.59,3761.38
12049,2026-06-12,Asia,Japan,Monitor,19,4502.06,2988.26
12050,2025-04-21,South America,Chile,Smartphone,1,440.97,269.46
12051,2026-01-12,South America,Argentina,Tablet,3,1478.9,962.86
12052,2026-05-12,North America,Mexico,Smartphone,22,23214.05,14916.09
12053,2025-08-02,Asia,India,Headphones,29,8819.69,4551.97
12054,2025-01-19,Asia,India,Tablet,23,13690.71,9559.69
12055,2025-06-08,Europe,Spain,Smartphone,23,16752.42,9983.76
12056,2026-01-22,Asia,Japan,Headphones,16,3827.13,2176.38
12057,2025-03-31,Europe,Germany,Headphones,17,5144.54,2384.39
12058,2025-10-29,Europe,Italy,Laptop,3,2967.25,2043.39
12059,2025-06-26,North America,Canada,Laptop,4,4690.32,3423.28
12060,2026-02-22,South America,Brazil,Headphones,14,2436.78,1457.57
12061,2025-09-03,Europe,France,Monitor,29,20262.49,14149.6
12062,2025-02-17,Asia,Japan,Monitor,24,14718.69,9471.01
12063,2026-02-21,South America,Argentina,Smartphone,19,7913.14,4675.92
12064,2026-04-13,North America,United States,Smartphone,18,18628.94,12764.28
12065,2025-03-15,South America,Argentina,Monitor,16,4907.22,3703.56
12066,2025-02-17,Asia,Japan,Laptop,27,40922.02,29014.66
12067,2025-08-14,Europe,Germany,Headphones,5,755.38,456.8
12068,2026-04-03,North America,Mexico,Headphones,6,930.87,595.56
12069,2025-08-07,Asia,Singapore,Monitor,15,4103.24,2814.1
12070,2025-03-06,Europe,Germany,Tablet,23,13576.1,9158.27
12071,2025-05-24,South America,Brazil,Smartphone,2,1625.6,1153.69
12072,2025-01-11,Europe,Netherlands,Laptop,12,19139.12,12095.38
12073,2025-10-18,South America,Brazil,Smartphone,1,1195.95,796.29
12074,2026-03-06,South America,Brazil,Monitor,9,2873.95,1970.02
12075,2025-09-30,Europe,United Kingdom,Smartphone,8,5489.96,3641.57
12076,2025-07-07,Europe,France,Headphones,21,1917.08,1300.01
12077,2026-02-15,North America,United States,Tablet,3,1733.55,1081.12
12078,2025-06-13,Asia,Singapore,Smartphone,22,16375.42,11300.87
12079,2025-10-17,South America,Chile,Headphones,22,6449.93,3334.27
12080,2026-03-18,North America,Mexico,Laptop,7,7282.39,4464.54
12081,2026-01-28,Europe,Netherlands,Laptop,11,16405.49,11347.82
12082,2026-02-20,North America,United States,Headphones,26,4838.66,2403.24
12083,2026-04-11,North America,Mexico,Headphones,11,2093.22,1241.39
12084,2025-07-26,South America,Brazil,Smartphone,27,28575.94,19263.1
12085,2025-05-06,North America,Mexico,Tablet,23,13593.13,8210.63
12086,2025-09-19,Asia,Japan,Headphones,19,5487.47,2611.8
12087,2025-09-08,South America,Brazil,Laptop,14,12847.22,8424.94
12088,2026-04-01,South America,Chile,Laptop,13,11950.72,8375.05
12089,2026-05-03,Europe,Netherlands,Laptop,18,22782.58,18409.38
12090,2026-02-26,South America,Chile,Headphones,19,6457.2,3302.24
12091,2025-03-31,Europe,United Kingdom,Tablet,13,7702.03,5122.55
12092,2025-09-28,Asia,South Korea,Tablet,5,1604.36,1073.03
12093,2026-03-30,North America,United States,Monitor,4,2323.75,1717.33
12094,2025-03-06,Asia,South Korea,Tablet,29,26047.05,18179.7
12095,2026-03-05,South America,Chile,Laptop,9,14646.81,10048.57
12096,2026-06-30,Asia,South Korea,Laptop,15,16721.92,13000.97
12097,2025-01-12,South America,Chile,Laptop,2,3330.49,2261.36
12098,2026-06-25,Asia,Malaysia,Laptop,28,47608.13,30338.03
12099,2025-11-30,Asia,Japan,Tablet,10,3414.54,2416.76
12100,2025-04-28,Europe,France,Smartphone,2,917.61,614.84
12101,2025-03-15,South America,Brazil,Headphones,30,3530.96,2335.34
12102,2025-07-13,South America,Brazil,Headphones,24,5966.86,3353.39
12103,2025-06-28,South America,Brazil,Smartphone,5,4259.13,3093.65
12104,2025-08-16,Europe,Germany,Smartphone,26,14638.09,9761.39
12105,2025-11-27,Asia,India,Smartphone,9,3660.24,2387.47
12106,2025-05-22,Asia,Singapore,Laptop,16,28144.95,21074.39
12107,2026-02-19,Europe,Germany,Monitor,9,5400.46,3751.84
12108,2026-06-09,Asia,Singapore,Monitor,23,9594.83,5891.53
12109,2025-06-23,Europe,Netherlands,Smartphone,15,10812.81,7495.12
12110,2025-01-23,North America,Canada,Laptop,22,38938.7,24914.24
12111,2025-06-23,South America,Chile,Headphones,5,1017.21,496.38
12112,2026-05-18,Asia,Singapore,Smartphone,19,15592.6,10941.35
12113,2026-05-17,North America,Canada,Smartphone,15,9198.58,5353.73
12114,2025-07-10,South America,Chile,Tablet,25,16695.75,11776.66
12115,2025-12-19,South America,Argentina,Smartphone,5,4593.0,2966.23
12116,2025-12-06,Asia,India,Smartphone,9,7332.96,5219.11
12117,2026-06-29,Asia,South Korea,Headphones,2,370.81,250.72
12118,2025-11-08,North America,Canada,Smartphone,9,8434.44,5809.04
12119,2025-10-07,Europe,France,Smartphone,8,5990.56,4372.32
12120,2025-03-15,South America,Brazil,Tablet,6,2604.01,1848.78
12121,2025-03-11,South America,Brazil,Smartphone,23,20903.97,14181.64
12122,2025-12-08,Asia,India,Tablet,12,9198.47,5589.36
12123,2025-03-02,North America,United States,Monitor,22,9809.48,6601.16
12124,2026-06-07,Europe,Netherlands,Monitor,25,9733.16,6795.58
12125,2025-05-04,South America,Chile,Monitor,8,4240.62,2994.92
12126,2025-12-13,North America,Mexico,Laptop,1,1611.61,1215.38
12127,2025-05-21,Europe,Netherlands,Smartphone,29,28047.02,18216.09
12128,2026-04-12,South America,Chile,Tablet,4,1577.15,1065.3
12129,2025-01-02,North America,Canada,Laptop,23,22075.4,14139.18
12130,2025-01-22,Asia,Malaysia,Smartphone,30,13407.35,7928.51
12131,2025-02-08,Asia,Malaysia,Laptop,27,24010.23,15361.05
12132,2025-02-20,Europe,Spain,Smartphone,27,22876.39,13884.29
12133,2025-01-04,Asia,Malaysia,Headphones,16,3490.5,1873.97
12134,2025-10-25,Europe,Italy,Headphones,19,5842.64,3200.92
12135,2025-10-20,Europe,Germany,Monitor,6,3408.34,2516.87
12136,2025-12-30,North America,Canada,Smartphone,17,13359.54,8834.36
12137,2025-04-02,North America,Mexico,Tablet,6,5302.67,3021.18
12138,2025-02-22,North America,Mexico,Smartphone,5,4834.75,2931.24
12139,2025-03-06,North America,Mexico,Monitor,11,3916.2,2805.81
12140,2026-02-19,Asia,Japan,Tablet,28,10929.11,6661.46
12141,2026-02-06,South America,Brazil,Tablet,16,6541.18,3882.68
12142,2025-10-01,Asia,Japan,Laptop,27,38203.43,24157.09
12143,2025-10-26,Asia,India,Laptop,3,3701.67,2367.93
12144,2026-03-29,Europe,Netherlands,Monitor,15,7870.31,5042.6
12145,2025-09-08,Europe,France,Tablet,4,3477.14,2447.72
12146,2025-08-09,North America,United States,Headphones,23,6883.34,3616.01
12147,2025-06-29,Asia,Japan,Tablet,16,7521.37,4667.2
12148,2025-05-06,Asia,Singapore,Smartphone,22,18342.78,12331.03
12149,2026-01-06,Europe,Netherlands,Tablet,15,11104.8,6562.61
12150,2025-01-10,North America,United States,Monitor,19,12444.1,8767.82
12151,2025-04-19,North America,Mexico,Tablet,27,16110.61,10212.05
12152,2026-05-10,South America,Chile,Tablet,21,16821.95,10744.34
12153,2025-04-15,South America,Brazil,Headphones,6,1108.37,704.88
12154,2025-07-23,South America,Brazil,Tablet,8,5437.78,3604.14
12155,2025-03-28,South America,Chile,Smartphone,23,23278.15,14691.73
12156,2025-08-23,Asia,Malaysia,Tablet,29,14016.84,9577.62
12157,2025-01-29,North America,Mexico,Tablet,9,6906.92,4182.81
12158,2025-05-24,Europe,Spain,Smartphone,15,6248.36,4484.65
12159,2026-02-05,Asia,South Korea,Headphones,27,5233.53,3417.46
12160,2025-11-03,North America,Canada,Monitor,2,1039.57,774.58
12161,2026-06-05,South America,Chile,Smartphone,17,12424.68,9074.51
12162,2025-08-12,Asia,Japan,Headphones,21,6992.34,4410.64
12163,2026-06-18,North America,United States,Tablet,25,19453.06,12197.09
12164,2025-11-11,South America,Chile,Smartphone,12,6400.49,4735.19
12165,2025-11-26,Europe,France,Laptop,26,29311.23,21006.08
12166,2025-12-10,Asia,India,Smartphone,3,1709.03,1239.95
12167,2025-03-10,North America,Mexico,Headphones,11,2845.79,1891.64
12168,2025-03-19,South America,Argentina,Smartphone,25,26213.77,15470.79
12169,2025-07-09,South America,Brazil,Laptop,29,40242.46,27832.45
12170,2025-09-10,Europe,United Kingdom,Tablet,15,6128.52,4048.15
12171,2025-11-05,Asia,Singapore,Headphones,22,4280.32,2355.6
12172,2025-05-01,North America,Canada,Laptop,4,4894.91,3407.56
12173,2025-01-19,South America,Argentina,Tablet,30,11871.88,7143.69
12174,2026-02-18,Europe,Netherlands,Tablet,2,1712.22,1046.85
12175,2025-04-24,Europe,Germany,Headphones,30,2544.12,1636.05
12176,2025-01-16,South America,Chile,Laptop,12,13147.03,8347.91
12177,2025-11-23,South America,Chile,Monitor,2,647.81,436.53
12178,2025-07-30,Europe,Germany,Headphones,10,2525.88,1664.5
12179,2026-04-12,Europe,Germany,Laptop,7,8531.47,6498.14
12180,2026-03-18,Europe,Italy,Smartphone,5,4222.38,2954.63
12181,2026-06-21,Europe,United Kingdom,Headphones,9,2450.56,1677.2
12182,2026-03-15,Europe,Italy,Headphones,21,6588.31,4408.8
12183,2025-04-21,North America,United States,Tablet,6,3506.6,2080.52
12184,2025-03-02,Europe,Germany,Monitor,26,13492.86,8822.59
12185,2026-02-05,North America,Canada,Smartphone,25,11320.77,6750.15
12186,2025-01-16,Europe,France,Laptop,1,1107.98,749.15
12187,2025-06-24,Europe,Spain,Smartphone,7,4550.27,3268.74
12188,2026-01-23,Asia,India,Laptop,10,13923.56,9213.05
12189,2026-06-06,South America,Argentina,Monitor,18,5899.24,4320.14
12190,2025-10-08,Europe,Netherlands,Smartphone,4,4391.07,3103.29
12191,2026-05-10,Europe,Italy,Smartphone,28,14429.07,9779.44
12192,2025-11-12,Asia,South Korea,Laptop,7,6657.56,4201.79
12193,2025-08-05,Europe,France,Headphones,28,3096.99,1614.09
12194,2025-12-27,North America,Mexico,Smartphone,17,10169.02,6748.3
12195,2025-04-15,Europe,France,Laptop,2,2270.83,1586.98
12196,2025-01-14,Europe,France,Tablet,22,10304.66,5933.58
12197,2025-07-22,South America,Brazil,Smartphone,11,8053.54,4974.23
12198,2025-07-03,Asia,Malaysia,Laptop,15,13551.34,9078.46
12199,2025-07-11,Europe,Spain,Tablet,27,13451.94,8098.86
12200,2025-07-19,North America,United States,Monitor,23,10471.59,7477.03
12201,2026-03-03,Europe,United Kingdom,Headphones,2,276.06,149.13
12202,2026-02-24,North America,Canada,Headphones,7,597.34,266.55
12203,2025-02-09,Asia,Malaysia,Monitor,11,5726.25,3873.4
12204,2026-04-06,South America,Brazil,Smartphone,9,4910.79,2950.88
12205,2025-07-17,North America,Canada,Smartphone,27,11253.12,6866.43
12206,2025-04-03,North America,United States,Monitor,5,2816.46,1666.88
12207,2025-03-24,Asia,Malaysia,Tablet,10,7775.09,4738.31
12208,2025-04-24,South America,Brazil,Laptop,3,2849.15,1882.89
12209,2025-11-23,South America,Chile,Laptop,20,23896.23,15478.41
12210,2025-09-05,Asia,South Korea,Headphones,14,1658.69,797.11
12211,2025-07-17,South America,Argentina,Smartphone,16,11470.5,7879.08
12212,2025-01-05,North America,Canada,Tablet,20,6133.93,3847.26
12213,2026-06-14,Asia,India,Laptop,7,11595.08,7879.57
12214,2025-10-01,Asia,India,Monitor,10,6681.11,5079.26
12215,2026-05-30,Asia,India,Headphones,28,9427.02,6015.27
12216,2026-02-20,Europe,France,Monitor,17,7659.73,5466.87
12217,2025-01-01,Europe,Netherlands,Smartphone,5,3622.02,2461.26
12218,2025-12-28,Europe,Spain,Laptop,28,45501.89,29447.97
12219,2025-11-08,North America,United States,Laptop,12,11680.57,7166.26
12220,2025-07-25,Europe,Italy,Tablet,29,17162.23,11916.4
12221,2025-05-29,South America,Argentina,Smartphone,7,8297.76,5976.98
12222,2026-06-03,Europe,Netherlands,Headphones,25,2129.86,1225.0
12223,2026-03-24,Europe,United Kingdom,Headphones,10,2137.52,1313.64
12224,2025-05-13,Europe,United Kingdom,Smartphone,11,6710.25,4635.47
12225,2025-07-05,South America,Brazil,Headphones,26,6204.59,2835.5
12226,2025-11-24,South America,Argentina,Headphones,6,754.62,413.52
12227,2025-12-31,North America,Canada,Laptop,16,23767.92,14938.46
12228,2026-03-14,North America,Mexico,Laptop,12,12310.52,8025.92
12229,2025-08-16,Europe,Netherlands,Headphones,15,2416.28,1118.58
12230,2025-09-11,North America,Mexico,Laptop,16,28799.95,21613.87
12231,2026-04-01,North America,United States,Monitor,29,9344.49,6363.3
12232,2026-05-15,Asia,Singapore,Laptop,25,20615.38,14899.71
12233,2025-07-24,Asia,India,Headphones,14,3737.2,2443.27
12234,2026-06-21,North America,Mexico,Laptop,28,29546.72,19836.91
12235,2025-09-07,South America,Argentina,Monitor,8,3933.92,2786.91
12236,2025-02-21,Europe,Spain,Laptop,17,25493.94,19429.58
12237,2025-08-28,Asia,India,Headphones,19,6484.35,3915.45
12238,2025-05-07,North America,Mexico,Laptop,20,25790.04,16577.2
12239,2026-06-23,South America,Brazil,Monitor,22,14097.79,9484.33
12240,2026-05-14,North America,Canada,Tablet,25,19264.21,11989.54
12241,2026-01-07,South America,Chile,Monitor,18,3838.83,2781.28
12242,2026-05-24,Europe,Netherlands,Laptop,3,4831.54,3869.11
12243,2026-06-30,North America,Mexico,Monitor,22,10350.74,7650.77
12244,2025-04-03,Asia,Malaysia,Smartphone,3,1482.25,990.22
12245,2025-11-30,North America,Canada,Monitor,19,7504.53,5597.19
12246,2025-09-22,South America,Chile,Monitor,22,10623.04,7866.8
12247,2025-05-22,South America,Chile,Tablet,17,6042.35,4008.3
12248,2026-01-18,Asia,Malaysia,Tablet,24,19562.35,11881.72
12249,2025-03-01,Europe,United Kingdom,Tablet,11,4831.69,2911.39
12250,2025-04-22,North America,Mexico,Smartphone,27,12645.21,9070.25
12251,2026-02-24,North America,United States,Headphones,29,6968.1,4005.34
12252,2025-09-18,Europe,France,Monitor,22,14121.22,10649.47
12253,2025-09-25,Europe,France,Headphones,18,5463.97,3003.19
12254,2026-05-15,Asia,Japan,Smartphone,13,6843.03,4057.28
12255,2025-08-19,North America,Mexico,Headphones,9,1875.97,1069.49
12256,2025-12-06,North America,United States,Tablet,22,8887.13,5688.12
12257,2025-07-19,South America,Chile,Smartphone,7,7914.25,4625.49
12258,2025-03-24,South America,Brazil,Monitor,1,669.02,452.93
12259,2025-04-01,Asia,Singapore,Smartphone,2,1293.98,779.17
12260,2026-02-08,Asia,India,Monitor,5,2209.86,1661.46
12261,2025-10-28,North America,Mexico,Laptop,26,44534.56,28023.87
12262,2026-06-13,Asia,South Korea,Monitor,6,3875.44,2839.82
12263,2025-08-22,South America,Argentina,Tablet,2,1208.19,749.8
12264,2026-02-24,Europe,Germany,Smartphone,28,27802.59,18717.22
12265,2026-05-18,Europe,France,Tablet,19,15894.07,10531.53
12266,2026-01-19,Asia,Singapore,Laptop,16,19021.28,13445.43
12267,2026-06-19,South America,Argentina,Monitor,20,10090.91,7488.4
12268,2025-05-07,North America,United States,Laptop,19,31303.49,20638.84
12269,2025-09-08,North America,Canada,Monitor,15,4931.2,3183.06
12270,2025-11-03,South America,Brazil,Smartphone,10,9440.95,6885.57
12271,2025-05-06,Europe,Germany,Smartphone,18,7606.79,4628.89
12272,2025-03-09,North America,United States,Headphones,9,3051.0,1444.59
12273,2025-02-25,South America,Argentina,Headphones,2,196.87,104.88
12274,2026-04-14,Asia,India,Tablet,13,6352.53,3742.0
12275,2025-03-22,Asia,South Korea,Headphones,1,205.29,140.65
12276,2025-02-25,South America,Argentina,Laptop,17,17612.19,11500.64
12277,2026-06-18,Europe,Italy,Headphones,26,5307.62,3100.54
12278,2025-07-23,Asia,Malaysia,Monitor,17,9240.91,6579.87
12279,2025-03-23,South America,Brazil,Smartphone,11,12929.13,8654.32
12280,2025-04-19,North America,United States,Smartphone,14,12275.41,8186.51
12281,2026-06-02,South America,Brazil,Laptop,1,979.48,739.67
12282,2026-04-28,South America,Brazil,Tablet,8,2721.15,1631.6
12283,2026-01-15,Europe,Italy,Smartphone,17,13775.05,9794.6
12284,2025-09-06,Asia,Malaysia,Headphones,20,3988.02,2555.21
12285,2025-04-28,Europe,United Kingdom,Monitor,11,3659.8,2555.56
12286,2025-03-21,Europe,Germany,Headphones,1,246.17,115.88
12287,2026-03-23,Europe,Netherlands,Headphones,19,4344.46,2830.17
12288,2025-04-21,Europe,France,Headphones,4,643.54,361.14
12289,2025-09-30,Asia,Malaysia,Tablet,2,728.79,529.63
12290,2025-12-14,North America,United States,Smartphone,7,8030.63,5364.64
12291,2026-03-11,Europe,Germany,Monitor,2,728.33,460.73
12292,2026-03-15,Asia,South Korea,Monitor,3,1429.1,1005.52
12293,2026-02-25,Asia,India,Laptop,15,19417.41,12781.54
12294,2025-02-24,North America,Mexico,Headphones,5,1602.16,1040.58
12295,2025-11-11,North America,United States,Monitor,20,7714.02,5348.45
12296,2026-03-03,Asia,South Korea,Laptop,23,27662.18,18066.4
12297,2025-01-20,North America,United States,Monitor,20,10290.14,6986.41
12298,2025-08-12,Europe,France,Smartphone,11,4849.64,3554.99
12299,2026-03-31,South America,Argentina,Laptop,2,1959.38,1377.67
12300,2025-11-17,North America,United States,Smartphone,18,19764.03,12151.45
12301,2026-03-26,Europe,Germany,Monitor,17,8925.1,6708.29
12302,2026-05-21,Asia,India,Monitor,8,3324.96,2471.9
12303,2025-06-02,Asia,India,Laptop,30,44194.04,32877.77
12304,2025-10-24,North America,Mexico,Monitor,12,6375.01,4015.68
12305,2025-04-22,Asia,India,Monitor,8,1690.07,1178.03
12306,2026-01-20,Asia,Singapore,Headphones,4,409.42,260.18
12307,2025-01-21,Asia,South Korea,Smartphone,27,28134.87,18087.21
12308,2026-03-25,South America,Brazil,Monitor,3,1884.59,1226.72
12309,2025-11-13,Asia,South Korea,Laptop,23,22132.28,15700.64
12310,2025-12-25,North America,Mexico,Smartphone,10,5558.57,3635.71
12311,2025-06-06,Asia,Malaysia,Laptop,28,44513.86,30407.4
12312,2026-01-25,Asia,Japan,Monitor,6,1911.3,1191.1
12313,2025-04-18,Asia,Singapore,Laptop,5,5552.32,4263.89
12314,2025-12-18,North America,United States,Tablet,13,7910.28,4871.5
12315,2025-02-22,Europe,Italy,Smartphone,12,12993.33,9503.59
12316,2025-05-26,Asia,India,Tablet,10,3560.91,2277.33
12317,2025-06-26,Asia,Malaysia,Laptop,6,7431.08,5156.58
12318,2025-10-18,Asia,India,Monitor,20,7342.15,5427.03
12319,2025-03-02,Europe,Italy,Headphones,9,900.95,547.27
12320,2026-03-14,Europe,France,Laptop,28,46389.63,35574.98
12321,2025-06-22,Asia,India,Smartphone,12,9978.43,7304.63
12322,2025-11-12,South America,Brazil,Smartphone,17,13067.59,8230.36
12323,2025-10-20,Asia,South Korea,Headphones,30,6498.39,4039.7
12324,2025-06-20,North America,United States,Headphones,4,554.17,328.06
12325,2026-04-24,Europe,France,Monitor,23,7674.07,6209.41
12326,2025-04-19,North America,United States,Tablet,25,14555.02,9264.28
12327,2026-01-19,Asia,India,Laptop,25,26646.6,20192.2
12328,2025-12-18,Asia,South Korea,Laptop,4,3297.63,2234.84
12329,2025-10-25,South America,Chile,Monitor,22,12105.9,8839.9
12330,2025-10-20,North America,United States,Tablet,1,508.38,281.36
12331,2026-03-02,Europe,Spain,Tablet,28,19783.01,13973.64
12332,2026-01-15,South America,Argentina,Tablet,23,16497.84,9545.02
12333,2025-11-20,North America,Mexico,Headphones,15,1708.53,1069.37
12334,2026-01-09,Europe,United Kingdom,Tablet,5,2341.0,1327.02
12335,2026-06-16,South America,Chile,Laptop,11,12160.14,9071.45
12336,2025-06-23,Asia,Malaysia,Smartphone,10,7273.9,4487.01
12337,2026-04-07,Asia,Singapore,Tablet,18,7817.18,4742.43
12338,2026-01-15,North America,Canada,Smartphone,14,7919.2,5171.99
12339,2026-01-19,North America,Mexico,Laptop,2,1909.13,1373.51
12340,2025-02-01,South America,Brazil,Headphones,30,5466.36,3034.4
12341,2025-06-11,South America,Argentina,Laptop,19,24835.43,18894.68
12342,2025-12-02,Europe,United Kingdom,Laptop,14,12988.66,9236.07
12343,2025-11-10,Asia,Singapore,Laptop,1,1714.04,1306.61
12344,2025-01-18,Europe,Netherlands,Smartphone,2,1987.32,1405.93
12345,2025-09-08,Asia,South Korea,Smartphone,8,7025.4,4765.78
12346,2026-06-12,North America,Mexico,Monitor,14,5716.68,3742.88
12347,2025-07-25,North America,Mexico,Headphones,4,1258.81,752.12
12348,2025-03-30,Asia,Japan,Laptop,20,16287.39,10763.02
12349,2026-02-15,Europe,United Kingdom,Monitor,19,4324.83,3120.02
12350,2026-02-27,North America,Mexico,Tablet,9,6611.66,4572.72
12351,2026-01-25,North America,Canada,Smartphone,21,9510.81,5536.91
12352,2026-02-25,South America,Brazil,Headphones,20,5040.02,3370.75
12353,2025-08-02,Europe,France,Smartphone,14,14273.48,10082.91
12354,2025-04-02,North America,United States,Headphones,15,1615.34,806.33
12355,2025-11-09,North America,Canada,Tablet,25,18879.71,13087.92
12356,2026-02-15,Asia,Malaysia,Headphones,18,4256.11,2095.71
12357,2025-11-13,Europe,Germany,Tablet,24,10897.11,7159.91
12358,2026-05-12,Europe,Netherlands,Tablet,21,12520.89,9254.76
12359,2025-11-30,Europe,United Kingdom,Tablet,4,2234.88,1268.91
12360,2025-06-13,South America,Argentina,Laptop,25,20041.55,14537.33
12361,2025-06-12,Europe,United Kingdom,Smartphone,20,18471.88,12730.99
12362,2025-01-16,North America,United States,Monitor,23,10160.99,7145.46
12363,2025-10-20,Europe,Italy,Headphones,27,7660.97,4696.96
12364,2025-02-26,Asia,Japan,Laptop,29,30181.33,21874.75
12365,2026-05-10,North America,Mexico,Headphones,4,1157.96,696.65
12366,2025-04-13,Asia,India,Monitor,1,505.38,365.24
12367,2025-10-18,North America,Canada,Laptop,18,15576.86,10136.73
12368,2025-03-04,Asia,Malaysia,Laptop,14,12840.93,8887.64
12369,2025-04-11,North America,United States,Monitor,3,685.6,459.28
12370,2026-04-25,South America,Chile,Monitor,16,11045.13,6954.24
12371,2026-06-26,Europe,France,Monitor,26,6564.77,4969.69
12372,2025-06-11,South America,Chile,Tablet,23,20039.99,13213.81
12373,2025-03-14,Europe,United Kingdom,Smartphone,17,14869.11,8773.25
12374,2026-03-11,Asia,India,Headphones,12,2163.68,1324.99
12375,2026-03-02,South America,Argentina,Monitor,18,7546.72,5325.24
12376,2025-01-03,North America,Mexico,Tablet,30,24982.83,17357.23
12377,2026-03-10,South America,Chile,Laptop,3,5134.01,3353.43
12378,2025-01-22,North America,United States,Tablet,5,2773.42,1895.17
12379,2026-02-26,South America,Chile,Monitor,14,6414.19,4480.11
12380,2025-01-11,Europe,Italy,Headphones,6,1295.17,859.14
12381,2026-02-14,Europe,United Kingdom,Laptop,25,26093.97,18642.49
12382,2026-03-11,North America,Mexico,Laptop,10,17137.01,13097.61
12383,2026-05-08,Europe,France,Headphones,8,1298.76,689.18
12384,2025-03-13,Europe,Germany,Tablet,12,7089.86,4667.97
12385,2026-05-08,Europe,Germany,Headphones,8,666.52,458.61
12386,2026-04-29,North America,Mexico,Laptop,17,16674.57,10839.82
12387,2025-12-21,South America,Brazil,Headphones,10,3284.86,2173.84
12388,2025-01-26,Europe,France,Laptop,5,7945.9,5936.23
12389,2025-05-12,Asia,Malaysia,Smartphone,21,14238.14,8517.69
12390,2026-01-18,South America,Brazil,Smartphone,28,15642.99,10474.64
12391,2025-09-15,South America,Brazil,Monitor,18,4261.08,3099.63
12392,2026-02-04,North America,Mexico,Monitor,8,4892.56,3602.21
12393,2025-11-26,North America,Mexico,Monitor,2,1072.23,706.97
12394,2026-04-04,South America,Argentina,Tablet,16,5665.52,3378.43
12395,2025-10-24,South America,Chile,Headphones,8,1206.95,633.9
12396,2026-04-12,North America,United States,Tablet,27,16026.63,10080.26
12397,2025-02-12,Europe,United Kingdom,Headphones,8,959.62,573.37
12398,2026-04-28,Asia,South Korea,Laptop,14,24582.53,16398.81
12399,2025-03-02,Europe,Italy,Headphones,17,4258.87,2718.77
12400,2025-04-03,Europe,Spain,Tablet,20,8130.43,5237.39
12401,2025-09-07,Asia,Japan,Headphones,11,2734.52,1698.3
12402,2025-08-24,North America,Canada,Laptop,3,3680.3,2655.46
12403,2025-02-26,South America,Argentina,Laptop,11,15994.67,10471.3
12404,2025-06-03,Asia,Japan,Monitor,5,2536.96,1627.45
12405,2025-12-14,Asia,Singapore,Headphones,30,7381.12,4831.7
12406,2025-12-06,Asia,India,Tablet,18,11285.09,8023.11
12407,2025-05-29,South America,Chile,Monitor,22,11015.14,7908.28
12408,2026-06-02,North America,United States,Tablet,17,9192.16,5409.2
12409,2025-02-08,North America,Mexico,Monitor,29,6920.44,4671.01
12410,2025-05-21,Europe,Netherlands,Monitor,18,3653.44,2640.53
12411,2026-02-06,South America,Brazil,Tablet,9,4630.67,2955.36
12412,2025-01-09,South America,Brazil,Headphones,15,1413.09,955.21
12413,2025-08-09,South America,Argentina,Laptop,5,4923.36,3102.44
12414,2025-07-27,North America,Canada,Monitor,20,5051.17,3307.4
12415,2026-04-02,Asia,Singapore,Headphones,18,5432.78,2976.29
12416,2025-10-04,Asia,India,Smartphone,5,4048.15,3007.41
12417,2026-06-27,North America,United States,Tablet,27,12172.41,6784.33
12418,2025-09-08,Europe,Germany,Headphones,9,1154.16,753.97
12419,2026-04-18,Asia,South Korea,Smartphone,29,15054.37,11045.85
12420,2025-04-20,North America,United States,Laptop,2,3481.69,2270.3
12421,2025-08-18,Europe,Spain,Laptop,10,11204.77,7107.27
12422,2025-02-07,Asia,Singapore,Headphones,2,319.28,174.19
12423,2026-05-08,South America,Chile,Laptop,15,13636.82,8934.6
12424,2025-11-26,Europe,Netherlands,Headphones,9,3097.49,1981.52
12425,2025-04-16,South America,Brazil,Headphones,10,2077.19,975.58
12426,2026-04-08,Europe,Spain,Headphones,5,1060.33,754.35
12427,2025-03-29,South America,Chile,Smartphone,27,15968.47,9801.15
12428,2026-03-10,North America,Canada,Headphones,30,8909.8,4843.34
12429,2026-02-11,Europe,France,Tablet,11,4164.55,2388.82
12430,2025-06-07,Asia,South Korea,Headphones,14,1495.37,856.37
12431,2025-01-29,Europe,Germany,Smartphone,18,7860.59,4992.25
12432,2025-12-17,Europe,Italy,Smartphone,21,18323.67,12228.65
12433,2025-09-11,Asia,India,Laptop,19,24902.77,17412.69
12434,2025-09-09,North America,Canada,Laptop,12,11259.67,7452.29
12435,2026-02-11,North America,United States,Monitor,1,516.16,337.27
12436,2025-08-02,Asia,Malaysia,Laptop,2,2621.55,1907.61
12437,2025-01-11,Europe,United Kingdom,Monitor,22,6364.37,4769.35
12438,2025-01-04,South America,Chile,Smartphone,29,27055.07,16428.83
12439,2025-06-30,Asia,Singapore,Laptop,12,12531.74,8679.22
12440,2025-07-15,Europe,France,Smartphone,11,9323.49,6181.78
12441,2025-09-29,Asia,India,Headphones,9,946.77,494.87
12442,2025-10-10,South America,Chile,Smartphone,25,10884.01,7805.32
12443,2025-07-11,North America,Canada,Monitor,21,13393.57,8905.79
12444,2026-04-04,Asia,India,Smartphone,29,27121.9,18661.37
12445,2025-06-16,Europe,Germany,Headphones,2,435.4,282.66
12446,2025-06-13,Asia,Malaysia,Laptop,15,16124.6,11522.78
12447,2025-12-18,South America,Brazil,Headphones,2,285.67,137.48
12448,2025-03-28,South America,Argentina,Laptop,27,30169.09,20472.16
12449,2026-04-12,Asia,Japan,Monitor,13,3074.21,2098.85
12450,2025-05-22,South America,Argentina,Headphones,28,7645.56,4292.86
12451,2026-03-04,North America,Mexico,Headphones,16,2295.38,1163.49
12452,2025-01-28,North America,Mexico,Monitor,25,16452.55,9800.67
12453,2025-01-18,Asia,India,Laptop,20,18735.44,11834.81
12454,2026-01-14,Asia,South Korea,Headphones,28,3514.95,2239.65
12455,2026-04-15,Europe,Netherlands,Smartphone,9,10213.93,8252.97
12456,2025-12-28,North America,Mexico,Smartphone,13,14393.8,10308.28
12457,2026-03-22,Asia,Singapore,Tablet,7,2849.28,1659.37
12458,2025-06-15,Asia,South Korea,Smartphone,27,12404.72,7708.65
12459,2025-07-09,South America,Brazil,Smartphone,5,5129.82,3222.39
12460,2025-10-23,Europe,Netherlands,Laptop,1,1073.4,702.74
12461,2025-10-23,North America,Canada,Smartphone,27,14455.15,10465.3
12462,2025-05-17,Europe,Italy,Smartphone,16,8655.16,6090.75
12463,2025-07-22,North America,Canada,Monitor,6,3249.11,2055.05
12464,2026-06-30,North America,Canada,Smartphone,27,21362.22,13487.25
12465,2025-05-30,Asia,Singapore,Tablet,19,12586.76,8755.77
12466,2025-10-23,Asia,South Korea,Tablet,19,10113.12,6296.71
12467,2026-05-20,South America,Chile,Headphones,9,3039.28,2042.39
12468,2025-01-26,Europe,Spain,Monitor,3,679.63,423.74
12469,2025-12-10,Europe,Italy,Headphones,7,2005.35,1135.29
12470,2025-09-28,North America,Canada,Tablet,19,9373.36,6433.54
12471,2026-01-28,North America,Canada,Monitor,1,292.02,173.6
12472,2026-03-13,Asia,Singapore,Tablet,3,2691.9,1616.26
12473,2025-03-03,South America,Brazil,Smartphone,15,14790.21,9270.68
12474,2026-06-19,North America,Canada,Headphones,25,6432.04,4295.47
12475,2025-11-02,Europe,Spain,Tablet,23,11015.92,6874.78
12476,2025-10-11,North America,United States,Monitor,30,6602.68,4393.45
12477,2025-12-26,North America,Mexico,Tablet,3,1495.01,924.62
12478,2025-10-05,Europe,United Kingdom,Laptop,6,5643.76,4158.87
12479,2025-12-04,Europe,Netherlands,Headphones,24,4336.3,2924.21
12480,2026-03-26,South America,Chile,Laptop,3,3540.08,2373.57
12481,2025-01-06,Europe,United Kingdom,Headphones,2,616.73,340.11
12482,2025-05-01,North America,Canada,Tablet,18,13555.15,7388.65
12483,2025-11-06,South America,Chile,Laptop,17,24885.39,18872.62
12484,2025-06-08,South America,Argentina,Headphones,5,617.21,359.11
12485,2025-09-01,North America,United States,Monitor,9,5866.35,3883.21
12486,2026-06-01,North America,Canada,Tablet,6,2391.36,1612.41
12487,2026-01-15,North America,United States,Tablet,13,5348.4,3467.6
12488,2025-08-28,South America,Brazil,Headphones,20,3304.41,2178.62
12489,2025-05-19,Europe,United Kingdom,Smartphone,2,952.04,560.93
12490,2025-05-23,South America,Brazil,Monitor,12,6144.35,4315.4
12491,2026-05-07,Asia,Malaysia,Headphones,10,1854.29,1074.46
12492,2026-01-07,North America,Canada,Monitor,1,385.5,268.04
12493,2025-11-26,South America,Argentina,Headphones,25,8071.93,4507.75
12494,2025-07-21,Asia,Malaysia,Laptop,18,23911.66,17456.87
12495,2025-04-20,North America,United States,Tablet,9,5404.04,3691.17
12496,2026-02-28,North America,United States,Headphones,30,3056.95,1933.33
12497,2025-07-19,North America,Mexico,Laptop,12,16154.22,10363.99
12498,2026-03-31,South America,Chile,Smartphone,22,23239.29,16840.33
12499,2025-09-15,Asia,South Korea,Laptop,5,7754.98,5227.61
12500,2025-05-04,Europe,Italy,Smartphone,25,27638.29,17275.35
12501,2026-01-30,Asia,South Korea,Tablet,8,5823.37,3945.09
12502,2025-11-12,North America,United States,Monitor,1,233.31,172.9
12503,2025-11-06,Asia,Japan,Smartphone,11,10786.3,7650.88
12504,2025-10-11,North America,Mexico,Laptop,12,15598.13,11283.32
12505,2025-02-23,South America,Brazil,Laptop,17,28618.77,17894.21
12506,2025-01-04,Europe,Netherlands,Laptop,29,24686.01,15653.72
12507,2026-01-06,South America,Chile,Laptop,10,13975.87,9542.95
12508,2025-05-20,Asia,Singapore,Laptop,20,19342.38,14307.87
12509,2025-05-08,Europe,Spain,Headphones,17,2852.53,1390.95
12510,2025-03-29,South America,Brazil,Headphones,25,6688.55,3763.05
12511,2025-05-11,South America,Brazil,Smartphone,12,10214.64,7178.75
12512,2026-05-19,South America,Brazil,Tablet,2,818.79,465.61
12513,2025-08-05,Europe,Germany,Laptop,2,2631.19,2031.47
12514,2025-12-25,Asia,Singapore,Tablet,2,1635.72,1123.43
12515,2025-08-05,North America,Mexico,Laptop,25,36598.1,25569.06
12516,2025-08-06,North America,Mexico,Tablet,16,8489.5,5789.64
12517,2025-11-03,South America,Chile,Headphones,30,6077.21,2951.39
12518,2025-03-14,Europe,Italy,Laptop,14,20919.4,13834.08
12519,2026-01-27,South America,Chile,Smartphone,6,4490.23,2764.69
12520,2025-03-24,Asia,Malaysia,Monitor,17,10382.63,7763.54
12521,2026-04-16,South America,Chile,Smartphone,10,6963.79,4750.29
12522,2026-06-03,North America,United States,Monitor,14,9016.26,6670.41
12523,2026-03-13,Asia,Singapore,Monitor,26,9407.5,6780.59
12524,2025-10-28,North America,United States,Tablet,1,796.0,563.49
12525,2025-04-26,South America,Chile,Smartphone,25,13986.16,10073.12
12526,2025-07-02,Europe,Netherlands,Tablet,15,6103.6,3603.28
12527,2026-06-15,Europe,France,Smartphone,15,6593.9,4695.95
12528,2025-11-03,North America,United States,Smartphone,16,18502.17,13236.77
12529,2025-04-06,Asia,Singapore,Smartphone,5,5975.94,4442.1
12530,2025-12-06,Asia,India,Monitor,20,12399.44,8844.07
12531,2025-06-03,South America,Chile,Monitor,4,2157.04,1378.67
12532,2026-04-24,South America,Brazil,Tablet,21,17568.03,10743.73
12533,2025-11-30,Asia,Malaysia,Tablet,28,17027.32,10136.27
12534,2025-04-08,Asia,India,Laptop,8,12335.37,8103.62
12535,2026-05-10,South America,Chile,Tablet,12,9150.6,6295.92
12536,2025-11-26,Asia,India,Laptop,16,27577.29,21228.43
12537,2025-01-18,Europe,France,Headphones,4,1254.46,656.89
12538,2025-08-06,Europe,France,Laptop,13,14453.73,10618.85
12539,2026-01-21,South America,Chile,Laptop,6,9284.34,6204.18
12540,2025-07-10,Europe,Italy,Headphones,29,3792.91,1707.74
12541,2025-01-21,South America,Argentina,Smartphone,12,11294.6,6787.23
12542,2025-02-16,North America,Mexico,Smartphone,2,1814.04,1233.72
12543,2026-06-08,North America,United States,Headphones,21,2517.59,1466.99
12544,2025-09-07,North America,United States,Headphones,25,7574.16,5044.77
12545,2025-04-03,Europe,Spain,Monitor,5,2169.37,1362.01
12546,2025-07-18,Asia,India,Monitor,12,4994.35,3102.56
12547,2026-03-19,Asia,India,Laptop,12,16705.33,11542.08
12548,2025-12-24,North America,Canada,Headphones,22,2207.91,1443.76
12549,2025-03-03,North America,Canada,Monitor,13,4133.55,2520.72
12550,2026-03-20,Asia,Singapore,Smartphone,4,4483.66,2836.12
12551,2025-06-26,Asia,South Korea,Smartphone,19,10904.54,8025.31
12552,2025-10-01,North America,Mexico,Monitor,29,9847.7,6869.88
12553,2026-03-15,Europe,Netherlands,Smartphone,16,12546.61,8412.53
12554,2025-01-29,North America,Canada,Smartphone,11,11287.83,8138.58
12555,2026-05-03,Europe,France,Monitor,15,9787.44,8194.97
12556,2025-04-11,South America,Chile,Headphones,18,4623.63,2952.64
12557,2025-06-07,South America,Chile,Smartphone,25,17762.07,10327.86
12558,2025-07-29,Europe,Netherlands,Smartphone,30,17012.76,12236.84
12559,2026-06-10,Asia,South Korea,Monitor,6,2155.24,1527.7
12560,2026-05-18,Europe,Spain,Smartphone,5,5114.92,3857.36
12561,2025-07-22,Europe,France,Laptop,11,12502.7,8448.89
12562,2025-06-09,Asia,Malaysia,Smartphone,4,2682.82,1886.48
12563,2025-03-23,Europe,United Kingdom,Laptop,18,27517.66,18536.55
12564,2026-05-11,South America,Brazil,Smartphone,17,19627.75,11539.78
12565,2025-04-25,South America,Brazil,Headphones,20,4616.47,2128.98
12566,2025-02-20,Asia,Malaysia,Headphones,27,6755.3,3263.22
12567,2025-08-15,Asia,India,Smartphone,13,5427.8,3545.74
12568,2025-07-15,Asia,South Korea,Tablet,19,16613.52,11736.51
12569,2025-06-22,South America,Chile,Laptop,15,13984.59,10292.27
12570,2025-03-03,South America,Chile,Smartphone,23,14476.62,9073.1
12571,2026-03-16,South America,Chile,Laptop,21,28956.55,18175.01
12572,2025-08-10,Europe,Spain,Smartphone,15,12973.55,9248.43
12573,2026-06-01,Europe,United Kingdom,Tablet,28,15175.66,9574.68
12574,2025-03-25,North America,Mexico,Smartphone,7,4649.93,3165.56
12575,2025-06-13,Europe,France,Monitor,28,8546.02,6040.27
12576,2025-02-25,North America,Mexico,Headphones,16,3567.92,1597.81
12577,2025-11-27,Europe,Germany,Tablet,30,25270.14,14840.36
12578,2025-04-11,Europe,Germany,Monitor,16,3422.33,2242.42
12579,2025-04-18,Asia,India,Laptop,16,17815.94,13917.84
12580,2025-07-22,North America,Mexico,Tablet,22,18232.52,12152.85
12581,2026-03-14,North America,Mexico,Smartphone,30,30414.21,19028.73
12582,2026-06-30,North America,Mexico,Laptop,5,7177.45,4584.14
12583,2025-11-14,Asia,Singapore,Headphones,3,457.82,264.94
12584,2026-02-13,Europe,Spain,Headphones,10,3044.97,1596.0
12585,2026-06-30,North America,Canada,Monitor,8,4885.44,3641.51
12586,2025-09-05,Europe,Germany,Monitor,4,2741.96,2063.88
12587,2025-05-26,North America,United States,Monitor,5,3282.99,2383.91
12588,2025-03-09,North America,United States,Monitor,4,1640.0,1116.37
12589,2025-05-10,Asia,Japan,Laptop,29,37309.83,24009.08
12590,2026-01-23,South America,Argentina,Smartphone,2,946.02,596.31
12591,2026-05-14,Europe,United Kingdom,Tablet,15,11132.68,8609.18
12592,2025-10-09,Asia,India,Smartphone,25,18856.5,13271.1
12593,2026-04-09,Europe,Netherlands,Headphones,5,770.29,572.72
12594,2025-01-09,North America,United States,Headphones,8,917.59,439.42
12595,2025-01-27,Europe,Spain,Tablet,9,3140.42,2223.29
12596,2025-10-29,Asia,Malaysia,Monitor,20,10913.61,7484.71
12597,2025-10-31,Asia,South Korea,Smartphone,24,13989.91,8722.86
12598,2025-05-06,Asia,Japan,Tablet,14,11129.3,6393.21
12599,2025-06-27,South America,Argentina,Laptop,29,48630.59,35506.85
12600,2025-01-14,North America,Canada,Laptop,14,24089.64,17675.23
12601,2026-04-25,South America,Brazil,Headphones,3,567.83,343.41
12602,2026-03-07,Asia,Singapore,Headphones,27,5206.23,2946.61
12603,2025-11-13,South America,Argentina,Headphones,15,3733.87,2401.76
12604,2025-07-11,Europe,Italy,Headphones,28,4742.59,2906.32
12605,2025-06-03,Europe,Italy,Tablet,16,4979.36,3403.13
12606,2026-01-29,North America,Mexico,Smartphone,29,32133.33,21762.84
12607,2026-04-19,Europe,United Kingdom,Smartphone,25,11210.42,8271.92
12608,2025-07-14,Europe,Italy,Tablet,26,15686.87,11234.61
12609,2026-02-23,South America,Argentina,Smartphone,4,4136.44,3058.42
12610,2025-05-05,Asia,South Korea,Smartphone,12,10218.36,6712.74
12611,2025-08-17,North America,Mexico,Monitor,11,6974.51,4834.98
12612,2026-05-06,North America,Mexico,Laptop,27,33077.86,25415.35
12613,2026-04-18,North America,Mexico,Monitor,1,619.37,425.57
12614,2025-04-21,North America,Canada,Tablet,9,8049.3,4857.57
12615,2026-03-16,Europe,Netherlands,Tablet,25,9777.6,6933.73
12616,2025-08-25,North America,United States,Headphones,6,576.81,311.87
12617,2026-05-30,South America,Brazil,Smartphone,8,7512.65,5380.52
12618,2025-10-11,Asia,Japan,Laptop,8,13611.06,8914.45
12619,2026-03-06,South America,Chile,Headphones,22,7114.35,3559.02
12620,2025-12-02,South America,Brazil,Headphones,19,5554.38,3776.11
12621,2025-10-16,South America,Argentina,Headphones,12,2967.98,1992.87
12622,2025-09-08,North America,Canada,Smartphone,5,4947.02,2854.38
12623,2025-04-12,North America,Mexico,Laptop,20,21647.67,13460.33
12624,2026-04-10,Europe,Netherlands,Laptop,16,13989.87,11492.31
12625,2026-05-30,North America,Mexico,Tablet,2,1047.61,687.53
12626,2026-01-30,Asia,Japan,Monitor,22,4551.88,3370.99
12627,2025-06-16,South America,Brazil,Monitor,10,6722.64,4053.75
12628,2026-05-30,North America,Mexico,Monitor,9,3661.14,2628.18
12629,2025-03-10,North America,Canada,Smartphone,10,8302.22,5172.49
12630,2026-02-07,North America,Canada,Monitor,10,3074.17,2260.04
12631,2026-04-26,Asia,India,Monitor,30,6069.32,3702.96
12632,2026-02-11,South America,Argentina,Laptop,24,39826.39,30479.34
12633,2026-01-06,Asia,Japan,Monitor,24,6022.04,4568.68
12634,2025-05-20,North America,Canada,Laptop,7,11759.8,7214.3
12635,2025-06-14,Europe,Italy,Tablet,23,7258.81,4882.73
12636,2025-03-07,Europe,Netherlands,Monitor,24,16682.7,10046.63
12637,2026-03-19,Asia,Singapore,Tablet,17,11313.37,7690.6
12638,2025-01-24,Asia,India,Laptop,9,13791.83,10628.04
12639,2025-03-30,North America,Canada,Headphones,4,753.1,487.6
12640,2026-06-20,Asia,Japan,Headphones,23,5475.6,3092.67
12641,2025-10-27,Asia,Singapore,Monitor,28,18968.3,12130.12
12642,2026-04-27,Europe,France,Monitor,3,1797.07,1390.14
12643,2025-06-03,South America,Argentina,Smartphone,11,8520.82,6124.72
12644,2026-04-28,North America,Mexico,Smartphone,13,7966.02,5098.38
12645,2026-05-24,South America,Chile,Tablet,5,2509.07,1435.67
12646,2026-04-17,Europe,Spain,Laptop,14,18560.63,15104.08
12647,2025-12-07,Asia,South Korea,Smartphone,30,34448.55,22034.94
12648,2025-10-28,North America,Mexico,Laptop,11,16463.87,12326.05
12649,2026-01-09,North America,Mexico,Headphones,2,308.79,180.76
12650,2025-05-03,Europe,Netherlands,Tablet,4,3347.61,1885.92
12651,2026-04-21,Asia,South Korea,Headphones,22,1862.92,1238.63
12652,2025-11-11,South America,Brazil,Smartphone,16,8863.19,5320.38
12653,2026-01-21,South America,Argentina,Headphones,12,3444.7,2093.31
12654,2026-06-06,Europe,Netherlands,Headphones,7,2008.41,1395.76
12655,2025-07-15,North America,Canada,Smartphone,23,11201.98,8169.08
12656,2025-12-04,North America,Mexico,Monitor,2,895.6,542.08
12657,2026-05-22,South America,Argentina,Tablet,2,668.82,385.28
12658,2026-02-20,South America,Argentina,Laptop,14,22304.48,17130.06
12659,2025-09-02,Europe,Spain,Headphones,12,1106.71,566.63
12660,2026-05-03,Asia,Singapore,Tablet,13,9254.94,5347.7
12661,2025-06-20,North America,United States,Headphones,5,1149.01,682.57
12662,2025-05-16,South America,Chile,Tablet,29,25441.68,15627.52
12663,2026-05-26,Europe,Spain,Headphones,15,1336.39,1010.73
12664,2025-03-25,South America,Chile,Laptop,16,24028.82,18556.34
12665,2025-06-04,South America,Chile,Tablet,21,13014.02,8456.79
12666,2025-07-15,Asia,India,Tablet,2,636.42,360.6
12667,2025-10-01,Asia,South Korea,Tablet,20,11138.69,6241.35
12668,2026-05-16,North America,Canada,Tablet,9,6558.65,3750.0
12669,2025-08-05,Asia,South Korea,Laptop,14,25100.52,18621.76
12670,2025-09-14,Asia,Singapore,Monitor,5,2462.12,1670.09
12671,2025-08-13,Asia,India,Tablet,5,3222.25,2121.38
12672,2026-02-10,Europe,Netherlands,Monitor,21,4569.37,3113.4
12673,2026-01-03,North America,Mexico,Laptop,18,23596.01,16025.08
12674,2025-01-15,North America,United States,Smartphone,12,13332.84,8631.68
12675,2025-11-02,South America,Brazil,Smartphone,2,2014.5,1265.91
12676,2025-10-20,Europe,Spain,Tablet,7,2275.79,1472.41
12677,2025-10-31,Asia,South Korea,Monitor,14,7769.18,5352.06
12678,2025-02-09,North America,Canada,Monitor,4,2387.31,1629.95
12679,2026-02-13,Europe,France,Laptop,14,19547.26,13623.12
12680,2025-02-22,South America,Brazil,Smartphone,1,996.82,582.82
12681,2025-06-08,South America,Chile,Tablet,6,3575.52,2047.62
12682,2025-10-01,North America,United States,Monitor,19,7006.65,5115.23
12683,2025-03-17,South America,Brazil,Monitor,4,2532.27,1743.84
12684,2025-05-11,Asia,India,Smartphone,4,3020.11,1893.73
12685,2025-03-13,Asia,Japan,Headphones,27,2435.98,1146.17
12686,2025-04-18,North America,Mexico,Tablet,30,9076.6,5886.43
12687,2026-05-01,North America,Mexico,Tablet,1,430.72,251.2
12688,2026-03-31,Europe,United Kingdom,Monitor,29,12307.88,8158.75
12689,2025-10-01,Europe,United Kingdom,Laptop,6,5899.29,4227.73
12690,2026-03-11,Asia,India,Headphones,9,3147.99,2053.54
12691,2026-02-06,Europe,Netherlands,Headphones,2,240.22,136.29
12692,2025-08-11,North America,United States,Monitor,16,10058.36,7479.47
12693,2025-03-17,Asia,India,Headphones,23,3971.7,1904.98
12694,2026-05-09,North America,Mexico,Smartphone,2,2352.82,1574.96
12695,2026-05-06,Asia,India,Tablet,17,12314.91,7744.69
12696,2025-04-11,Asia,India,Tablet,30,10275.45,7445.17
12697,2025-05-23,North America,United States,Monitor,28,18062.74,12263.33
12698,2025-09-01,Asia,India,Tablet,23,15796.07,9585.34
12699,2026-03-06,South America,Brazil,Laptop,10,12095.25,8572.65
12700,2026-05-15,Europe,United Kingdom,Laptop,26,23333.79,16784.9
12701,2026-03-05,North America,Canada,Smartphone,20,10173.6,5938.69
12702,2025-04-12,Europe,Netherlands,Smartphone,10,10653.85,6606.24
12703,2026-06-20,Europe,Italy,Headphones,28,6302.54,4245.05
12704,2026-05-27,Europe,Italy,Monitor,8,1687.58,1299.18
12705,2025-09-01,Asia,Japan,Smartphone,17,8778.34,6071.43
12706,2025-01-07,Asia,India,Tablet,30,11703.54,7089.6
12707,2026-06-23,North America,United States,Monitor,23,12691.37,7709.22
12708,2025-08-30,Asia,Japan,Tablet,15,13469.98,8548.82
12709,2025-04-06,North America,United States,Monitor,10,2546.53,1907.34
12710,2026-05-25,Asia,Japan,Laptop,7,8365.89,6454.74
12711,2025-04-30,North America,Mexico,Headphones,15,1352.82,658.52
12712,2026-06-27,North America,Canada,Tablet,16,10911.98,7598.41
12713,2026-02-21,South America,Argentina,Smartphone,4,3994.89,2393.95
12714,2025-08-02,Europe,Netherlands,Headphones,6,1479.84,934.51
12715,2025-07-10,Asia,Japan,Headphones,10,2821.79,1803.75
12716,2025-02-06,Europe,Germany,Tablet,1,849.21,528.84
12717,2025-04-28,North America,Canada,Monitor,7,2746.06,1926.36
12718,2026-03-17,Europe,Germany,Laptop,19,27187.13,20708.44
12719,2026-05-19,Asia,Singapore,Headphones,22,2862.25,1347.86
12720,2025-10-11,North America,United States,Tablet,16,6825.83,4542.68
12721,2026-02-10,Asia,India,Tablet,14,5477.05,3399.21
12722,2026-03-30,Asia,Japan,Smartphone,16,6710.93,4795.7
12723,2025-10-03,North America,United States,Headphones,17,2511.32,1299.33
12724,2025-08-05,Europe,Netherlands,Monitor,1,344.39,228.01
12725,2025-02-10,Europe,France,Smartphone,1,1109.78,731.53
12726,2025-06-25,South America,Chile,Smartphone,20,10350.23,6759.58
12727,2025-02-25,North America,Canada,Smartphone,26,26306.44,18386.67
12728,2025-05-31,Asia,Singapore,Headphones,12,3577.78,2234.21
12729,2025-03-05,Asia,Singapore,Monitor,13,6653.58,4797.52
12730,2026-01-19,Asia,Malaysia,Monitor,5,1865.52,1364.37
12731,2026-03-08,South America,Argentina,Laptop,15,14547.24,10641.15
12732,2025-11-27,North America,United States,Headphones,19,3404.68,1754.32
12733,2025-10-15,North America,United States,Tablet,12,4811.26,3273.83
12734,2026-06-22,North America,United States,Laptop,10,12106.86,7626.07
12735,2025-03-23,Europe,Netherlands,Tablet,12,7882.16,4954.77
12736,2025-10-15,Asia,Japan,Smartphone,26,16139.58,10157.36
12737,2025-11-10,Asia,South Korea,Smartphone,17,15160.47,10250.82
12738,2025-08-06,South America,Argentina,Laptop,20,22984.13,15437.41
12739,2025-10-11,North America,Mexico,Monitor,1,313.0,204.9
12740,2025-05-06,South America,Brazil,Headphones,24,5954.61,3786.14
12741,2025-09-25,Europe,Italy,Monitor,22,11286.35,7971.89
12742,2026-04-24,Europe,Italy,Monitor,20,6655.59,4628.41
12743,2025-01-03,Europe,France,Smartphone,12,13330.74,9125.42
12744,2026-01-21,Asia,South Korea,Laptop,6,5276.39,3973.46
12745,2026-06-15,South America,Brazil,Headphones,3,1038.6,503.34
12746,2026-03-22,South America,Chile,Monitor,4,2652.24,1792.48
12747,2025-05-20,Asia,Japan,Monitor,20,8907.55,5738.11
12748,2025-01-25,Asia,South Korea,Laptop,22,25378.26,16867.08
12749,2025-08-12,Asia,South Korea,Headphones,2,209.96,120.19
12750,2025-07-15,South America,Brazil,Monitor,13,7983.87,5405.75
12751,2025-11-02,Asia,India,Headphones,24,4511.79,2114.39
12752,2025-04-15,Europe,France,Tablet,27,24074.66,14895.3
12753,2025-10-19,North America,Mexico,Monitor,20,13400.56,9761.63
12754,2025-06-10,North America,Mexico,Headphones,8,926.38,542.46
12755,2026-04-04,North America,Mexico,Tablet,22,13262.14,8786.89
12756,2025-04-26,North America,United States,Laptop,25,25214.76,19364.28
12757,2026-04-21,North America,Canada,Headphones,24,5307.9,3305.4
12758,2025-03-29,South America,Argentina,Monitor,8,3657.77,2625.84
12759,2026-03-11,North America,Canada,Laptop,17,27331.07,20634.98
12760,2025-10-15,North America,Canada,Tablet,15,5890.48,3548.46
12761,2026-03-11,North America,Mexico,Tablet,11,5879.65,4023.78
12762,2025-07-01,Asia,Japan,Headphones,19,5296.82,2826.35
12763,2026-03-06,Europe,France,Laptop,14,18793.98,14534.4
12764,2025-04-16,Asia,Malaysia,Smartphone,30,24596.51,14648.14
12765,2025-09-19,Europe,France,Tablet,20,6439.7,4358.56
12766,2026-02-05,South America,Brazil,Tablet,3,1474.49,1026.71
12767,2026-01-29,Asia,India,Monitor,30,18741.18,11547.92
12768,2026-06-02,South America,Chile,Laptop,7,10763.76,7727.66
12769,2025-03-23,Europe,Germany,Laptop,25,33375.97,24397.9
12770,2026-04-17,North America,United States,Tablet,21,18409.9,10379.26
12771,2025-08-28,North America,Canada,Headphones,20,6807.67,3814.81
12772,2025-12-30,Asia,India,Headphones,12,2658.44,1333.42
12773,2025-11-22,North America,United States,Smartphone,21,9987.12,6959.92
12774,2025-02-15,South America,Chile,Smartphone,7,4738.79,3312.99
12775,2025-11-28,South America,Chile,Tablet,3,1138.18,797.87
12776,2025-06-30,North America,United States,Monitor,14,7296.0,5331.41
12777,2025-11-14,Asia,Malaysia,Smartphone,22,13388.64,8093.5
12778,2025-03-05,North America,United States,Laptop,22,27433.83,20387.89
12779,2025-02-10,Europe,Netherlands,Tablet,14,6061.96,3932.56
12780,2026-06-20,Europe,Netherlands,Monitor,12,6605.47,5017.6
12781,2026-01-26,North America,Canada,Headphones,7,1813.12,858.71
12782,2025-07-20,Asia,India,Monitor,27,9574.14,7206.36
12783,2025-06-02,Asia,India,Laptop,10,13740.56,10696.09
12784,2025-02-24,South America,Chile,Tablet,9,2900.16,2068.53
12785,2026-04-18,Asia,India,Smartphone,14,10419.25,7334.0
12786,2025-05-01,North America,Mexico,Smartphone,24,20396.85,12217.38
12787,2026-03-20,Asia,Malaysia,Smartphone,12,12593.27,8638.78
12788,2025-04-08,South America,Chile,Headphones,3,607.32,317.73
12789,2025-10-26,Europe,France,Smartphone,2,1623.27,1037.35
12790,2025-03-11,Europe,Netherlands,Smartphone,1,430.66,252.56
12791,2025-12-07,Europe,Germany,Tablet,26,11788.6,6925.24
12792,2025-05-21,North America,Mexico,Tablet,3,2590.44,1723.2
12793,2025-05-07,Asia,Singapore,Tablet,27,14325.43,8502.04
12794,2025-01-17,South America,Brazil,Headphones,15,2562.13,1337.77
12795,2026-03-05,Europe,Spain,Laptop,27,24115.3,15616.28
12796,2025-10-29,Europe,United Kingdom,Laptop,3,2831.87,1817.95
12797,2025-11-10,Europe,Spain,Monitor,12,2578.09,1756.74
12798,2026-04-14,Asia,Japan,Headphones,3,600.0,324.23
12799,2025-12-29,South America,Brazil,Monitor,12,5043.13,3809.41
12800,2026-04-21,Asia,Japan,Laptop,21,32258.28,23043.36
12801,2026-01-31,South America,Brazil,Smartphone,23,17367.08,11128.2
12802,2026-03-19,Asia,South Korea,Smartphone,28,12419.32,7901.53
12803,2025-03-08,South America,Argentina,Tablet,27,23691.56,13288.22
12804,2025-03-12,South America,Chile,Headphones,25,6870.26,3786.4
12805,2025-08-13,North America,United States,Smartphone,4,2579.91,1511.72
12806,2025-05-18,Europe,Spain,Headphones,17,5540.0,3586.57
12807,2025-05-14,Asia,South Korea,Smartphone,5,3024.14,2031.42
12808,2025-07-21,North America,Canada,Smartphone,20,18893.05,13511.01
12809,2025-05-04,Asia,Japan,Smartphone,1,525.69,338.61
12810,2025-01-13,Europe,Italy,Smartphone,8,8351.18,5224.18
12811,2025-10-08,North America,Canada,Tablet,2,1691.55,942.64
12812,2026-04-04,North America,Mexico,Headphones,18,3617.27,1889.17
12813,2025-09-19,Europe,Germany,Tablet,15,11173.76,7790.93
12814,2025-06-07,North America,Canada,Headphones,8,753.67,430.69
12815,2026-06-16,Asia,Japan,Smartphone,27,31791.61,22471.68
12816,2025-03-31,North America,United States,Smartphone,17,18638.16,11169.35
12817,2025-08-10,Asia,Japan,Laptop,3,3916.05,2913.45
12818,2026-01-20,Asia,South Korea,Tablet,12,10759.02,6124.36
12819,2026-06-11,Europe,Italy,Headphones,15,1713.93,943.28
12820,2025-03-07,Asia,Malaysia,Tablet,16,10890.84,6212.61
12821,2025-02-25,Asia,Japan,Monitor,9,5803.93,3723.28
12822,2025-02-24,Asia,Malaysia,Smartphone,26,28259.04,20999.31
12823,2026-01-13,North America,United States,Monitor,21,6567.96,4240.17
12824,2026-04-19,Asia,South Korea,Laptop,8,10846.79,7763.08
12825,2026-04-07,South America,Brazil,Monitor,1,584.53,370.8
12826,2026-01-21,Europe,Italy,Smartphone,12,10345.71,7039.06
12827,2025-01-29,South America,Argentina,Laptop,5,5103.1,3246.65
12828,2026-04-14,North America,United States,Headphones,4,337.71,167.56
12829,2025-05-19,Europe,Italy,Smartphone,5,5797.86,3741.18
12830,2025-05-16,Asia,India,Laptop,19,25227.92,17580.82
12831,2025-10-05,South America,Brazil,Smartphone,8,4977.32,3300.56
12832,2025-06-13,Europe,Netherlands,Monitor,25,11769.23,7818.01
12833,2025-02-22,South America,Brazil,Tablet,28,11993.78,7446.94
12834,2025-03-15,Asia,Malaysia,Laptop,30,48886.63,32912.87
12835,2026-04-09,South America,Argentina,Monitor,15,3552.35,2148.58
12836,2025-02-15,Asia,Japan,Smartphone,1,1157.12,766.58
12837,2026-02-12,Asia,Singapore,Monitor,7,1702.5,1203.0
12838,2026-03-17,Asia,Malaysia,Tablet,19,13227.82,7596.11
12839,2026-02-20,Europe,United Kingdom,Headphones,21,2534.95,1156.3
12840,2025-04-05,Europe,Germany,Smartphone,26,30069.91,19518.93
12841,2025-12-02,Europe,Netherlands,Headphones,6,1991.38,1001.33
12842,2026-05-17,South America,Chile,Headphones,25,7325.74,4608.02
12843,2025-07-29,Europe,Netherlands,Tablet,29,17757.45,11627.14
12844,2025-07-14,South America,Argentina,Monitor,10,5209.68,3406.25
12845,2026-02-19,North America,Mexico,Monitor,23,7223.44,4475.78
12846,2026-05-03,North America,Canada,Smartphone,8,6639.76,4281.72
12847,2025-06-08,Asia,Singapore,Laptop,25,26333.47,19090.88
12848,2025-04-22,Europe,Spain,Monitor,24,14163.89,10446.61
12849,2026-05-29,South America,Brazil,Laptop,4,6645.98,4373.81
12850,2026-01-08,South America,Argentina,Headphones,18,3637.37,1783.18
12851,2026-01-22,South America,Chile,Monitor,22,6244.8,4308.26
12852,2025-06-06,Europe,Spain,Smartphone,13,15163.48,10225.09
12853,2026-01-09,North America,Mexico,Laptop,2,1748.9,1274.37
12854,2025-08-19,Europe,Germany,Smartphone,4,4665.87,3126.7
12855,2025-09-21,North America,Canada,Smartphone,7,3130.83,2071.15
12856,2025-08-22,North America,Mexico,Headphones,21,5661.65,3526.08
12857,2025-11-09,Europe,France,Smartphone,26,23019.66,16213.25
12858,2025-08-27,Asia,Malaysia,Smartphone,27,23926.63,16696.53
12859,2025-02-13,South America,Chile,Headphones,9,2702.47,1824.28
12860,2025-11-23,Europe,United Kingdom,Monitor,7,3398.9,2238.41
12861,2025-08-31,Europe,France,Headphones,20,3254.9,1891.22
12862,2025-02-13,Europe,France,Smartphone,21,9241.38,6536.91
12863,2025-11-14,Asia,Japan,Headphones,19,4469.77,2777.11
12864,2025-04-07,Asia,Singapore,Smartphone,5,3479.13,2536.92
12865,2026-01-29,North America,United States,Headphones,10,2697.02,1369.05
12866,2025-10-28,North America,Canada,Monitor,19,9416.16,5565.93
12867,2025-07-19,South America,Argentina,Tablet,11,4917.88,3237.61
12868,2026-05-05,North America,United States,Tablet,15,9823.8,5923.67
12869,2025-10-29,Asia,Japan,Monitor,7,2090.29,1547.16
12870,2026-01-24,Europe,United Kingdom,Smartphone,6,2689.57,1742.24
12871,2025-04-03,Asia,India,Monitor,24,4908.69,3592.9
12872,2026-05-01,South America,Argentina,Laptop,30,40752.47,26571.8
12873,2026-04-19,Asia,Singapore,Laptop,21,33730.51,22910.08
12874,2025-02-14,South America,Chile,Smartphone,16,11671.14,7785.06
12875,2026-05-08,Europe,Netherlands,Monitor,10,2725.14,2138.54
12876,2026-05-13,North America,United States,Monitor,11,5949.16,4148.69
12877,2026-05-02,South America,Chile,Tablet,5,2597.13,1447.93
12878,2025-04-01,South America,Argentina,Headphones,18,3787.86,2091.99
12879,2025-03-10,South America,Argentina,Tablet,22,13093.52,9380.33
12880,2025-12-16,Asia,India,Monitor,5,2659.78,1955.02
12881,2026-05-07,Europe,Italy,Monitor,28,13578.16,10527.74
12882,2026-01-14,North America,United States,Tablet,26,12257.24,7134.57
12883,2025-06-04,Asia,South Korea,Smartphone,10,7630.36,4796.06
12884,2026-02-21,South America,Argentina,Headphones,22,7444.45,3628.7
12885,2025-11-11,South America,Brazil,Tablet,26,13517.35,8061.2
12886,2025-03-17,Europe,Netherlands,Monitor,25,9290.73,6733.11
12887,2026-01-12,Asia,Malaysia,Headphones,5,526.04,284.19
12888,2025-01-17,North America,Mexico,Monitor,10,3909.85,2393.24
12889,2025-12-30,South America,Argentina,Smartphone,7,8369.8,5532.97
12890,2025-11-26,North America,Mexico,Tablet,8,5923.79,3978.01
12891,2025-11-03,North America,Mexico,Smartphone,16,10313.02,7135.37
12892,2026-05-11,Europe,Netherlands,Headphones,17,5452.73,3822.12
12893,2026-03-16,Asia,Malaysia,Tablet,27,17524.46,11091.8
12894,2026-05-13,Europe,Netherlands,Tablet,15,10819.47,7546.05
12895,2025-05-28,North America,Mexico,Laptop,13,20239.24,14668.28
12896,2025-12-11,Europe,Spain,Monitor,5,2785.88,2021.33
12897,2026-04-25,South America,Chile,Headphones,2,470.17,233.76
12898,2026-03-22,South America,Argentina,Monitor,4,1714.35,1076.34
12899,2025-01-25,Asia,Japan,Laptop,20,20718.42,13202.67
12900,2025-02-20,Europe,Germany,Tablet,11,3506.77,2419.74
12901,2026-03-20,Asia,Singapore,Tablet,28,24216.36,13561.6
12902,2025-01-28,Europe,France,Monitor,5,3193.28,2070.9
12903,2025-06-15,North America,United States,Tablet,8,2656.02,1614.89
12904,2026-03-04,Europe,United Kingdom,Headphones,2,463.2,294.73
12905,2025-03-01,Europe,Italy,Monitor,19,9523.68,6752.95
12906,2025-10-20,South America,Brazil,Headphones,29,4907.78,2588.42
12907,2026-01-27,North America,United States,Smartphone,13,5214.38,3685.33
12908,2026-06-30,Europe,Italy,Tablet,20,11542.85,7279.28
12909,2025-04-30,Europe,Spain,Laptop,17,14316.44,10852.95
12910,2025-10-14,South America,Chile,Tablet,19,14442.08,8050.38
12911,2025-03-31,North America,Mexico,Tablet,17,14352.31,8987.91
12912,2026-01-17,Europe,France,Laptop,25,36273.58,26287.41
12913,2026-04-24,Asia,Singapore,Headphones,29,3277.73,1562.6
12914,2025-04-19,South America,Chile,Headphones,11,990.35,672.72
12915,2025-12-25,South America,Brazil,Laptop,8,7788.75,5252.47
12916,2025-12-03,North America,United States,Headphones,15,2272.88,1068.85
12917,2026-02-05,South America,Argentina,Monitor,4,2088.73,1544.45
12918,2025-06-27,Asia,Japan,Monitor,18,4940.38,3631.56
12919,2026-04-03,Europe,Spain,Headphones,15,1300.9,880.01
12920,2025-11-13,South America,Brazil,Laptop,11,18731.13,12011.38
12921,2025-04-02,South America,Argentina,Tablet,21,6726.0,4140.69
12922,2025-05-28,South America,Argentina,Monitor,19,11319.01,7947.48
12923,2025-09-15,Asia,India,Laptop,6,6522.18,4157.12
12924,2026-02-01,Europe,Netherlands,Tablet,8,4314.92,2762.17
12925,2025-11-28,South America,Brazil,Tablet,4,1453.09,890.09
12926,2025-12-01,South America,Argentina,Smartphone,8,3662.7,2613.69
12927,2025-09-21,Asia,India,Headphones,27,5338.21,3399.83
12928,2026-02-12,Europe,Germany,Headphones,27,5417.35,3292.27
12929,2026-06-18,South America,Brazil,Monitor,18,10646.24,7097.34
12930,2025-08-31,Europe,France,Tablet,2,984.42,660.78
12931,2025-06-06,South America,Chile,Smartphone,23,26019.53,17877.93
12932,2025-10-03,Asia,South Korea,Tablet,3,1615.85,1013.24
12933,2025-03-09,North America,United States,Smartphone,28,32172.86,18760.1
12934,2025-12-25,South America,Brazil,Laptop,1,1418.56,945.91
12935,2026-01-08,Asia,Singapore,Headphones,8,1286.36,648.56
12936,2025-03-29,Europe,United Kingdom,Tablet,1,885.84,533.86
12937,2025-08-27,Asia,Singapore,Headphones,24,7824.55,4332.86
12938,2025-06-05,North America,United States,Laptop,8,10536.16,8058.96
12939,2025-12-14,South America,Argentina,Monitor,17,11024.34,7119.43
12940,2025-01-14,North America,Mexico,Smartphone,30,31875.31,20942.98
12941,2025-06-19,North America,Mexico,Monitor,10,5180.07,3794.01
12942,2025-05-26,Asia,South Korea,Smartphone,21,18880.18,13083.7
12943,2025-11-17,North America,Mexico,Tablet,3,1073.46,718.61
12944,2025-02-02,South America,Chile,Tablet,25,19918.25,11001.79
12945,2025-01-05,South America,Argentina,Headphones,10,2060.44,1370.27
12946,2025-04-08,Europe,France,Laptop,27,39523.08,25186.78
12947,2025-04-21,South America,Chile,Smartphone,27,22078.7,15881.31
12948,2025-02-18,North America,Canada,Monitor,9,2321.51,1590.27
12949,2025-01-06,Asia,Malaysia,Monitor,1,570.04,434.53
12950,2026-05-06,Europe,United Kingdom,Headphones,5,634.37,338.32
12951,2025-12-03,South America,Brazil,Smartphone,4,3509.36,2392.23
12952,2026-05-08,North America,United States,Tablet,28,12611.8,8250.06
12953,2026-03-28,Asia,Singapore,Headphones,29,9514.25,6127.1
12954,2025-10-24,North America,Canada,Smartphone,22,15356.32,10995.49
12955,2025-05-04,Asia,India,Headphones,14,3492.6,1897.18
12956,2025-11-25,Europe,Spain,Headphones,1,209.24,99.17
12957,2025-11-06,Asia,India,Tablet,21,18222.12,11143.24
12958,2025-03-28,South America,Brazil,Tablet,9,3349.13,1902.93
12959,2025-08-24,South America,Brazil,Smartphone,24,28769.85,20462.2
12960,2025-07-27,South America,Brazil,Laptop,6,7618.37,5751.92
12961,2025-07-05,South America,Brazil,Headphones,30,3231.09,1770.57
12962,2025-06-18,North America,United States,Smartphone,23,16611.5,12031.72
12963,2025-11-27,South America,Chile,Headphones,15,3592.91,2269.09
12964,2025-12-16,Asia,Malaysia,Headphones,4,355.62,230.58
12965,2025-05-20,Europe,Italy,Headphones,29,5687.79,3731.4
12966,2026-06-29,Asia,Japan,Smartphone,18,13791.48,10235.85
12967,2025-12-29,Europe,Spain,Smartphone,22,14011.33,9862.42
12968,2025-02-18,Europe,Italy,Laptop,10,12482.53,8312.27
12969,2025-01-13,Asia,Malaysia,Laptop,13,11031.53,6996.02
12970,2025-05-25,South America,Brazil,Smartphone,9,5477.44,3373.02
12971,2026-04-06,North America,Mexico,Tablet,14,8452.42,5714.89
12972,2026-03-19,Asia,South Korea,Smartphone,9,7075.12,4676.28
12973,2025-10-16,South America,Brazil,Tablet,20,13221.68,8378.17
12974,2026-06-14,South America,Chile,Monitor,5,3137.7,2051.76
12975,2025-12-09,Europe,Italy,Monitor,5,2275.79,1449.52
12976,2025-01-09,Asia,Singapore,Smartphone,7,7736.65,5299.12
12977,2026-06-13,South America,Brazil,Monitor,23,10118.45,7226.11
12978,2025-02-01,Asia,Malaysia,Monitor,9,6169.6,4647.19
12979,2025-06-27,Asia,Japan,Laptop,26,25764.06,20300.54
12980,2026-04-15,Europe,France,Smartphone,2,1495.66,1070.94
12981,2025-12-22,Asia,Japan,Tablet,4,2276.54,1609.33
12982,2026-01-22,North America,Canada,Headphones,10,2498.52,1381.57
12983,2025-10-19,South America,Brazil,Tablet,30,26977.3,17860.38
12984,2026-01-17,Europe,Netherlands,Monitor,4,2098.34,1423.36
12985,2025-09-30,Europe,United Kingdom,Smartphone,19,11426.99,7450.89
12986,2025-07-18,Europe,France,Smartphone,23,23422.53,14992.19
12987,2025-10-18,Asia,Singapore,Tablet,14,11800.27,7676.27
12988,2026-01-28,South America,Brazil,Laptop,11,10863.46,7383.05
12989,2026-05-07,Asia,India,Smartphone,7,4237.75,3155.23
12990,2026-01-25,Europe,United Kingdom,Monitor,6,2948.95,2066.9
12991,2025-02-04,North America,United States,Laptop,25,26946.92,18493.47
12992,2026-01-08,Asia,South Korea,Smartphone,12,7304.93,5217.98
12993,2025-12-07,South America,Brazil,Laptop,24,37018.32,27455.09
12994,2025-09-12,South America,Brazil,Smartphone,9,7922.18,5749.88
12995,2025-10-07,North America,Canada,Laptop,12,16593.94,12132.89
12996,2025-03-23,North America,Mexico,Headphones,5,861.14,430.67
12997,2025-03-23,South America,Brazil,Monitor,3,923.43,626.77
12998,2025-04-26,North America,Canada,Laptop,3,4033.25,2711.46
12999,2025-01-16,South America,Chile,Laptop,14,20639.99,15696.75
13000,2026-03-22,Europe,France,Laptop,6,5486.42,3514.56
13001,2026-06-15,South America,Argentina,Monitor,21,8179.56,5586.08
13002,2025-11-27,Europe,Netherlands,Monitor,3,800.51,576.88
13003,2025-07-14,North America,Canada,Laptop,3,4125.16,2775.59
13004,2025-07-30,Asia,India,Headphones,2,689.22,460.37
13005,2025-12-22,Asia,Japan,Headphones,8,2494.21,1149.82
13006,2025-10-03,South America,Brazil,Tablet,30,18555.55,11951.38
13007,2026-01-03,North America,Mexico,Monitor,30,19077.54,13981.04
13008,2025-03-24,North America,Mexico,Headphones,2,534.31,303.14
13009,2025-05-10,Europe,France,Laptop,7,10804.53,6720.5
13010,2025-06-28,South America,Brazil,Monitor,27,18453.19,13008.99
13011,2026-01-26,North America,Canada,Monitor,21,8126.78,5558.78
13012,2025-12-28,North America,United States,Laptop,19,32887.33,21782.46
13013,2025-06-07,Asia,South Korea,Tablet,1,839.98,513.66
13014,2026-03-08,North America,Mexico,Monitor,15,3252.11,2281.81
13015,2025-05-28,North America,Mexico,Tablet,20,17469.68,9647.61
13016,2026-01-02,North America,Mexico,Laptop,29,31338.31,19684.1
13017,2026-06-24,South America,Brazil,Tablet,6,3077.03,1923.08
13018,2025-10-09,North America,United States,Smartphone,2,1630.21,1060.67
13019,2025-05-25,North America,Canada,Headphones,24,8308.86,5212.45
13020,2025-01-09,Europe,United Kingdom,Tablet,6,2387.33,1704.95
13021,2025-11-06,Asia,Japan,Smartphone,22,25313.37,14952.23
13022,2025-10-09,South America,Argentina,Tablet,7,3221.66,2135.01
13023,2025-01-08,Europe,Germany,Monitor,21,7244.73,5076.53
13024,2025-02-18,Asia,Singapore,Monitor,7,3834.59,2569.16
13025,2026-04-14,Asia,Malaysia,Laptop,10,16912.11,11761.95
13026,2025-10-29,South America,Argentina,Headphones,30,4421.83,2352.58
13027,2026-01-21,North America,Mexico,Headphones,17,3578.16,1725.78
13028,2025-01-29,Europe,Netherlands,Headphones,20,4110.26,1997.89
13029,2025-08-18,North America,Mexico,Monitor,19,12291.98,7349.23
13030,2026-02-15,South America,Argentina,Tablet,11,4270.92,2723.86
13031,2026-01-05,Asia,India,Smartphone,10,7420.18,5390.13
13032,2026-04-06,Asia,India,Tablet,27,22509.4,16122.32
13033,2025-01-08,Europe,Spain,Tablet,7,3675.69,2535.79
13034,2026-03-23,South America,Brazil,Monitor,6,3012.58,1895.53
13035,2026-06-01,South America,Argentina,Laptop,23,40278.79,29926.34
13036,2025-10-03,North America,United States,Tablet,5,2603.66,1693.56
13037,2026-03-07,Europe,France,Headphones,28,5514.52,2510.92
13038,2026-06-08,South America,Argentina,Tablet,27,23090.1,14642.27
13039,2026-05-15,Asia,Singapore,Headphones,28,4284.78,2766.06
13040,2026-02-25,Asia,Singapore,Smartphone,17,15889.24,11733.62
13041,2025-12-26,South America,Argentina,Monitor,5,3347.8,2527.29
13042,2026-02-22,North America,United States,Monitor,8,2919.46,2001.5
13043,2026-01-25,North America,Canada,Smartphone,17,14485.02,8363.69
13044,2025-02-23,Europe,Italy,Monitor,19,11428.21,7570.74
13045,2026-02-08,South America,Chile,Monitor,23,14462.94,9420.04
13046,2025-07-24,Europe,Netherlands,Monitor,29,16506.78,11418.33
13047,2025-12-16,South America,Chile,Monitor,15,7860.77,5198.16
13048,2025-02-19,Europe,Germany,Smartphone,15,8493.53,5945.64
13049,2025-04-08,Asia,South Korea,Smartphone,25,18392.42,11827.99
13050,2025-03-14,Asia,Singapore,Tablet,18,9078.16,6038.42
13051,2025-05-23,North America,United States,Smartphone,9,10455.14,6039.38
13052,2025-03-28,Europe,Spain,Headphones,30,10355.91,5613.89
13053,2025-08-04,South America,Chile,Monitor,15,8556.13,5523.66
13054,2026-04-11,South America,Argentina,Headphones,6,1559.48,1033.45
13055,2025-02-14,North America,United States,Smartphone,4,3391.81,2028.01
13056,2025-08-30,South America,Chile,Smartphone,4,3544.81,2113.51
13057,2026-03-16,South America,Chile,Monitor,3,1781.89,1218.62
13058,2026-02-08,North America,Canada,Headphones,8,2627.91,1585.45
13059,2025-02-26,Asia,Malaysia,Smartphone,19,9733.21,6464.64
13060,2025-04-16,South America,Chile,Headphones,26,4574.62,2243.17
13061,2026-06-11,South America,Chile,Laptop,21,20909.97,15084.74
13062,2025-11-15,North America,United States,Smartphone,19,20506.85,13138.55
13063,2025-04-15,South America,Chile,Monitor,3,1182.49,756.11
13064,2025-02-09,Europe,Spain,Laptop,4,3292.46,2275.31
13065,2025-12-26,North America,United States,Monitor,17,5579.04,3925.45
13066,2025-05-27,South America,Chile,Laptop,1,1170.3,848.96
13067,2025-08-12,Asia,Singapore,Headphones,22,4985.26,3400.37
13068,2026-04-21,North America,United States,Tablet,25,13301.96,8523.49
13069,2026-06-15,Europe,Spain,Monitor,18,6276.6,4677.05
13070,2025-12-14,South America,Argentina,Smartphone,25,25538.63,15617.7
13071,2026-01-31,Europe,Netherlands,Monitor,17,8240.93,6100.35
13072,2026-05-04,Europe,Germany,Smartphone,2,1129.77,842.24
13073,2025-09-22,Europe,Germany,Headphones,20,5297.45,2935.5
13074,2026-04-28,Europe,Italy,Headphones,19,2544.22,1658.77
13075,2026-06-12,North America,Mexico,Monitor,18,7315.77,4606.26
13076,2025-06-15,North America,Canada,Headphones,18,3602.8,2106.86
13077,2025-12-26,North America,United States,Smartphone,3,1592.32,1068.94
13078,2026-04-26,Asia,India,Tablet,27,21654.05,15056.36
13079,2025-03-30,North America,Mexico,Laptop,9,14735.18,11330.64
13080,2025-04-07,Asia,Malaysia,Laptop,23,25897.05,16803.4
13081,2026-02-01,Asia,Malaysia,Tablet,11,3866.09,2271.03
13082,2025-12-13,Europe,France,Laptop,17,29646.2,22683.92
13083,2026-06-14,Europe,Netherlands,Monitor,20,13836.54,11187.36
13084,2025-05-03,North America,Mexico,Headphones,15,1780.62,891.45
13085,2026-06-25,Asia,Singapore,Smartphone,2,2150.5,1485.19
13086,2026-04-27,North America,United States,Monitor,30,13333.31,8135.84
13087,2026-06-21,Europe,France,Headphones,21,7149.94,4609.77
13088,2026-02-04,South America,Chile,Headphones,20,4274.31,2097.47
13089,2025-10-09,Asia,South Korea,Smartphone,10,9548.04,7102.48
13090,2025-08-05,South America,Chile,Monitor,30,11047.07,6986.56
13091,2026-01-11,South America,Brazil,Monitor,4,831.72,583.46
13092,2026-06-08,South America,Brazil,Smartphone,27,18187.91,11762.9
13093,2025-03-18,Asia,India,Headphones,11,1297.98,745.59
13094,2026-01-19,Asia,Singapore,Smartphone,2,2360.01,1756.41
13095,2026-04-12,South America,Brazil,Laptop,17,21531.93,14651.71
13096,2025-07-20,North America,Canada,Monitor,27,17843.96,11992.49
13097,2026-06-10,Asia,Malaysia,Headphones,26,7023.8,3992.69
13098,2025-05-01,Asia,Singapore,Smartphone,4,4192.16,2560.71
13099,2025-09-24,South America,Chile,Headphones,6,1973.41,1214.67
13100,2026-05-18,Asia,South Korea,Laptop,29,25268.93,17052.08
13101,2026-05-17,Europe,Germany,Laptop,2,3522.96,2753.39
13102,2025-08-09,Asia,India,Laptop,6,8335.39,5850.27
13103,2026-04-25,North America,Canada,Tablet,6,3548.01,2503.58
13104,2026-03-15,South America,Argentina,Smartphone,21,24060.78,14532.84
13105,2025-06-30,Asia,South Korea,Monitor,13,4023.27,2783.31
13106,2025-09-13,Europe,France,Laptop,27,48300.93,33200.84
13107,2025-04-16,Asia,Japan,Monitor,18,7290.96,5105.8
13108,2025-08-18,Asia,Malaysia,Smartphone,25,24351.65,17259.49
13109,2025-09-26,North America,Mexico,Tablet,23,18457.92,10441.87
13110,2025-09-08,North America,Canada,Headphones,27,7037.85,3256.49
13111,2026-02-12,Europe,United Kingdom,Headphones,17,5505.48,3533.77
13112,2025-04-10,Europe,Spain,Smartphone,24,21470.3,14187.88
13113,2025-06-01,Asia,Singapore,Tablet,20,6722.68,4070.96
13114,2025-06-02,Europe,United Kingdom,Tablet,13,5748.89,3994.77
13115,2025-12-12,Asia,Singapore,Headphones,23,6086.59,3519.44
13116,2026-06-07,Asia,India,Smartphone,22,13881.5,8508.31
13117,2025-08-06,Europe,United Kingdom,Laptop,26,38080.02,28716.6
13118,2025-09-14,Europe,Spain,Headphones,15,2151.17,1080.51
13119,2025-04-21,Asia,Singapore,Monitor,25,17241.89,12042.61
13120,2026-01-29,Asia,Singapore,Headphones,20,2878.25,1980.43
13121,2025-10-27,North America,Mexico,Tablet,29,16882.87,9346.67
13122,2026-04-18,Asia,South Korea,Headphones,27,4734.57,3249.19
13123,2026-06-26,South America,Argentina,Tablet,23,18061.07,10585.44
13124,2026-03-18,North America,United States,Tablet,20,7665.35,4665.07
13125,2025-01-05,Europe,Spain,Laptop,1,881.08,569.56
13126,2025-01-28,Europe,France,Laptop,1,1244.9,854.89
13127,2025-09-07,South America,Argentina,Headphones,1,345.74,155.91
13128,2025-04-08,Europe,Spain,Smartphone,6,5922.51,4192.71
13129,2025-04-17,Asia,Singapore,Smartphone,18,12209.69,7557.01
13130,2025-01-27,Asia,Malaysia,Headphones,3,874.57,469.74
13131,2025-05-17,Asia,Japan,Headphones,17,1985.64,1248.95
13132,2025-11-23,South America,Chile,Monitor,16,8134.69,5806.38
13133,2025-02-25,Asia,Japan,Tablet,19,11621.47,7541.39
13134,2026-02-11,Europe,Germany,Laptop,1,819.26,595.06
13135,2026-06-13,Asia,Singapore,Smartphone,23,14789.51,10590.01
13136,2025-12-14,Europe,Italy,Monitor,12,3352.59,2510.66
13137,2025-08-06,Asia,Singapore,Monitor,2,1119.51,786.8
13138,2026-03-06,North America,United States,Headphones,5,1208.45,776.14
13139,2025-02-25,South America,Chile,Tablet,30,26054.87,15882.58
13140,2026-04-04,Europe,Germany,Smartphone,23,18102.24,11951.02
13141,2025-04-28,Asia,Malaysia,Monitor,21,12289.1,9450.13
13142,2026-03-04,North America,United States,Tablet,20,14572.14,8653.91
13143,2026-05-19,South America,Argentina,Laptop,19,18071.23,13623.82
13144,2025-11-03,South America,Chile,Smartphone,6,2969.29,2041.02
13145,2025-05-23,North America,Mexico,Headphones,25,2169.41,1203.73
13146,2025-04-09,Asia,Malaysia,Smartphone,28,21904.41,14429.2
13147,2026-01-19,Asia,South Korea,Monitor,4,1093.5,789.42
13148,2025-04-28,Asia,Japan,Monitor,29,19871.29,12606.64
13149,2025-04-03,North America,Mexico,Headphones,2,243.82,149.98
13150,2026-06-10,Asia,Singapore,Headphones,15,2267.92,1198.26
13151,2025-10-02,Europe,Netherlands,Smartphone,27,17057.26,10657.17
13152,2026-06-29,North America,United States,Headphones,24,7383.46,4124.05
13153,2025-09-03,North America,Mexico,Laptop,3,3456.92,2471.09
13154,2025-06-25,South America,Chile,Laptop,6,6330.82,4814.62
13155,2026-01-06,Asia,Malaysia,Tablet,19,15120.67,9032.74
13156,2025-10-17,South America,Brazil,Smartphone,6,2836.98,1679.45
13157,2025-09-17,South America,Brazil,Laptop,28,46191.3,32296.02
13158,2025-06-01,Asia,Malaysia,Monitor,8,4852.8,3729.09
13159,2025-01-18,Europe,Netherlands,Laptop,15,21491.13,13849.67
13160,2026-05-19,North America,Canada,Monitor,15,3824.63,2389.51
13161,2025-02-17,Europe,Italy,Monitor,10,6673.45,5058.91
13162,2025-02-04,Asia,India,Smartphone,1,1065.99,697.81
13163,2025-06-24,South America,Argentina,Smartphone,19,13255.12,9712.53
13164,2026-06-18,North America,Mexico,Smartphone,30,15693.2,10691.79
13165,2025-11-01,South America,Argentina,Laptop,5,5943.64,3921.09
13166,2025-12-12,South America,Chile,Smartphone,25,26729.05,16207.83
13167,2025-06-05,Asia,Japan,Laptop,16,20355.63,15640.62
13168,2026-03-19,North America,Mexico,Smartphone,7,4572.29,3189.34
13169,2026-02-09,Europe,Italy,Tablet,27,18704.87,11374.91
13170,2025-11-24,South America,Chile,Headphones,2,366.01,207.33
13171,2026-01-22,South America,Brazil,Headphones,28,5184.37,3463.36
13172,2025-12-29,Europe,Italy,Tablet,13,11248.59,6988.35
13173,2026-02-06,Asia,Japan,Smartphone,18,15157.9,9127.7
13174,2025-02-16,Europe,Italy,Headphones,30,5218.18,3347.82
13175,2025-10-08,North America,Canada,Monitor,2,618.03,406.81
13176,2025-07-05,Asia,Malaysia,Laptop,5,5696.11,3883.04
13177,2026-05-08,Europe,Italy,Headphones,10,3206.72,1842.0
13178,2025-12-20,Europe,United Kingdom,Monitor,15,5321.27,3972.22
13179,2025-06-03,Asia,South Korea,Tablet,29,15693.09,10590.11
13180,2025-04-21,Europe,United Kingdom,Smartphone,9,5479.98,3747.01
13181,2026-02-19,Asia,Singapore,Laptop,14,23404.38,17181.53
13182,2025-10-06,South America,Argentina,Headphones,26,6329.13,3368.51
13183,2025-08-24,South America,Brazil,Tablet,29,17520.38,12027.28
13184,2025-04-25,Asia,India,Laptop,18,29307.95,19862.78
13185,2026-01-17,Europe,Italy,Laptop,28,38123.68,27167.7
13186,2026-03-13,Asia,Singapore,Tablet,1,544.64,308.44
13187,2026-06-22,Asia,Singapore,Monitor,22,10896.54,8048.7
13188,2025-05-25,Asia,Malaysia,Monitor,18,10796.77,7920.77
13189,2025-03-27,South America,Chile,Smartphone,22,11993.52,8131.55
13190,2025-07-26,Europe,Netherlands,Headphones,12,3515.76,1862.58
13191,2025-08-18,Asia,South Korea,Monitor,22,9530.98,5864.11
13192,2026-01-17,Europe,France,Monitor,3,1963.1,1201.55
13193,2026-01-27,Asia,Singapore,Monitor,14,5656.25,3736.34
13194,2025-01-08,North America,United States,Tablet,25,16430.93,10215.42
13195,2026-03-26,North America,Canada,Tablet,3,998.85,646.55
13196,2026-01-01,North America,Canada,Tablet,12,5409.94,3778.13
13197,2026-03-01,Asia,Japan,Smartphone,27,12301.11,8379.86
13198,2025-10-09,Europe,Germany,Headphones,21,3862.44,1906.75
13199,2025-12-20,South America,Brazil,Monitor,3,1347.39,1010.64
13200,2026-04-29,Asia,South Korea,Smartphone,2,2145.54,1593.69
13201,2025-09-21,North America,Canada,Tablet,14,9045.55,5606.66
13202,2026-03-18,Europe,United Kingdom,Smartphone,9,5820.15,3572.3
13203,2025-09-19,Europe,Netherlands,Monitor,12,7758.7,4854.36
13204,2025-02-21,South America,Brazil,Smartphone,21,15320.72,10325.19
13205,2025-10-09,South America,Argentina,Tablet,3,1736.92,1019.2
13206,2025-05-18,Asia,Singapore,Smartphone,22,12895.38,8654.22
13207,2025-07-27,Asia,Singapore,Monitor,11,5242.2,3559.9
13208,2025-07-22,South America,Chile,Monitor,23,10352.39,6466.54
13209,2026-04-29,North America,Mexico,Smartphone,21,24712.71,17699.71
13210,2025-10-14,Asia,South Korea,Smartphone,24,16702.3,11556.87
13211,2026-06-29,Europe,United Kingdom,Headphones,1,316.88,224.02
13212,2025-10-09,South America,Argentina,Monitor,21,5897.8,3751.28
13213,2026-04-22,Asia,Singapore,Headphones,18,3415.32,1822.18
13214,2025-06-01,Asia,India,Monitor,28,18181.05,13963.18
13215,2025-08-21,Asia,South Korea,Tablet,22,19266.65,13417.96
13216,2025-07-12,South America,Brazil,Tablet,7,2821.16,1739.63
13217,2026-01-15,Asia,South Korea,Monitor,17,7989.71,6071.38
13218,2025-06-07,North America,United States,Headphones,24,6353.02,3676.86
13219,2025-09-30,Europe,France,Smartphone,19,12500.02,7823.63
13220,2026-04-10,Europe,France,Tablet,21,13241.52,10192.38
13221,2025-07-16,Europe,Spain,Smartphone,13,12415.95,8426.21
13222,2025-06-19,Asia,India,Monitor,9,5313.74,3767.87
13223,2026-01-02,South America,Argentina,Smartphone,28,24030.23,16783.09
13224,2025-04-20,Asia,India,Headphones,13,1275.39,723.44
13225,2025-02-01,Europe,Germany,Laptop,5,6996.6,4860.71
13226,2025-05-21,Asia,Malaysia,Laptop,19,30077.68,20218.58
13227,2026-05-19,North America,United States,Monitor,12,2571.81,1870.41
13228,2025-10-03,South America,Brazil,Smartphone,30,28188.41,17487.67
13229,2025-04-22,North America,United States,Laptop,13,16834.51,12432.77
13230,2026-03-14,North America,Canada,Laptop,13,16888.79,11470.92
13231,2025-11-11,South America,Chile,Laptop,4,5018.34,3482.4
13232,2026-01-23,Asia,Malaysia,Laptop,4,3318.26,2385.4
13233,2025-07-20,South America,Chile,Smartphone,19,12725.01,8312.55
13234,2026-02-24,South America,Argentina,Laptop,7,5920.12,3926.37
13235,2026-01-02,Europe,United Kingdom,Monitor,9,5135.28,3193.84
13236,2025-09-29,Asia,Malaysia,Smartphone,28,21104.93,15220.99
13237,2025-01-03,Europe,Italy,Laptop,30,43780.61,30070.72
13238,2025-11-21,Europe,Netherlands,Laptop,14,12667.89,8267.79
13239,2025-12-21,North America,Mexico,Monitor,28,13713.58,8661.64
13240,2026-04-25,Europe,Germany,Monitor,28,14682.5,11644.02
13241,2025-06-10,Asia,Singapore,Headphones,11,1833.22,864.89
13242,2025-06-19,North America,Mexico,Tablet,21,15276.49,9430.12
13243,2025-01-08,Asia,South Korea,Headphones,20,2591.92,1586.24
13244,2025-05-29,Europe,United Kingdom,Monitor,13,3443.54,2351.45
13245,2026-06-18,Asia,Singapore,Smartphone,18,7424.65,5438.91
13246,2025-02-14,North America,Canada,Laptop,15,17226.68,13056.87
13247,2026-03-04,North America,Mexico,Headphones,7,1530.86,894.21
13248,2026-04-04,North America,Mexico,Headphones,29,7436.13,4486.77
13249,2025-05-02,South America,Argentina,Monitor,29,17257.87,12802.65
13250,2025-04-25,North America,United States,Headphones,23,2370.4,1273.93
13251,2025-12-22,Europe,Spain,Laptop,12,17244.2,12322.89
13252,2026-03-22,Asia,Japan,Headphones,6,1519.39,1019.63
13253,2025-06-18,Europe,Germany,Headphones,13,1643.23,1007.56
13254,2026-06-29,Europe,Netherlands,Laptop,3,4542.43,3216.49
13255,2025-07-19,South America,Argentina,Laptop,7,11645.55,7942.84
13256,2026-01-24,South America,Chile,Tablet,21,10604.41,6727.19
13257,2025-04-11,North America,Mexico,Smartphone,7,5744.08,3860.17
13258,2025-03-29,North America,Mexico,Laptop,1,1202.61,905.24
13259,2025-09-05,Asia,Japan,Tablet,18,6583.73,4174.95
13260,2025-05-12,Asia,Japan,Monitor,23,10262.75,7289.04
13261,2025-09-28,North America,United States,Tablet,26,11788.13,7755.01
13262,2025-12-28,Asia,Japan,Smartphone,9,8136.02,5768.05
13263,2026-02-02,South America,Chile,Tablet,6,2309.27,1411.99
13264,2026-06-02,North America,Mexico,Smartphone,26,20626.69,14321.68
13265,2025-12-24,Europe,France,Laptop,21,29237.35,19255.32
13266,2026-05-12,Asia,Japan,Headphones,16,4705.13,2344.35
13267,2025-04-01,North America,United States,Smartphone,22,11430.43,8054.4
13268,2025-02-02,Europe,United Kingdom,Monitor,24,13520.25,8646.54
13269,2025-11-26,North America,United States,Monitor,21,13423.43,9916.79
13270,2026-03-12,North America,Canada,Laptop,26,41720.98,29378.38
13271,2025-09-05,South America,Brazil,Tablet,16,10827.98,6177.2
13272,2025-08-25,Asia,South Korea,Smartphone,28,16440.86,12101.95
13273,2026-02-26,Asia,Singapore,Monitor,18,5509.62,4011.46
13274,2026-01-24,North America,Canada,Tablet,26,23012.06,13701.25
13275,2025-06-09,Europe,Germany,Smartphone,7,3759.21,2400.14
13276,2025-07-28,South America,Brazil,Headphones,27,4200.6,2058.04
13277,2025-02-02,South America,Brazil,Smartphone,16,17076.67,11191.4
13278,2025-04-29,Europe,Germany,Laptop,14,14748.05,10064.44
13279,2026-06-26,Asia,Malaysia,Smartphone,27,13212.74,9455.05
13280,2025-06-22,South America,Brazil,Monitor,12,6362.43,4286.55
13281,2026-01-08,Asia,Malaysia,Smartphone,21,20983.71,12980.49
13282,2026-03-18,South America,Brazil,Smartphone,21,9071.9,6655.59
13283,2025-07-14,Europe,Spain,Tablet,18,14074.63,9545.91
13284,2025-04-02,Europe,Italy,Laptop,17,26180.1,17809.89
13285,2025-05-13,Europe,Italy,Tablet,20,9317.68,5403.87
13286,2025-05-26,South America,Chile,Laptop,17,25329.34,16463.5
13287,2025-06-29,North America,Canada,Headphones,29,9210.18,4787.72
13288,2025-07-28,Europe,Italy,Smartphone,14,11793.04,8640.85
13289,2025-03-25,North America,Mexico,Tablet,14,8299.89,5406.08
13290,2025-05-17,Europe,Germany,Smartphone,9,7202.11,4530.95
13291,2025-11-10,Europe,Italy,Laptop,30,43545.41,28996.66
13292,2025-07-12,South America,Brazil,Headphones,19,1659.23,1014.57
13293,2025-07-14,Europe,United Kingdom,Smartphone,8,4822.61,3256.39
13294,2025-07-20,South America,Chile,Smartphone,14,12204.03,7798.54
13295,2025-05-05,Asia,Japan,Laptop,11,14556.83,9668.8
13296,2026-05-19,North America,Mexico,Tablet,17,5605.36,3525.94
13297,2026-04-18,South America,Chile,Tablet,5,4321.89,2859.31
13298,2026-02-22,Asia,Malaysia,Laptop,27,37826.16,25639.9
13299,2026-04-22,Asia,India,Laptop,18,29598.4,21579.36
13300,2025-05-21,North America,Canada,Smartphone,16,14531.39,8677.83
13301,2025-02-16,North America,Canada,Monitor,24,16374.56,11478.97
13302,2025-08-05,Europe,Italy,Monitor,11,2887.9,1923.02
13303,2026-04-28,Europe,United Kingdom,Tablet,7,3337.13,2280.4
13304,2026-01-07,South America,Argentina,Laptop,5,7785.64,5429.8
13305,2025-11-22,Asia,Singapore,Tablet,11,6472.53,4612.0
13306,2025-10-05,Europe,United Kingdom,Tablet,19,12747.74,8053.46
13307,2025-03-10,Europe,Netherlands,Headphones,26,3457.24,2005.85
13308,2026-06-27,South America,Chile,Headphones,2,301.95,140.48
13309,2026-06-16,South America,Argentina,Monitor,15,4507.77,3408.43
13310,2026-03-17,North America,Mexico,Headphones,18,1715.06,764.23
13311,2025-05-01,Asia,Singapore,Smartphone,20,22573.13,13444.42
13312,2025-08-12,Asia,India,Tablet,23,17353.82,12078.24
13313,2025-07-20,South America,Brazil,Tablet,1,715.72,409.42
13314,2025-10-20,North America,Mexico,Laptop,27,34615.6,21585.44
13315,2025-11-01,North America,Canada,Smartphone,17,18775.04,12950.39
13316,2025-03-21,North America,United States,Smartphone,17,14885.3,8511.09
13317,2025-02-03,North America,United States,Headphones,5,653.12,387.3
13318,2025-07-25,North America,Mexico,Tablet,27,16492.4,10260.09
13319,2026-03-02,South America,Argentina,Tablet,21,9037.09,6450.59
13320,2025-06-10,Asia,Singapore,Laptop,8,7555.59,5795.94
13321,2026-02-11,South America,Argentina,Headphones,30,8164.68,4612.86
13322,2025-08-19,Asia,Japan,Monitor,12,5259.42,4026.06
13323,2025-10-30,Europe,Spain,Monitor,7,4279.81,3080.55
13324,2026-05-22,South America,Argentina,Headphones,10,1208.81,631.42
13325,2026-04-18,North America,United States,Monitor,25,7202.35,4328.89
13326,2025-04-11,Europe,Germany,Tablet,6,2689.48,1819.13
13327,2025-03-13,Asia,South Korea,Smartphone,28,31080.96,22158.58
13328,2026-01-25,Europe,Netherlands,Smartphone,24,15419.77,10901.1
13329,2025-05-07,South America,Chile,Headphones,1,128.99,70.03
13330,2026-05-18,Asia,Malaysia,Monitor,26,8085.62,5681.58
13331,2026-03-14,Europe,Netherlands,Monitor,18,7647.46,4632.76
13332,2025-04-15,South America,Chile,Tablet,11,4636.07,3113.27
13333,2025-09-07,Asia,Japan,Laptop,20,25474.08,17307.94
13334,2025-06-07,Asia,Japan,Laptop,13,22643.09,15163.74
13335,2025-08-14,North America,Mexico,Headphones,2,202.09,92.25
13336,2025-03-17,Europe,France,Laptop,21,17851.86,11240.48
13337,2025-07-06,North America,United States,Headphones,3,373.74,224.18
13338,2025-11-11,North America,Canada,Headphones,15,4483.48,2593.97
13339,2025-12-03,Asia,South Korea,Monitor,11,3630.13,2419.64
13340,2025-06-21,Europe,Spain,Laptop,18,27246.63,18263.53
13341,2025-12-14,North America,Canada,Headphones,14,2012.04,1136.21
13342,2025-03-06,Asia,Japan,Headphones,11,3849.15,1801.49
13343,2025-01-27,Europe,Germany,Headphones,19,4090.57,2610.68
13344,2025-11-30,Asia,South Korea,Monitor,3,1506.4,1088.45
13345,2025-01-10,Asia,Singapore,Smartphone,30,23582.27,14720.36
13346,2025-03-22,North America,United States,Tablet,7,6012.02,3983.88
13347,2025-09-22,Europe,United Kingdom,Headphones,12,1712.66,1039.99
13348,2026-06-06,Asia,India,Headphones,12,2876.53,1969.69
13349,2025-09-04,North America,Canada,Smartphone,30,33751.68,19947.13
13350,2026-04-06,South America,Brazil,Laptop,14,14456.94,9827.58
13351,2026-01-26,Europe,Netherlands,Headphones,28,2547.18,1179.68
13352,2025-08-29,North America,United States,Tablet,18,10517.18,6760.97
13353,2026-03-26,Asia,South Korea,Smartphone,11,10051.93,6718.58
13354,2025-06-09,Asia,Malaysia,Monitor,17,4781.11,3130.03
13355,2025-04-04,Asia,Singapore,Tablet,12,5235.64,3669.16
13356,2026-03-31,Asia,Singapore,Smartphone,2,2311.81,1589.32
13357,2026-02-28,North America,United States,Headphones,1,214.91,96.41
13358,2026-04-15,Europe,Spain,Headphones,3,515.96,310.86
13359,2025-06-18,Asia,South Korea,Headphones,23,3119.32,1720.57
13360,2025-12-10,North America,Mexico,Laptop,14,15840.34,10446.94
13361,2025-09-26,South America,Argentina,Laptop,20,32590.26,22764.91
13362,2026-06-03,Asia,Malaysia,Laptop,22,19619.38,15311.34
13363,2025-06-04,Europe,Germany,Laptop,4,5441.23,3401.5
13364,2025-03-30,Asia,Malaysia,Laptop,12,17306.99,10946.64
13365,2025-07-18,North America,Canada,Smartphone,22,25041.05,15265.01
13366,2025-10-03,Europe,United Kingdom,Headphones,19,1673.65,1097.09
13367,2026-04-06,South America,Brazil,Laptop,15,16235.29,10844.08
13368,2025-05-14,Asia,South Korea,Monitor,21,6913.17,4850.47
13369,2025-04-25,South America,Brazil,Smartphone,18,10536.4,7374.12
13370,2026-04-02,North America,United States,Headphones,18,4835.89,2908.15
13371,2026-06-07,South America,Brazil,Tablet,17,8444.19,5142.62
13372,2025-07-23,South America,Chile,Monitor,5,3294.25,2389.64
13373,2026-01-20,Europe,Spain,Monitor,30,14702.42,9960.4
13374,2025-03-17,South America,Chile,Monitor,23,10307.04,6751.38
13375,2025-05-02,Europe,Spain,Tablet,24,18595.39,11480.42
13376,2026-03-30,North America,Mexico,Tablet,20,11376.21,7323.8
13377,2026-02-20,Europe,Italy,Laptop,25,40011.13,25952.25
13378,2026-03-25,South America,Chile,Smartphone,29,29249.16,19726.05
13379,2025-02-21,Europe,Netherlands,Tablet,16,6966.59,3843.65
13380,2026-01-03,Asia,Japan,Laptop,19,17100.02,11474.13
13381,2025-08-04,South America,Argentina,Monitor,10,4048.34,2746.52
13382,2026-01-20,South America,Argentina,Tablet,5,1683.76,1098.92
13383,2026-02-13,South America,Argentina,Tablet,12,10505.47,5886.09
13384,2025-02-07,South America,Brazil,Laptop,17,30290.53,20266.17
13385,2025-06-16,Europe,Germany,Smartphone,22,8807.29,6143.25
13386,2025-04-03,South America,Argentina,Tablet,27,22032.45,12903.23
13387,2025-04-02,Asia,Singapore,Smartphone,17,11184.64,7949.67
13388,2025-10-30,Europe,Italy,Headphones,11,2528.31,1464.32
13389,2025-08-02,Europe,Netherlands,Smartphone,11,12513.12,7537.55
13390,2025-09-17,South America,Brazil,Tablet,15,13498.16,7517.64
13391,2025-03-10,South America,Argentina,Laptop,5,5656.52,4302.81
13392,2025-09-03,South America,Chile,Headphones,16,4624.62,2711.3
13393,2025-01-18,Asia,Japan,Laptop,18,25236.15,18209.56
13394,2026-06-04,Asia,Singapore,Laptop,16,24062.98,17552.88
13395,2025-09-30,North America,Canada,Headphones,26,8673.2,4528.57
13396,2025-11-02,South America,Brazil,Tablet,18,13231.34,9319.84
13397,2025-04-12,Europe,Spain,Tablet,5,2165.64,1342.79
13398,2025-09-01,South America,Argentina,Tablet,8,3831.31,2274.89
13399,2025-03-26,Asia,Singapore,Smartphone,23,16183.4,10439.55
13400,2026-03-10,North America,United States,Smartphone,4,1980.66,1387.26
13401,2025-08-12,Asia,India,Monitor,16,3695.36,2725.18
13402,2026-01-09,North America,United States,Monitor,8,2890.59,1878.99
13403,2026-06-05,North America,Mexico,Laptop,21,33987.75,26130.32
13404,2025-09-17,Asia,India,Smartphone,18,13477.96,9536.47
13405,2025-11-29,North America,United States,Smartphone,18,8887.51,5164.32
13406,2026-06-25,North America,United States,Monitor,13,5235.2,3297.88
13407,2025-02-02,North America,Mexico,Laptop,15,20209.25,15313.39
13408,2025-11-09,Asia,Japan,Monitor,27,7087.13,4779.53
13409,2026-03-12,Asia,India,Smartphone,12,10100.5,6344.04
13410,2026-02-02,South America,Chile,Smartphone,22,13806.79,8860.52
13411,2025-08-03,Asia,Singapore,Monitor,14,3263.84,2246.45
13412,2026-01-05,Asia,Malaysia,Monitor,13,5596.41,3882.13
13413,2026-04-07,South America,Argentina,Tablet,7,3069.09,2054.8
13414,2025-11-17,North America,Canada,Tablet,13,4038.98,2196.97
13415,2026-04-10,Asia,South Korea,Monitor,6,1742.75,1097.34
13416,2025-03-16,Europe,Netherlands,Laptop,25,42567.7,28533.5
13417,2026-05-21,North America,United States,Monitor,7,3895.0,2782.02
13418,2025-09-02,North America,United States,Smartphone,25,10253.89,6626.62
13419,2025-06-06,Asia,Malaysia,Smartphone,30,22885.69,13887.27
13420,2026-03-02,South America,Argentina,Monitor,16,3839.42,2652.42
13421,2025-09-08,South America,Argentina,Headphones,18,5561.93,3107.58
13422,2026-06-04,South America,Chile,Smartphone,17,7679.2,4645.59
13423,2025-10-01,South America,Argentina,Monitor,28,11434.22,8069.11
13424,2025-05-19,North America,Mexico,Laptop,5,8478.15,5725.82
13425,2025-01-23,Asia,Singapore,Headphones,22,4025.19,2346.7
13426,2026-03-21,South America,Argentina,Laptop,3,3860.98,2732.16
13427,2025-02-28,Europe,Germany,Smartphone,1,946.14,690.45
13428,2026-05-11,Asia,Japan,Smartphone,21,9431.0,6207.48
13429,2026-03-26,Europe,United Kingdom,Monitor,28,16293.46,11027.13
13430,2025-03-05,Asia,India,Smartphone,17,12384.58,8489.42
13431,2025-03-28,Asia,Japan,Laptop,9,15553.1,11623.61
13432,2025-06-19,North America,United States,Headphones,10,3146.32,1902.72
13433,2026-03-14,Asia,Japan,Smartphone,30,16010.08,9627.75
13434,2026-05-09,Europe,Netherlands,Tablet,30,9867.6,7807.1
13435,2026-04-17,Europe,United Kingdom,Monitor,27,13012.43,10679.69
13436,2025-10-05,Europe,France,Monitor,9,2374.93,1753.83
13437,2026-03-26,South America,Brazil,Tablet,24,20634.09,11851.64
13438,2026-06-11,South America,Argentina,Monitor,20,4606.94,3069.62
13439,2026-01-31,Europe,Spain,Laptop,23,24546.94,18726.05
13440,2025-05-22,Asia,Japan,Laptop,9,14074.31,10900.72
13441,2025-03-22,Europe,Netherlands,Headphones,12,1378.64,870.36
13442,2025-12-23,Asia,Japan,Laptop,13,21027.13,16154.88
13443,2025-08-13,North America,Canada,Tablet,16,11948.22,7173.13
13444,2026-03-10,Asia,Singapore,Tablet,6,3486.33,2446.94
13445,2025-05-08,North America,Mexico,Tablet,3,1675.54,1095.9
13446,2026-05-14,Europe,Germany,Laptop,26,35267.8,27765.41
13447,2026-01-02,South America,Argentina,Headphones,23,2063.93,1104.13
13448,2026-03-25,South America,Brazil,Laptop,12,14598.4,11103.22
13449,2025-11-21,South America,Brazil,Tablet,6,2384.2,1384.36
13450,2025-07-13,South America,Brazil,Headphones,4,1361.59,853.44
13451,2025-05-05,North America,United States,Laptop,20,32422.31,24955.86
13452,2025-06-27,Europe,Italy,Headphones,3,688.33,377.48
13453,2025-05-03,Asia,Singapore,Headphones,20,5244.25,3369.12
13454,2025-09-08,South America,Brazil,Headphones,18,5062.74,3083.24
13455,2025-09-14,Europe,Netherlands,Laptop,26,24384.26,18928.45
13456,2025-06-08,North America,United States,Tablet,2,1426.72,834.94
13457,2025-03-30,Europe,France,Headphones,2,564.87,324.65
13458,2025-03-15,Europe,France,Monitor,19,13075.08,9271.45
13459,2025-06-03,North America,Mexico,Laptop,29,36212.44,23147.99
13460,2025-05-13,South America,Argentina,Tablet,18,11176.13,6361.68
13461,2025-02-24,Europe,Germany,Smartphone,3,3004.53,2103.55
13462,2025-08-14,Asia,Singapore,Laptop,15,19585.39,13167.32
13463,2025-07-03,South America,Chile,Monitor,8,2287.62,1552.4
13464,2025-07-12,North America,Mexico,Monitor,11,4205.9,2642.63
13465,2025-11-30,North America,Mexico,Monitor,18,10564.38,7300.97
13466,2026-03-23,Asia,Japan,Smartphone,17,18226.39,11997.64
13467,2025-11-04,Asia,Malaysia,Monitor,22,14056.2,9991.11
13468,2025-06-08,North America,Canada,Laptop,28,47108.37,32078.66
13469,2025-12-25,Asia,Malaysia,Monitor,28,12356.74,8253.37
13470,2026-02-27,Asia,India,Laptop,5,8950.8,6333.72
13471,2025-12-10,Europe,Germany,Monitor,26,14213.4,8665.29
13472,2025-10-28,South America,Argentina,Monitor,16,9966.61,6980.41
13473,2025-01-06,South America,Chile,Monitor,2,584.98,357.37
13474,2026-05-09,North America,Canada,Tablet,27,8655.77,4792.1
13475,2025-10-07,Asia,Japan,Tablet,22,12491.25,8283.39
13476,2025-08-18,Europe,Spain,Tablet,11,7694.97,4808.98
13477,2025-10-17,Asia,India,Monitor,2,1346.99,928.41
13478,2025-07-21,South America,Argentina,Monitor,29,6045.1,4005.98
13479,2026-03-16,South America,Chile,Headphones,24,6785.84,3250.23
13480,2026-06-14,South America,Brazil,Laptop,18,17480.32,13019.17
13481,2025-08-15,Europe,Germany,Tablet,9,3891.97,2390.6
13482,2026-04-01,Europe,United Kingdom,Laptop,9,14925.68,10789.38
13483,2025-06-18,North America,United States,Monitor,28,18681.38,13155.46
13484,2025-01-21,South America,Argentina,Laptop,13,13830.56,8929.78
13485,2026-06-24,South America,Argentina,Smartphone,17,6949.02,4257.3
13486,2025-04-17,Asia,South Korea,Tablet,17,12123.97,7828.63
13487,2026-04-18,South America,Argentina,Monitor,15,7985.62,5481.18
13488,2025-04-23,Asia,India,Smartphone,19,15029.84,9737.2
13489,2025-12-10,Asia,Malaysia,Monitor,9,4163.14,2950.06
13490,2025-08-11,South America,Brazil,Laptop,7,9723.13,6530.29
13491,2025-08-24,North America,United States,Tablet,9,7464.57,4885.03
13492,2026-02-16,Asia,Singapore,Tablet,23,14535.36,10086.83
13493,2026-06-09,Europe,Italy,Headphones,13,3136.28,2006.37
13494,2025-06-02,South America,Brazil,Monitor,1,381.98,276.34
13495,2025-01-02,Asia,Singapore,Smartphone,12,10196.92,6400.23
13496,2025-12-02,Asia,Singapore,Headphones,2,188.26,126.27
13497,2026-03-20,Asia,India,Headphones,2,581.84,271.89
13498,2026-06-29,South America,Brazil,Smartphone,24,11085.34,7147.7
13499,2025-12-22,Asia,South Korea,Smartphone,26,28941.56,17309.0
13500,2025-02-03,Asia,Malaysia,Laptop,1,1199.36,888.18
13501,2025-12-10,South America,Brazil,Laptop,4,5609.66,4218.86
13502,2025-10-12,Europe,Spain,Headphones,6,866.53,496.13
13503,2025-06-05,Asia,Singapore,Monitor,3,1122.77,863.88
13504,2025-05-03,North America,United States,Tablet,29,19712.02,13917.44
13505,2026-01-05,North America,Mexico,Headphones,12,2959.44,1601.74
13506,2025-04-06,Europe,Spain,Monitor,21,14144.17,10318.06
13507,2025-02-01,Asia,India,Smartphone,17,12554.11,8202.96
13508,2025-03-13,Europe,Netherlands,Headphones,8,1860.23,1146.31
13509,2026-05-27,North America,United States,Monitor,22,5500.79,3756.81
13510,2025-01-09,North America,United States,Tablet,1,613.63,349.62
13511,2025-10-19,South America,Brazil,Headphones,17,1920.41,1227.24
13512,2025-11-01,Asia,Japan,Monitor,7,1484.78,917.62
13513,2025-02-02,South America,Brazil,Headphones,20,6744.01,4275.78
13514,2025-08-20,Europe,United Kingdom,Laptop,1,1445.16,961.0
13515,2025-02-24,South America,Brazil,Smartphone,4,2498.32,1773.83
13516,2026-05-24,Asia,India,Laptop,24,33903.74,23561.68
13517,2026-01-27,Europe,Spain,Laptop,11,14977.18,10137.94
13518,2025-02-09,South America,Argentina,Tablet,13,5797.5,3980.81
13519,2025-10-26,North America,United States,Smartphone,24,17825.34,12978.06
13520,2025-01-10,Asia,South Korea,Laptop,23,27335.82,18686.49
13521,2025-08-18,North America,Canada,Laptop,21,19509.58,12603.87
13522,2026-03-05,Asia,Japan,Monitor,21,14384.61,10488.72
13523,2025-07-29,North America,Canada,Headphones,13,3920.2,2481.21
13524,2026-03-20,Asia,Singapore,Smartphone,11,11384.09,7996.74
13525,2025-06-21,South America,Chile,Monitor,9,5727.38,4223.46
13526,2026-05-12,South America,Argentina,Monitor,30,17498.72,13213.77
13527,2026-02-22,North America,Canada,Tablet,23,16995.72,11835.11
13528,2025-06-19,North America,Canada,Tablet,19,9549.04,6590.26
13529,2026-04-09,South America,Argentina,Smartphone,10,10011.52,6191.98
13530,2026-05-07,Asia,Malaysia,Tablet,18,15046.69,9820.27
13531,2026-05-01,South America,Brazil,Laptop,28,23983.89,18391.11
13532,2025-09-14,Asia,South Korea,Laptop,25,30453.2,23858.29
13533,2026-04-15,Europe,France,Laptop,24,33945.83,24609.61
13534,2026-06-07,North America,Mexico,Laptop,5,8108.23,4947.17
13535,2025-06-12,Europe,Netherlands,Monitor,10,3935.25,2375.71
13536,2025-05-13,Asia,South Korea,Headphones,12,2530.09,1402.75
13537,2025-04-02,North America,Mexico,Laptop,9,9398.52,6056.69
13538,2026-06-30,Europe,Netherlands,Headphones,14,4622.6,2893.95
13539,2025-12-08,Europe,United Kingdom,Tablet,14,12520.38,8232.66
13540,2025-08-03,Europe,Italy,Monitor,6,4036.44,3031.69
13541,2026-06-09,Europe,France,Headphones,6,1608.23,1125.29
13542,2026-06-30,Europe,Spain,Headphones,29,8305.84,6312.21
13543,2026-06-08,North America,United States,Monitor,15,5319.81,3745.32
13544,2026-02-04,Asia,India,Tablet,29,26027.0,17707.39
13545,2025-03-15,Europe,Netherlands,Tablet,18,14929.08,8761.41
13546,2025-11-14,South America,Brazil,Laptop,12,20095.68,13421.7
13547,2026-01-04,Europe,Spain,Headphones,14,3572.0,2109.9
13548,2025-12-25,North America,United States,Monitor,16,7279.19,4600.3
13549,2026-01-14,Europe,Netherlands,Headphones,29,9619.76,4553.55
13550,2025-03-23,North America,Mexico,Headphones,29,7480.3,3858.27
13551,2025-02-15,Asia,South Korea,Tablet,5,4146.43,2936.06
13552,2025-02-06,North America,Mexico,Monitor,8,1619.16,1128.64
13553,2026-04-04,South America,Argentina,Headphones,4,372.18,231.08
13554,2025-04-20,Asia,India,Tablet,15,7564.62,5361.95
13555,2025-04-13,Europe,Germany,Smartphone,4,2921.15,1967.74
13556,2026-02-04,Asia,India,Smartphone,19,10274.87,6935.89
13557,2025-05-03,South America,Argentina,Laptop,9,15942.01,11494.34
13558,2025-08-06,Asia,Malaysia,Tablet,30,25958.07,17348.76
13559,2025-06-06,North America,United States,Monitor,10,3653.7,2292.35
13560,2025-11-10,North America,United States,Tablet,15,11020.08,7088.74
13561,2025-09-26,Europe,Spain,Monitor,7,2567.03,1723.33
13562,2025-07-04,North America,United States,Smartphone,27,13799.49,9555.93
13563,2025-04-15,North America,United States,Smartphone,4,4727.9,2944.28
13564,2026-06-28,South America,Chile,Headphones,16,1462.12,807.49
13565,2026-01-30,South America,Argentina,Laptop,28,39757.36,28957.01
13566,2025-04-22,North America,United States,Tablet,27,20557.89,13463.88
13567,2025-09-11,Europe,Germany,Headphones,5,718.22,428.83
13568,2025-03-14,Europe,Germany,Tablet,1,611.36,355.65
13569,2025-10-30,South America,Chile,Laptop,21,18866.52,11934.03
13570,2025-08-11,North America,Canada,Tablet,16,9636.23,5648.49
13571,2025-03-31,North America,Canada,Monitor,10,4395.54,2835.28
13572,2026-04-13,North America,Canada,Monitor,16,9347.06,6092.63
13573,2025-08-19,North America,Canada,Monitor,15,7221.47,4777.27
13574,2025-07-24,Europe,Germany,Headphones,15,4774.46,3213.16
13575,2026-01-13,Asia,India,Tablet,27,13371.99,8549.15
13576,2025-02-23,South America,Argentina,Monitor,28,6974.13,4269.15
13577,2025-08-11,South America,Chile,Smartphone,27,19662.51,13189.44
13578,2025-05-11,Asia,South Korea,Headphones,29,8122.24,4169.61
13579,2026-03-29,North America,United States,Tablet,15,7501.87,4973.92
13580,2026-03-26,North America,Mexico,Laptop,9,14867.12,10246.85
13581,2025-11-29,Europe,Germany,Laptop,22,39436.82,28236.83
13582,2025-09-11,Europe,Spain,Tablet,16,13466.09,8994.3
13583,2026-03-31,North America,United States,Monitor,9,2935.4,2137.16
13584,2026-06-29,North America,Mexico,Headphones,10,2763.81,1808.61
13585,2026-04-19,South America,Brazil,Laptop,24,37585.03,29005.16
13586,2026-06-11,South America,Argentina,Headphones,25,4396.78,2723.44
13587,2025-11-14,Asia,India,Headphones,24,8247.48,4359.08
13588,2025-05-03,Asia,Malaysia,Tablet,4,3365.31,1891.83
13589,2026-05-18,South America,Brazil,Headphones,14,3761.47,1888.73
13590,2026-06-19,North America,Mexico,Monitor,6,2335.52,1462.23
13591,2025-07-04,North America,United States,Tablet,3,1334.34,784.82
13592,2025-02-12,Europe,Italy,Tablet,20,13999.34,8799.52
13593,2025-07-29,South America,Argentina,Laptop,5,5604.74,4140.46
13594,2025-10-03,Europe,Spain,Headphones,30,5165.84,2945.45
13595,2025-04-26,South America,Argentina,Headphones,16,4269.04,2385.94
13596,2026-05-03,South America,Argentina,Laptop,15,20627.22,15887.05
13597,2025-12-29,Asia,Singapore,Smartphone,22,16896.17,10762.16
13598,2026-04-09,Europe,United Kingdom,Monitor,11,4683.28,3661.71
13599,2025-08-19,South America,Argentina,Laptop,12,19226.54,14261.29
13600,2026-03-30,Asia,Malaysia,Smartphone,1,712.84,513.86
13601,2025-03-25,Asia,India,Headphones,29,3804.85,1898.09
13602,2026-03-09,Asia,Singapore,Tablet,25,18037.12,10811.3
13603,2025-12-08,South America,Chile,Headphones,30,6423.39,4222.39
13604,2025-05-21,Asia,India,Smartphone,29,26300.4,16632.71
13605,2025-09-19,South America,Argentina,Laptop,24,29389.04,18742.88
13606,2026-01-25,South America,Chile,Tablet,11,7051.93,4485.34
13607,2025-01-31,South America,Argentina,Laptop,7,9686.45,7300.52
13608,2025-10-30,North America,Canada,Smartphone,5,5905.55,3916.6
13609,2025-09-29,Asia,Singapore,Monitor,13,8565.87,6036.2
13610,2025-04-10,Europe,Netherlands,Monitor,4,2425.05,1547.14
13611,2026-02-05,Europe,Spain,Smartphone,28,22785.87,13679.12
13612,2026-03-22,South America,Chile,Smartphone,23,23625.17,17216.37
13613,2025-10-12,Europe,Italy,Tablet,13,10974.96,6405.69
13614,2026-06-05,South America,Chile,Laptop,11,13596.87,8447.92
13615,2026-01-26,Asia,India,Monitor,22,14308.71,9687.17
13616,2026-03-14,Asia,Japan,Smartphone,25,21173.28,14970.1
13617,2025-09-10,Europe,France,Tablet,28,15428.99,9753.36
13618,2026-01-20,South America,Argentina,Smartphone,27,20263.18,14555.5
13619,2025-01-21,Europe,Netherlands,Headphones,10,2715.22,1352.77
13620,2025-10-13,North America,United States,Tablet,23,15302.73,9809.49
13621,2025-04-16,Asia,Japan,Smartphone,22,9931.51,6312.61
13622,2026-01-05,North America,United States,Smartphone,19,16227.5,9736.63
13623,2025-12-09,Asia,South Korea,Laptop,10,10786.61,8247.93
13624,2025-01-09,North America,United States,Tablet,17,11144.71,7476.43
13625,2025-07-06,South America,Argentina,Headphones,26,7609.62,3810.13
13626,2025-10-27,Europe,United Kingdom,Monitor,14,5261.88,3398.2
13627,2026-03-21,Asia,Malaysia,Smartphone,23,18954.26,11879.25
13628,2026-02-27,South America,Chile,Laptop,18,21220.04,13839.75
13629,2025-03-26,North America,United States,Monitor,4,2445.38,1615.68
13630,2026-04-10,North America,Canada,Monitor,6,3627.52,2578.58
13631,2025-02-09,Asia,Singapore,Monitor,23,8961.28,6275.85
13632,2025-10-07,South America,Chile,Monitor,18,8835.81,6433.09
13633,2025-02-20,Europe,United Kingdom,Monitor,20,8130.45,5075.25
13634,2025-05-17,North America,Canada,Headphones,20,4227.26,1977.62
13635,2026-01-20,Asia,Malaysia,Monitor,18,9113.44,6853.87
13636,2025-03-20,Asia,Malaysia,Laptop,1,1306.16,1003.02
13637,2026-05-15,South America,Chile,Headphones,5,1595.83,1071.3
13638,2026-02-10,North America,Mexico,Headphones,13,2971.54,1414.65
13639,2026-03-11,Asia,Singapore,Monitor,28,7082.89,5426.78
13640,2025-04-27,Europe,Netherlands,Smartphone,13,7720.14,5311.72
13641,2026-04-01,South America,Brazil,Monitor,1,248.08,169.52
13642,2026-01-04,South America,Chile,Tablet,4,3053.63,1917.74
13643,2026-05-09,Europe,Germany,Tablet,12,3660.52,2560.91
13644,2026-01-04,Europe,United Kingdom,Monitor,27,13032.24,9549.82
13645,2026-04-30,North America,Canada,Tablet,30,12223.55,8045.7
13646,2026-03-23,South America,Argentina,Laptop,11,18397.61,14168.56
13647,2026-04-14,Europe,Spain,Headphones,3,740.07,534.35
13648,2026-04-15,North America,Canada,Laptop,15,15985.51,11461.67
13649,2025-08-03,Europe,Spain,Laptop,9,13565.84,10116.27
13650,2025-12-05,South America,Brazil,Headphones,10,2976.94,1826.54
13651,2025-08-16,Asia,Japan,Laptop,16,26196.04,18696.78
13652,2025-04-02,North America,United States,Monitor,14,8901.27,5386.61
13653,2026-05-16,North America,Mexico,Monitor,29,8525.31,6195.94
13654,2025-07-30,South America,Chile,Tablet,7,5019.19,3255.31
13655,2026-02-10,Asia,India,Headphones,30,6388.86,3325.0
13656,2025-07-19,Asia,Japan,Monitor,23,6043.94,4360.26
13657,2026-01-19,Europe,United Kingdom,Smartphone,4,4307.59,2725.13
13658,2026-03-27,Europe,Italy,Headphones,19,5288.6,3209.19
13659,2025-12-25,Asia,India,Headphones,13,1666.16,938.41
13660,2026-03-20,North America,United States,Laptop,15,12448.92,8929.47
13661,2025-04-07,North America,Canada,Tablet,15,12794.17,7771.55
13662,2025-03-06,Europe,Spain,Laptop,27,38890.81,25596.91
13663,2026-02-07,Europe,France,Laptop,19,28866.98,18475.71
13664,2026-03-09,South America,Brazil,Tablet,27,12536.0,8432.3
13665,2026-05-24,North America,Canada,Laptop,14,12835.28,9678.33
13666,2026-01-19,Europe,Italy,Headphones,17,4236.53,2313.92
13667,2025-02-18,North America,United States,Monitor,17,7782.45,4703.86
13668,2025-11-21,Europe,United Kingdom,Laptop,1,1338.88,947.57
13669,2026-02-02,North America,United States,Tablet,15,7726.09,5365.1
13670,2026-03-10,Europe,Italy,Headphones,22,2774.2,1612.18
13671,2025-09-29,North America,Mexico,Headphones,22,2041.94,1351.66
13672,2025-09-20,South America,Brazil,Tablet,1,489.0,341.45
13673,2026-04-12,Europe,Italy,Headphones,23,5091.52,3098.17
13674,2025-12-17,Asia,Malaysia,Tablet,13,5459.4,3238.9
13675,2026-01-13,Asia,India,Headphones,21,2737.48,1803.4
13676,2026-06-06,Europe,Netherlands,Smartphone,29,25292.57,17261.96
13677,2025-03-31,South America,Chile,Smartphone,18,8392.05,5397.13
13678,2025-07-10,South America,Chile,Monitor,26,10385.69,7632.43
13679,2025-03-14,Europe,Germany,Laptop,5,6533.74,4790.99
13680,2025-10-06,Asia,India,Monitor,21,6651.46,4128.31
13681,2025-01-24,Asia,South Korea,Laptop,24,31994.66,24575.02
13682,2025-12-13,Asia,South Korea,Monitor,20,13566.21,9802.25
13683,2025-11-24,Europe,Spain,Monitor,12,3314.33,2144.74
13684,2025-12-06,North America,United States,Monitor,9,4942.08,3586.96
13685,2026-05-16,South America,Argentina,Headphones,20,4137.86,2422.94
13686,2025-03-01,Asia,Japan,Smartphone,30,28850.54,18400.77
13687,2025-04-28,North America,United States,Laptop,1,898.99,601.14
13688,2026-02-02,Asia,Singapore,Tablet,3,1956.22,1285.5
13689,2025-06-29,Europe,Spain,Headphones,30,7076.07,3586.39
13690,2025-11-28,North America,Canada,Smartphone,8,5605.35,3349.29
13691,2025-09-23,Asia,South Korea,Monitor,28,17497.58,13459.48
13692,2026-04-12,Asia,South Korea,Laptop,7,11525.11,8140.82
13693,2026-02-05,Asia,India,Monitor,17,7822.39,4981.15
13694,2025-07-31,Europe,United Kingdom,Tablet,18,15408.06,10759.68
13695,2025-11-16,South America,Argentina,Headphones,22,7230.94,4657.65
13696,2025-12-04,South America,Brazil,Monitor,2,683.06,440.92
13697,2025-02-01,Asia,Singapore,Smartphone,25,22986.42,15503.63
13698,2025-08-23,Europe,Spain,Headphones,18,5236.63,2358.03
13699,2025-12-17,Asia,Singapore,Smartphone,8,9504.81,7020.89
13700,2025-10-19,South America,Chile,Laptop,5,5303.67,3781.38
13701,2026-05-10,South America,Chile,Monitor,21,12562.48,7892.3
13702,2026-06-10,North America,Canada,Tablet,28,14531.44,9668.37
13703,2025-01-15,North America,Mexico,Smartphone,17,10604.05,7563.51
13704,2025-11-03,North America,United States,Tablet,5,2325.89,1360.85
13705,2026-01-04,Asia,Japan,Laptop,8,11299.14,8132.07
13706,2025-12-28,Asia,Japan,Laptop,21,35526.01,25424.29
13707,2025-10-29,Asia,South Korea,Headphones,27,3509.97,2129.83
13708,2025-06-25,North America,Mexico,Headphones,10,2919.78,1642.17
13709,2025-07-14,North America,United States,Laptop,10,14038.18,9589.24
13710,2025-12-08,South America,Argentina,Monitor,13,2758.04,1731.12
13711,2025-10-18,North America,United States,Laptop,4,6813.24,4470.75
13712,2025-07-03,Europe,United Kingdom,Tablet,17,10340.53,7347.3
13713,2026-05-04,Asia,India,Monitor,26,12411.38,9250.21
13714,2025-11-15,North America,United States,Tablet,27,19780.07,11912.26
13715,2025-05-22,South America,Chile,Laptop,16,16822.04,11323.06
13716,2025-07-11,South America,Argentina,Tablet,11,5183.69,2991.12
13717,2025-09-04,Asia,Singapore,Monitor,24,7015.91,5212.46
13718,2025-01-22,Europe,Italy,Smartphone,16,17264.52,11858.4
13719,2025-05-19,North America,Mexico,Headphones,8,1916.45,980.07
13720,2025-12-18,South America,Brazil,Smartphone,15,9517.28,6889.4
13721,2025-03-28,Europe,France,Laptop,8,10933.92,8274.18
13722,2025-04-30,Europe,Italy,Monitor,7,2947.05,2197.79
13723,2026-05-23,South America,Brazil,Smartphone,2,1080.21,683.91
13724,2025-11-09,Asia,Japan,Headphones,20,4881.43,3362.74
13725,2025-10-01,South America,Argentina,Headphones,9,2726.47,1518.91
13726,2025-01-04,Asia,South Korea,Headphones,28,2364.42,1433.67
13727,2025-01-22,Asia,Japan,Monitor,11,2754.21,1925.3
13728,2025-12-12,North America,United States,Smartphone,2,1214.04,823.24
13729,2025-04-22,North America,United States,Tablet,13,8362.1,4812.6
13730,2025-04-09,Europe,Spain,Headphones,29,7094.75,3636.99
13731,2025-04-03,Asia,Singapore,Headphones,12,2219.01,1295.75
13732,2025-03-17,Europe,Germany,Laptop,25,23512.17,14868.57
13733,2026-04-06,North America,United States,Monitor,20,6704.48,4899.85
13734,2025-04-01,South America,Chile,Smartphone,7,7346.58,5031.0
13735,2026-02-05,Europe,France,Headphones,1,233.38,111.59
13736,2025-04-13,South America,Brazil,Headphones,16,1668.33,772.13
13737,2026-03-02,Asia,India,Smartphone,23,14071.1,9667.7
13738,2025-04-19,Europe,France,Smartphone,24,19520.7,12861.38
13739,2025-04-26,South America,Brazil,Headphones,11,2035.69,1093.95
13740,2026-04-28,Europe,United Kingdom,Headphones,28,7057.56,5264.42
13741,2026-06-21,Europe,United Kingdom,Smartphone,6,2552.72,1726.44
13742,2026-04-26,Asia,Singapore,Tablet,17,7092.29,4885.48
13743,2025-01-25,South America,Brazil,Laptop,6,7877.49,5516.23
13744,2025-04-26,South America,Chile,Tablet,2,902.19,645.53
13745,2025-09-04,South America,Argentina,Laptop,18,27052.31,20893.34
13746,2025-06-11,Europe,France,Laptop,4,5403.91,3358.31
13747,2025-03-05,Europe,Italy,Monitor,30,11789.96,7718.51
13748,2025-02-26,North America,Canada,Smartphone,9,5958.04,3716.47
13749,2025-07-21,Europe,Netherlands,Laptop,20,16724.8,10779.8
13750,2026-06-04,North America,Canada,Tablet,18,9290.71,6427.62
13751,2026-04-30,South America,Brazil,Monitor,11,6805.34,4957.09
13752,2026-06-22,Europe,United Kingdom,Smartphone,1,1137.08,777.0
13753,2025-10-21,North America,Mexico,Headphones,19,6082.55,2894.07
13754,2025-10-07,South America,Chile,Monitor,6,3203.55,2131.93
13755,2026-05-03,North America,Canada,Tablet,25,14195.35,8673.27
13756,2025-12-04,South America,Chile,Headphones,4,809.2,403.85
13757,2025-01-09,Asia,Malaysia,Monitor,9,1951.4,1351.26
13758,2025-04-07,North America,Mexico,Tablet,21,16275.15,10909.95
13759,2025-02-08,South America,Argentina,Tablet,20,15880.82,10958.22
13760,2026-03-15,Asia,India,Headphones,17,3605.95,1753.79
13761,2026-06-28,South America,Chile,Headphones,17,5891.9,3527.77
13762,2025-07-15,North America,United States,Headphones,14,4768.47,2119.71
13763,2026-01-15,South America,Brazil,Tablet,28,19731.4,11971.92
13764,2025-12-29,Europe,United Kingdom,Monitor,19,9955.81,6139.17
13765,2025-07-08,North America,United States,Tablet,16,8070.25,5059.99
13766,2025-04-29,North America,Mexico,Headphones,9,2101.73,1298.36
13767,2026-06-25,Europe,Netherlands,Laptop,9,8097.35,6661.6
13768,2025-02-17,South America,Chile,Smartphone,19,10603.29,6817.19
13769,2025-06-12,North America,Mexico,Tablet,29,22809.52,12441.52
13770,2025-10-27,Europe,Netherlands,Headphones,7,2131.34,1377.28
13771,2025-07-30,Asia,South Korea,Laptop,18,29188.09,18436.66
13772,2025-06-30,South America,Brazil,Smartphone,18,15212.23,9802.45
13773,2025-12-04,South America,Argentina,Tablet,10,7053.32,4387.94
13774,2025-05-22,Europe,France,Monitor,7,4516.0,3261.54
13775,2025-12-11,Europe,Germany,Laptop,21,35011.72,24791.24
13776,2025-04-04,South America,Chile,Tablet,18,12640.76,7616.9
13777,2026-03-02,North America,Mexico,Laptop,3,3700.53,2768.12
13778,2025-07-20,Asia,India,Headphones,15,2193.73,1384.64
13779,2025-02-19,South America,Chile,Headphones,8,1986.89,1119.45
13780,2025-02-22,North America,United States,Tablet,23,19073.06,12419.58
13781,2025-12-17,Asia,Malaysia,Laptop,8,6617.07,5080.57
13782,2026-01-09,South America,Chile,Tablet,23,11987.88,7598.83
13783,2025-04-27,North America,Canada,Laptop,17,21954.8,14780.78
13784,2025-04-20,North America,Mexico,Tablet,26,12227.57,7098.61
13785,2025-12-11,Asia,India,Smartphone,29,28180.84,17104.81
13786,2025-10-28,Asia,India,Smartphone,9,6630.94,4121.85
13787,2025-09-01,Asia,Malaysia,Laptop,6,8114.26,5718.69
13788,2025-08-06,North America,United States,Headphones,9,1018.8,551.93
13789,2026-03-27,Europe,Italy,Headphones,10,1775.14,998.96
13790,2025-12-18,South America,Chile,Smartphone,28,32331.45,20447.39
13791,2025-10-05,Asia,Japan,Laptop,26,23671.6,15972.53
13792,2026-02-13,Europe,Germany,Tablet,7,5129.6,3579.74
13793,2026-05-16,North America,Mexico,Smartphone,30,17701.39,11625.58
13794,2025-02-08,Europe,Italy,Tablet,2,959.07,566.23
13795,2025-08-17,Europe,United Kingdom,Headphones,28,6577.3,3792.9
13796,2026-05-28,South America,Brazil,Tablet,13,4895.04,3136.68
13797,2025-12-04,Asia,Japan,Monitor,17,7680.5,5595.41
13798,2025-08-13,Europe,Germany,Laptop,24,36761.51,25205.79
13799,2025-01-08,South America,Argentina,Laptop,13,21738.45,15252.24
13800,2025-03-25,Asia,Singapore,Monitor,22,9110.0,5905.16
13801,2025-03-15,Europe,Spain,Monitor,26,12858.16,9194.85
13802,2025-05-03,Asia,India,Monitor,2,907.99,621.58
13803,2026-01-04,Asia,Singapore,Laptop,17,30311.67,21280.49
13804,2026-03-13,Asia,Malaysia,Tablet,18,8487.15,5409.79
13805,2025-05-23,South America,Argentina,Headphones,12,3716.03,1857.78
13806,2025-12-20,Europe,Netherlands,Tablet,7,2919.07,1763.68
13807,2026-05-23,North America,Mexico,Monitor,22,7828.75,5303.32
13808,2026-05-13,South America,Chile,Monitor,29,6426.15,4044.41
13809,2025-02-10,Asia,Singapore,Tablet,26,13017.95,8446.34
13810,2025-02-25,Asia,Japan,Monitor,25,5423.5,4089.83
13811,2025-10-03,Europe,France,Tablet,21,18587.14,12934.62
13812,2026-05-10,South America,Chile,Tablet,19,16292.01,9382.33
13813,2026-06-21,South America,Chile,Monitor,16,9369.39,5793.97
13814,2025-03-22,South America,Chile,Monitor,18,12124.92,8924.34
13815,2025-04-01,North America,Mexico,Headphones,18,4154.62,1924.03
13816,2025-03-14,Europe,Spain,Tablet,22,8566.98,5628.01
13817,2026-03-11,North America,United States,Tablet,27,9281.67,5981.94
13818,2026-06-15,Asia,India,Headphones,4,1001.6,545.16
13819,2026-01-02,Asia,India,Tablet,30,16050.48,11213.4
13820,2026-05-25,North America,Mexico,Headphones,4,1287.94,848.19
13821,2026-05-03,South America,Argentina,Tablet,30,21401.28,11959.73
13822,2025-05-14,Europe,France,Smartphone,23,23170.63,14708.37
13823,2026-01-15,South America,Brazil,Headphones,6,1313.04,788.25
13824,2026-05-13,Europe,France,Laptop,11,13961.47,10560.81
13825,2025-02-22,North America,Mexico,Monitor,18,4073.86,2899.44
13826,2026-04-11,North America,United States,Headphones,26,4120.8,2473.19
13827,2026-01-30,Asia,India,Monitor,16,10660.87,7274.52
13828,2026-03-27,South America,Brazil,Monitor,11,5513.37,4003.08
13829,2025-08-31,Europe,Netherlands,Laptop,13,11961.56,8288.49
13830,2025-10-15,North America,Canada,Tablet,29,23467.77,15317.91
13831,2026-05-09,Europe,France,Laptop,7,8333.69,6790.72
13832,2026-05-13,Asia,Japan,Headphones,3,326.53,191.88
13833,2025-09-16,Asia,India,Laptop,8,13662.12,9140.54
13834,2026-05-04,North America,United States,Smartphone,16,9887.43,6559.36
13835,2025-08-09,North America,United States,Tablet,23,8516.85,4928.77
13836,2026-06-21,North America,United States,Laptop,1,1105.0,793.44
13837,2026-06-18,Europe,Italy,Tablet,9,5562.61,3556.57
13838,2025-07-03,South America,Argentina,Smartphone,15,17645.12,12012.35
13839,2026-02-05,Asia,Malaysia,Smartphone,25,16343.79,11304.1
13840,2025-11-02,Asia,Singapore,Laptop,10,11553.31,9057.45
13841,2025-03-27,North America,United States,Laptop,25,21511.5,15373.4
13842,2026-02-22,Asia,Malaysia,Headphones,14,4584.74,2798.22
13843,2026-06-02,North America,Canada,Tablet,19,9598.12,6018.6
13844,2025-12-14,South America,Brazil,Tablet,1,799.66,465.49
13845,2025-12-01,North America,Mexico,Tablet,1,786.38,552.75
13846,2025-01-29,Europe,United Kingdom,Smartphone,6,4111.03,2886.6
13847,2026-04-27,North America,Mexico,Monitor,20,8940.79,5506.83
13848,2025-01-08,South America,Chile,Headphones,27,3694.72,2057.88
13849,2025-09-08,South America,Chile,Smartphone,21,12757.62,7778.21
13850,2026-04-01,Europe,Spain,Smartphone,10,6830.26,5436.31
13851,2025-01-08,South America,Brazil,Laptop,2,3510.81,2360.81
13852,2025-05-29,South America,Argentina,Monitor,22,6807.59,4572.13
13853,2025-07-20,North America,United States,Monitor,24,14071.27,8652.31
13854,2025-01-10,North America,United States,Tablet,24,20762.34,12553.08
13855,2026-03-30,North America,Canada,Monitor,27,15478.97,10069.98
13856,2026-03-28,Europe,France,Laptop,5,7507.25,4711.43
13857,2025-08-23,Asia,South Korea,Tablet,8,4538.74,3305.98
13858,2025-08-20,South America,Chile,Tablet,2,897.69,560.75
13859,2026-01-06,Asia,Japan,Smartphone,12,8366.78,5950.14
13860,2025-09-26,Asia,India,Headphones,13,2667.62,1428.21
13861,2025-05-01,Asia,Japan,Tablet,10,4292.31,2717.63
13862,2025-04-25,North America,United States,Smartphone,16,11793.67,8591.54
13863,2025-07-28,North America,Canada,Headphones,12,3940.17,1980.6
13864,2025-05-18,Asia,South Korea,Laptop,9,13890.47,9504.23
13865,2025-04-14,Asia,India,Smartphone,29,23879.52,15066.66
13866,2025-08-15,South America,Argentina,Laptop,28,45411.42,29567.51
13867,2026-06-06,North America,Canada,Monitor,30,12990.29,9061.52
13868,2025-01-26,Asia,Malaysia,Monitor,27,10143.92,7444.79
13869,2025-01-08,Europe,Germany,Laptop,3,4009.56,2852.62
13870,2025-01-30,North America,United States,Headphones,11,3636.69,2378.62
13871,2025-08-23,Europe,Spain,Smartphone,4,1637.31,1100.53
13872,2025-02-11,South America,Argentina,Headphones,27,6191.78,2847.28
13873,2026-05-27,North America,Canada,Monitor,8,2699.44,1865.51
13874,2025-09-02,South America,Brazil,Headphones,8,771.34,448.78
13875,2025-02-08,South America,Brazil,Smartphone,18,12600.72,8575.09
13876,2026-03-16,Europe,France,Smartphone,5,3802.7,2371.14
13877,2025-06-07,Europe,Italy,Headphones,29,10007.93,4923.97
13878,2026-04-25,South America,Brazil,Laptop,25,28893.33,18034.36
13879,2025-03-23,Asia,Japan,Tablet,23,11262.8,6598.77
13880,2025-07-29,Asia,India,Headphones,8,1125.76,748.04
13881,2025-08-08,North America,Canada,Smartphone,6,4362.69,2662.17
13882,2025-09-17,Europe,Germany,Laptop,27,34653.35,25975.61
13883,2026-01-06,Europe,United Kingdom,Tablet,16,7092.74,4142.79
13884,2025-08-16,Asia,South Korea,Monitor,29,6381.46,4327.93
13885,2026-06-14,Europe,Netherlands,Headphones,22,5205.4,3710.12
13886,2025-01-20,North America,United States,Tablet,21,10235.55,6504.16
13887,2025-10-30,South America,Argentina,Laptop,1,836.98,578.47
13888,2026-05-23,South America,Chile,Monitor,22,9867.61,6109.59
13889,2025-05-04,South America,Argentina,Headphones,2,227.77,150.84
13890,2025-07-17,South America,Argentina,Tablet,7,4806.98,3380.73
13891,2026-04-29,South America,Brazil,Laptop,15,14465.46,10223.56
13892,2025-05-13,South America,Argentina,Monitor,21,6474.25,4706.55
13893,2025-07-02,Europe,France,Laptop,26,26621.05,18884.11
13894,2025-03-03,South America,Chile,Smartphone,27,29930.27,18716.35
13895,2026-02-18,Asia,Japan,Smartphone,5,3309.21,2111.96
13896,2025-09-10,South America,Chile,Smartphone,25,29196.15,21230.74
13897,2025-05-20,South America,Argentina,Headphones,4,968.93,522.26
13898,2026-02-07,Asia,Japan,Laptop,6,9631.53,7591.64
13899,2025-11-18,North America,Canada,Headphones,14,2852.47,1640.71
13900,2025-11-15,South America,Brazil,Monitor,16,6176.12,4088.33
13901,2025-10-21,North America,Mexico,Monitor,10,5248.47,3567.61
13902,2025-01-20,Europe,Spain,Laptop,11,12311.24,8941.92
13903,2025-10-28,Europe,France,Smartphone,22,21499.46,13689.66
13904,2026-01-28,Asia,South Korea,Tablet,22,15085.54,9813.84
13905,2025-12-15,North America,United States,Tablet,25,18815.67,11332.65
13906,2025-05-22,Asia,Malaysia,Laptop,13,23200.52,17347.33
13907,2025-11-29,South America,Brazil,Tablet,5,2652.66,1494.84
13908,2026-03-03,South America,Argentina,Headphones,24,7096.79,3309.09
13909,2026-05-24,South America,Argentina,Smartphone,4,2574.78,1531.52
13910,2025-09-29,South America,Chile,Tablet,29,23000.19,12807.98
13911,2025-01-19,Asia,India,Monitor,30,11045.39,7294.73
13912,2025-05-23,Europe,France,Tablet,21,14811.56,10296.65
13913,2025-01-28,North America,United States,Monitor,5,2081.07,1425.22
13914,2026-02-03,Asia,Malaysia,Tablet,24,13395.8,7600.75
13915,2025-08-05,South America,Brazil,Tablet,14,9933.35,6087.85
13916,2026-06-19,Europe,Spain,Laptop,4,6348.61,4553.68
13917,2025-02-20,South America,Chile,Smartphone,22,10645.83,6356.74
13918,2026-05-04,South America,Argentina,Smartphone,22,21986.89,15195.12
13919,2026-03-21,Europe,Italy,Monitor,12,3235.95,2182.01
13920,2026-01-06,Europe,Italy,Laptop,6,8501.74,6165.68
13921,2025-06-21,North America,Mexico,Headphones,16,1742.93,821.62
13922,2025-06-28,South America,Argentina,Tablet,5,3455.46,2415.38
13923,2025-01-28,Europe,United Kingdom,Monitor,15,5271.55,3877.76
13924,2025-05-27,North America,Mexico,Smartphone,2,1323.68,813.49
13925,2025-07-28,Europe,Italy,Smartphone,28,27724.09,16277.81
13926,2026-02-07,North America,Mexico,Monitor,18,7776.53,5200.27
13927,2025-02-24,North America,United States,Tablet,16,7231.16,4067.88
13928,2025-09-29,Asia,Japan,Laptop,12,21273.76,16242.22
13929,2026-03-08,South America,Chile,Headphones,5,1165.59,725.6
13930,2025-08-05,Europe,Netherlands,Monitor,8,4543.84,3176.08
13931,2025-09-03,South America,Brazil,Monitor,7,2387.57,1556.12
13932,2026-03-05,South America,Argentina,Headphones,10,3455.61,2071.83
13933,2025-01-04,Europe,Netherlands,Headphones,16,2389.1,1399.85
13934,2026-03-28,North America,Canada,Headphones,5,1064.05,482.2
13935,2026-06-02,North America,Canada,Smartphone,24,11054.45,6998.03
13936,2025-12-23,Europe,United Kingdom,Smartphone,10,10733.97,7152.08
13937,2026-02-15,South America,Chile,Laptop,21,19055.54,13171.19
13938,2026-04-18,Europe,Italy,Smartphone,8,3556.67,2792.27
13939,2026-06-07,Asia,Malaysia,Headphones,26,8556.82,5616.94
13940,2025-08-05,Asia,India,Smartphone,23,18284.83,13424.41
13941,2026-01-01,South America,Argentina,Smartphone,6,4359.69,2652.11
13942,2025-11-21,North America,Mexico,Smartphone,4,2613.04,1817.21
13943,2025-06-27,Asia,Malaysia,Smartphone,2,2195.41,1334.0
13944,2026-05-16,South America,Chile,Tablet,4,3251.97,1981.66
13945,2025-03-03,North America,Canada,Headphones,21,2121.22,1386.48
13946,2025-10-24,South America,Argentina,Headphones,29,2735.72,1267.73
13947,2025-12-14,South America,Brazil,Laptop,9,9106.7,6318.9
13948,2025-04-16,North America,United States,Headphones,19,2331.66,1033.67
13949,2025-11-07,North America,Canada,Smartphone,11,9114.31,5381.57
13950,2025-04-02,Europe,Germany,Monitor,28,18005.18,12840.47
13951,2025-06-22,Europe,Italy,Monitor,2,751.21,509.49
13952,2025-06-01,South America,Argentina,Smartphone,8,4575.93,3123.3
13953,2026-03-06,North America,Canada,Smartphone,27,14091.57,8720.59
13954,2025-01-30,Europe,France,Headphones,27,8570.04,5211.98
13955,2025-09-24,North America,United States,Headphones,13,3500.51,2234.28
13956,2025-08-25,Asia,Malaysia,Headphones,9,1931.67,968.53
13957,2026-03-13,South America,Brazil,Monitor,27,15003.52,10870.64
13958,2026-04-15,Europe,Spain,Monitor,8,2420.57,2012.76
13959,2025-07-12,Europe,Netherlands,Monitor,20,8769.15,5762.77
13960,2026-04-04,Asia,Malaysia,Headphones,14,4350.98,2346.86
13961,2025-12-23,Europe,Netherlands,Smartphone,27,17883.26,11511.48
13962,2026-02-18,North America,United States,Smartphone,17,14518.2,10448.7
13963,2025-08-18,Asia,Malaysia,Monitor,18,8601.13,5331.51
13964,2025-02-18,Asia,Singapore,Monitor,22,11556.31,8146.67
13965,2025-06-20,South America,Chile,Monitor,24,16216.62,11308.48
13966,2026-03-31,Europe,United Kingdom,Monitor,17,10957.9,7512.55
13967,2026-02-09,Asia,Japan,Monitor,15,5528.66,3612.28
13968,2025-01-17,North America,Canada,Tablet,29,9394.77,6355.57
13969,2025-07-18,North America,Mexico,Tablet,1,424.73,287.17
13970,2025-11-29,North America,Canada,Tablet,29,13224.0,8412.64
13971,2025-05-09,South America,Brazil,Headphones,6,2079.45,1290.13
13972,2026-06-19,Europe,France,Laptop,4,6055.0,4545.7
13973,2025-12-08,Asia,Japan,Headphones,21,6897.64,4632.43
13974,2025-06-17,North America,Canada,Headphones,24,4425.31,2667.9
13975,2025-01-19,North America,Mexico,Smartphone,11,12314.86,8784.1
13976,2025-03-03,Europe,Germany,Laptop,2,2076.21,1468.92
13977,2025-04-23,Europe,Italy,Tablet,29,10611.98,6618.68
13978,2025-02-19,Europe,Spain,Laptop,2,2046.9,1314.53
13979,2025-02-17,South America,Chile,Smartphone,20,19320.16,13092.34
13980,2025-11-07,North America,Canada,Tablet,13,11311.45,6418.72
13981,2025-07-01,South America,Chile,Monitor,10,2176.05,1439.91
13982,2026-02-03,Asia,India,Headphones,13,4084.61,2118.77
13983,2026-01-08,North America,Canada,Monitor,1,407.95,242.97
13984,2026-05-22,Europe,United Kingdom,Tablet,1,565.22,446.49
13985,2026-06-20,South America,Chile,Laptop,4,3522.71,2585.37
13986,2025-05-28,Europe,United Kingdom,Headphones,17,3513.02,1648.09
13987,2025-11-25,Europe,Netherlands,Smartphone,24,14371.93,9187.68
13988,2025-08-04,North America,United States,Tablet,7,5288.84,2989.02
13989,2025-04-04,Asia,South Korea,Tablet,20,13139.68,8685.65
13990,2025-02-23,Europe,Netherlands,Laptop,3,2791.9,1851.14
13991,2025-02-25,Europe,Netherlands,Monitor,5,3141.26,2015.57
13992,2025-09-24,South America,Chile,Monitor,16,8248.15,5871.82
13993,2026-01-10,Asia,South Korea,Headphones,27,7683.56,4574.14
13994,2025-02-14,Asia,South Korea,Headphones,3,895.62,477.43
13995,2025-06-05,Asia,Malaysia,Smartphone,19,8812.28,5786.57
13996,2026-06-05,Europe,Netherlands,Tablet,19,15605.26,12375.12
13997,2025-03-10,South America,Brazil,Laptop,4,7027.5,4777.83
13998,2025-04-27,South America,Argentina,Laptop,25,31262.45,23128.59
13999,2025-08-18,North America,Canada,Headphones,30,9353.49,4301.56
14000,2026-04-23,Asia,Malaysia,Headphones,4,626.35,340.85
14001,2025-12-28,South America,Chile,Tablet,21,18033.3,11968.66
14002,2025-06-13,Europe,France,Tablet,9,4976.26,3513.86
14003,2025-06-08,North America,Mexico,Tablet,5,3615.23,2053.87
14004,2025-07-10,North America,United States,Laptop,26,37438.8,26226.21
14005,2025-10-24,Asia,Singapore,Headphones,23,6996.94,3593.51
14006,2025-04-03,Asia,South Korea,Headphones,2,419.01,205.72
14007,2025-10-09,North America,United States,Tablet,25,13482.29,7788.09
14008,2025-07-07,South America,Chile,Headphones,28,7564.9,4689.27
14009,2025-10-17,North America,Mexico,Smartphone,1,661.68,423.4
14010,2026-05-15,North America,Mexico,Tablet,5,4343.01,2705.77
14011,2025-06-21,North America,Mexico,Smartphone,25,17433.82,12580.0
14012,2026-04-26,South America,Argentina,Laptop,25,40891.34,30291.88
14013,2026-02-09,South America,Argentina,Monitor,20,4246.99,3110.37
14014,2026-02-23,North America,Canada,Smartphone,24,14105.76,9667.08
14015,2025-01-10,Europe,Netherlands,Tablet,3,1507.87,1060.96
14016,2025-03-09,Europe,United Kingdom,Laptop,15,19313.65,12989.79
14017,2026-06-12,South America,Brazil,Smartphone,8,8454.26,6027.63
14018,2026-05-28,South America,Argentina,Monitor,6,2381.15,1447.76
14019,2025-03-29,Europe,Spain,Monitor,8,4665.2,2973.31
14020,2025-06-12,North America,United States,Monitor,17,7091.66,4225.89
14021,2026-04-09,Europe,Germany,Smartphone,25,23387.13,18132.41
14022,2026-02-06,South America,Chile,Laptop,29,30303.97,21998.98
14023,2025-05-18,Asia,India,Monitor,10,4857.99,3224.81
14024,2026-02-16,North America,Mexico,Laptop,27,47324.15,32604.77
14025,2025-11-26,Europe,France,Laptop,16,25481.7,18746.48
14026,2026-03-05,Europe,Germany,Laptop,20,28277.66,19857.93
14027,2025-06-21,North America,Canada,Laptop,25,22192.55,13819.41
14028,2025-09-06,South America,Chile,Smartphone,1,1129.7,815.57
14029,2025-08-05,Europe,Germany,Tablet,28,10031.12,6500.55
14030,2025-03-27,North America,Mexico,Monitor,25,12297.58,8618.98
14031,2025-04-27,Europe,Italy,Monitor,9,2866.92,2154.74
14032,2025-06-01,South America,Brazil,Laptop,10,9857.87,6458.64
14033,2025-05-27,Asia,Singapore,Tablet,28,11548.0,8292.63
14034,2025-04-18,North America,United States,Headphones,10,1057.85,655.2
14035,2025-06-30,North America,United States,Headphones,16,2633.34,1759.73
14036,2026-02-09,Europe,Netherlands,Monitor,14,9585.73,6811.64
14037,2025-08-10,Europe,Germany,Smartphone,21,20253.77,11753.75
14038,2026-02-24,Asia,South Korea,Monitor,10,2312.36,1657.25
14039,2025-03-26,North America,United States,Smartphone,17,11670.64,6976.99
14040,2025-11-15,Asia,Japan,Laptop,21,16920.86,13061.71
14041,2025-08-26,Europe,United Kingdom,Laptop,30,32083.45,22148.25
14042,2025-05-23,South America,Argentina,Smartphone,10,9929.7,6495.15
14043,2025-07-25,North America,Canada,Tablet,5,3674.61,2284.62
14044,2025-11-16,Asia,Singapore,Laptop,20,28013.53,19665.3
14045,2025-09-10,South America,Argentina,Monitor,1,414.26,273.02
14046,2025-07-29,South America,Argentina,Smartphone,10,6548.9,4652.37
14047,2025-09-28,Europe,United Kingdom,Smartphone,20,14009.06,9012.99
14048,2025-02-03,South America,Brazil,Tablet,17,11193.16,6639.51
14049,2025-03-20,North America,United States,Tablet,25,16182.33,11230.93
14050,2026-04-16,Asia,South Korea,Headphones,27,9220.15,5731.66
14051,2025-10-31,North America,Canada,Laptop,17,23899.63,18314.75
14052,2025-03-07,Asia,Singapore,Headphones,24,3200.83,1540.42
14053,2026-01-27,South America,Argentina,Tablet,23,7318.41,4284.23
14054,2025-04-20,Europe,Spain,Smartphone,17,17332.43,11478.21
14055,2026-01-08,South America,Brazil,Monitor,20,13352.74,8498.48
14056,2026-02-13,South America,Chile,Headphones,22,4846.16,2802.8
14057,2025-01-21,Europe,Spain,Monitor,30,8451.71,5346.04
14058,2025-09-27,Asia,India,Laptop,22,36113.59,23777.7
14059,2025-12-05,Asia,Singapore,Laptop,9,15137.59,10192.6
14060,2025-10-28,Europe,Italy,Smartphone,25,11775.53,6967.3
14061,2025-05-07,Asia,Singapore,Headphones,13,4172.11,2300.46
14062,2026-04-09,North America,Canada,Laptop,4,4046.42,2592.07
14063,2025-12-26,Asia,India,Laptop,19,19316.92,13413.21
14064,2025-08-10,Asia,Malaysia,Tablet,19,11253.57,7739.45
14065,2026-05-03,South America,Chile,Headphones,25,5264.35,3195.72
14066,2026-01-31,Europe,France,Monitor,27,17383.83,11596.49
14067,2025-04-26,North America,Mexico,Headphones,6,983.98,616.85
14068,2025-04-21,Europe,Germany,Headphones,14,3403.2,1546.72
14069,2025-10-06,Europe,Spain,Laptop,26,37228.63,25541.73
14070,2025-05-28,Europe,Italy,Monitor,27,11155.62,6705.91
14071,2025-06-23,Europe,Germany,Laptop,23,28773.1,19524.47
14072,2026-06-02,Asia,Singapore,Monitor,15,4660.64,2885.98
14073,2025-03-22,Europe,Italy,Laptop,1,1031.17,763.0
14074,2026-06-28,North America,Mexico,Monitor,8,3530.26,2302.53
14075,2025-06-29,North America,Canada,Tablet,12,4436.71,2672.57
14076,2025-03-07,Asia,Japan,Smartphone,21,10638.37,7012.95
14077,2025-12-08,Europe,Spain,Headphones,1,112.72,67.17
14078,2025-02-24,North America,Canada,Headphones,30,8464.5,4890.13
14079,2025-02-07,North America,Canada,Monitor,26,12308.9,8347.91
14080,2026-05-19,Europe,United Kingdom,Smartphone,12,5503.12,3643.86
14081,2025-10-13,North America,Mexico,Laptop,11,14394.17,10490.86
14082,2025-11-13,Asia,South Korea,Tablet,14,12319.55,8415.85
14083,2026-02-02,South America,Chile,Tablet,9,6888.05,3822.81
14084,2026-04-08,Europe,Germany,Monitor,24,15545.43,11397.8
14085,2026-03-24,Europe,Netherlands,Headphones,11,1069.85,487.08
14086,2025-09-26,Europe,United Kingdom,Headphones,7,2026.46,1075.05
14087,2026-04-20,South America,Chile,Smartphone,29,34527.56,21716.87
14088,2025-08-17,Asia,India,Tablet,22,12251.19,8831.42
14089,2026-05-02,Europe,Spain,Tablet,7,6108.78,4565.93
14090,2026-01-13,South America,Chile,Headphones,28,8793.95,4852.02
14091,2025-12-24,Europe,United Kingdom,Tablet,16,8407.34,5001.66
14092,2025-10-01,North America,United States,Laptop,8,13709.26,9459.83
14093,2026-03-04,South America,Chile,Smartphone,7,5191.78,3777.44
14094,2026-05-22,North America,Mexico,Smartphone,21,11806.18,7628.17
14095,2025-10-31,Europe,United Kingdom,Laptop,16,24081.73,15207.14
14096,2026-03-26,North America,Canada,Smartphone,6,3102.39,1864.16
14097,2025-04-23,Asia,Malaysia,Laptop,10,9821.9,7255.06
14098,2025-02-24,Asia,Malaysia,Monitor,22,14865.56,10702.59
14099,2025-01-06,Asia,South Korea,Smartphone,16,14429.51,9413.41
14100,2025-12-20,Asia,Japan,Tablet,5,3292.36,1924.86
14101,2026-04-16,North America,Mexico,Tablet,26,10182.03,6689.96
14102,2026-06-16,Asia,South Korea,Laptop,16,18367.93,14056.23
14103,2026-06-11,Europe,Italy,Smartphone,3,3039.69,2218.72
14104,2025-03-23,Asia,Singapore,Laptop,25,24738.83,15800.89
14105,2026-03-06,Europe,Spain,Smartphone,16,13023.03,8282.02
14106,2026-03-31,North America,Mexico,Headphones,9,2138.7,1174.91
14107,2025-12-30,Asia,Malaysia,Laptop,26,21964.85,16916.94
14108,2025-08-04,Europe,Spain,Headphones,21,2959.24,1724.42
14109,2025-08-20,North America,Canada,Smartphone,8,3798.63,2311.72
14110,2025-12-06,South America,Brazil,Monitor,17,10396.11,6269.13
14111,2025-12-02,Europe,United Kingdom,Tablet,26,21675.6,13965.87
14112,2025-02-20,Europe,Germany,Laptop,13,19001.03,12230.03
14113,2025-03-01,Europe,Germany,Tablet,22,16708.44,9485.73
14114,2025-08-12,South America,Chile,Laptop,16,15898.32,10144.16
14115,2026-01-12,South America,Chile,Monitor,3,2035.16,1509.19
14116,2025-02-14,South America,Brazil,Laptop,9,14118.99,9102.6
14117,2026-06-15,Asia,Singapore,Smartphone,4,4529.78,3271.97
14118,2025-04-27,Europe,United Kingdom,Smartphone,5,2789.02,1699.51
14119,2025-10-28,Europe,United Kingdom,Smartphone,15,11752.84,7523.58
14120,2026-01-03,Asia,Singapore,Smartphone,25,13095.85,9771.95
14121,2025-09-30,Asia,Singapore,Tablet,23,17811.22,11056.12
14122,2025-11-28,South America,Argentina,Smartphone,10,10582.41,6438.37
14123,2026-03-08,Europe,Spain,Monitor,11,3117.56,2150.48
14124,2025-07-04,Europe,Italy,Laptop,6,10259.21,6577.78
14125,2025-11-19,North America,United States,Smartphone,10,10588.77,6419.21
14126,2026-03-19,South America,Brazil,Laptop,18,18537.02,13137.97
14127,2026-06-15,North America,Mexico,Monitor,3,1598.18,1076.08
14128,2025-06-25,Asia,South Korea,Tablet,20,6949.74,4224.53
14129,2026-03-02,South America,Chile,Tablet,5,2479.63,1377.14
14130,2026-01-12,North America,Canada,Smartphone,19,14415.58,8994.5
14131,2025-08-22,Asia,Malaysia,Tablet,4,2590.26,1642.26
14132,2025-04-27,North America,Mexico,Laptop,11,12903.04,9753.39
14133,2025-07-13,North America,Canada,Headphones,21,4239.45,2671.57
14134,2025-09-02,North America,Canada,Smartphone,13,15333.06,10136.63
14135,2025-06-25,South America,Chile,Monitor,14,9398.65,5823.57
14136,2025-07-26,Europe,Netherlands,Monitor,13,7538.76,4669.59
14137,2025-12-04,South America,Argentina,Laptop,29,31099.66,23917.13
14138,2026-04-26,Europe,Spain,Monitor,6,3920.35,3066.76
14139,2025-02-13,Europe,Germany,Monitor,15,8472.86,5615.13
14140,2025-12-26,North America,United States,Tablet,14,4571.86,3184.8
14141,2025-03-01,Europe,Spain,Monitor,7,1935.32,1327.93
14142,2025-12-08,South America,Argentina,Headphones,21,2033.05,1343.3
14143,2025-02-26,North America,Mexico,Smartphone,17,7006.46,4747.35
14144,2025-10-03,South America,Argentina,Laptop,25,42664.62,27487.8
14145,2025-01-25,Asia,India,Monitor,1,551.16,340.04
14146,2026-05-28,North America,Mexico,Tablet,24,16422.46,9518.81
14147,2025-11-14,Asia,South Korea,Monitor,25,17465.14,12055.17
14148,2025-12-03,South America,Brazil,Headphones,20,5718.32,3868.65
14149,2025-07-12,South America,Argentina,Tablet,30,17794.3,10544.86
14150,2025-03-02,Europe,Netherlands,Laptop,21,17489.36,11590.85
14151,2025-07-13,Europe,Germany,Monitor,25,15201.18,10673.69
14152,2025-12-30,South America,Argentina,Laptop,9,10752.05,8299.44
14153,2025-05-24,North America,United States,Laptop,1,1421.56,1083.02
14154,2026-06-12,North America,United States,Smartphone,21,20490.13,12683.35
14155,2025-03-11,North America,Mexico,Tablet,1,369.35,227.78
14156,2025-10-28,North America,United States,Smartphone,11,6804.21,4543.51
14157,2025-05-09,North America,United States,Laptop,11,17450.54,12699.88
14158,2025-04-06,Asia,Singapore,Tablet,4,3393.48,2402.66
14159,2026-03-01,North America,United States,Laptop,18,25148.2,16153.76
14160,2026-04-02,North America,Canada,Headphones,26,5923.24,3666.3
14161,2025-03-04,South America,Chile,Monitor,14,8190.62,5172.03
14162,2026-03-10,South America,Brazil,Headphones,16,2635.44,1276.08
14163,2026-03-26,Asia,South Korea,Smartphone,25,26830.78,18190.34
14164,2026-06-07,Europe,Italy,Monitor,29,18225.98,13364.23
14165,2026-06-25,North America,Mexico,Headphones,4,408.73,215.46
14166,2026-05-11,Asia,Singapore,Monitor,10,2890.89,2136.3
14167,2025-03-13,North America,United States,Laptop,12,20087.28,12256.67
14168,2026-03-27,Europe,Italy,Laptop,21,32433.64,20906.85
14169,2025-02-10,Asia,Japan,Tablet,20,8141.66,4615.57
14170,2026-02-17,Europe,Spain,Smartphone,27,11185.42,8008.02
14171,2026-03-01,Asia,Malaysia,Headphones,18,2017.81,1321.94
14172,2025-08-25,Asia,Malaysia,Tablet,28,9117.61,5191.04
14173,2026-04-20,Asia,South Korea,Headphones,7,2386.97,1471.08
14174,2025-06-24,North America,United States,Headphones,26,2764.55,1622.08
14175,2025-07-01,Asia,Singapore,Headphones,23,2443.99,1250.47
14176,2025-09-24,North America,United States,Tablet,6,4106.02,2230.51
14177,2026-01-14,Europe,Germany,Headphones,18,2576.42,1185.18
14178,2025-08-21,Europe,Netherlands,Tablet,5,3843.54,2127.33
14179,2025-09-16,North America,Mexico,Laptop,18,25883.04,17056.86
14180,2025-02-28,North America,United States,Headphones,23,1885.35,1218.38
14181,2025-12-30,North America,Canada,Laptop,11,17191.1,12629.79
14182,2026-01-06,North America,Mexico,Monitor,27,9509.19,6091.74
14183,2026-02-15,North America,Canada,Tablet,1,584.94,391.2
14184,2025-07-31,Europe,Netherlands,Smartphone,29,17924.03,12152.17
14185,2026-03-22,Asia,Malaysia,Headphones,10,1539.99,786.35
14186,2026-05-16,North America,United States,Laptop,10,13533.95,10055.44
14187,2025-01-05,Europe,Germany,Smartphone,26,18746.96,11574.47
14188,2025-08-24,Asia,Japan,Headphones,27,5136.7,2460.67
14189,2025-09-07,Europe,Germany,Smartphone,2,1513.01,879.67
14190,2025-10-28,South America,Brazil,Headphones,24,3983.93,2277.4
14191,2025-01-24,Europe,Netherlands,Monitor,9,3173.21,2275.87
14192,2026-04-23,Europe,Italy,Smartphone,24,14229.86,9445.44
14193,2025-10-30,South America,Argentina,Monitor,6,3060.37,1871.82
14194,2026-04-18,Asia,Singapore,Headphones,21,6041.16,3045.14
14195,2025-04-06,South America,Argentina,Tablet,2,894.53,494.38
14196,2025-03-24,Asia,India,Tablet,22,8197.49,5239.48
14197,2026-06-27,Europe,Germany,Headphones,25,8428.08,5942.01
14198,2025-09-26,North America,Canada,Tablet,26,9907.49,6416.61
14199,2026-06-26,Asia,South Korea,Tablet,5,2101.47,1253.14
14200,2025-11-10,Europe,Italy,Smartphone,5,3390.88,2333.21
14201,2026-01-15,South America,Chile,Laptop,1,995.87,642.9
14202,2025-04-16,North America,Canada,Tablet,15,10086.78,6655.43
14203,2025-12-08,Europe,Netherlands,Headphones,11,3804.43,2497.71
14204,2025-04-28,Asia,India,Headphones,7,1532.6,1036.71
14205,2025-04-11,Europe,Italy,Smartphone,9,7161.68,5162.06
14206,2026-02-13,North America,Canada,Laptop,17,17652.81,12562.42
14207,2026-06-12,North America,United States,Headphones,22,5790.74,3383.11
14208,2025-08-07,Europe,Italy,Monitor,21,11819.71,7258.21
14209,2026-05-03,Asia,India,Laptop,10,14409.31,9294.79
14210,2025-02-16,North America,Mexico,Headphones,17,3988.35,1761.36
14211,2025-12-05,South America,Argentina,Headphones,29,8154.63,4698.1
14212,2025-12-10,South America,Argentina,Headphones,2,428.99,231.57
14213,2025-11-13,Europe,United Kingdom,Smartphone,21,10066.64,5987.15
14214,2025-08-03,Asia,Singapore,Laptop,4,4924.46,3297.9
14215,2025-04-09,Asia,Malaysia,Smartphone,8,8131.96,5050.1
14216,2025-03-19,South America,Chile,Headphones,10,1507.31,863.02
14217,2026-05-31,Asia,Singapore,Headphones,29,6151.93,3749.77
14218,2026-06-24,North America,United States,Laptop,28,26284.84,19248.22
14219,2026-05-25,North America,Mexico,Laptop,26,43584.55,29500.81
14220,2026-04-20,Europe,United Kingdom,Monitor,23,13515.89,10767.24
14221,2025-02-25,Europe,Netherlands,Tablet,29,25516.39,14374.81
14222,2025-09-13,South America,Brazil,Headphones,21,3200.21,2121.33
14223,2025-06-19,South America,Brazil,Laptop,28,33251.2,21872.26
14224,2025-12-13,South America,Argentina,Monitor,3,1128.26,728.99
14225,2025-08-16,North America,Canada,Laptop,8,9452.94,6956.61
14226,2025-09-03,Europe,Germany,Monitor,26,13282.3,8569.3
14227,2026-01-16,Asia,Malaysia,Monitor,15,7857.36,5181.21
14228,2025-08-31,North America,Mexico,Monitor,28,17739.15,10697.3
14229,2025-06-25,South America,Chile,Laptop,2,3169.95,2047.94
14230,2026-01-21,South America,Argentina,Smartphone,17,15203.79,8874.19
14231,2026-02-11,Europe,United Kingdom,Monitor,8,4928.76,3299.32
14232,2025-08-01,Europe,United Kingdom,Tablet,24,16067.31,10113.74
14233,2026-03-17,South America,Argentina,Laptop,29,48294.97,33351.39
14234,2025-02-16,South America,Argentina,Laptop,1,1552.58,1194.2
14235,2025-06-28,Europe,Germany,Smartphone,10,5568.47,4090.56
14236,2025-03-27,Europe,Germany,Headphones,17,5804.17,3583.98
14237,2026-01-09,Asia,Japan,Tablet,8,4319.94,3091.37
14238,2025-10-21,South America,Brazil,Smartphone,18,8975.12,5789.13
14239,2025-08-28,South America,Argentina,Headphones,24,4082.2,2270.9
14240,2026-05-05,Europe,United Kingdom,Monitor,17,9793.79,7804.14
14241,2026-04-06,North America,Mexico,Tablet,11,4380.11,2770.5
14242,2025-06-12,North America,United States,Headphones,25,8061.73,3956.54
14243,2025-07-28,South America,Argentina,Headphones,2,516.97,344.17
14244,2025-06-19,South America,Brazil,Tablet,12,7478.73,4853.24
14245,2026-04-03,Asia,Malaysia,Headphones,27,6657.51,3742.06
14246,2025-12-13,South America,Chile,Smartphone,26,24325.41,15979.98
14247,2026-02-28,South America,Brazil,Headphones,28,8461.37,4785.73
14248,2025-02-07,North America,Canada,Smartphone,16,8709.82,5483.49
14249,2025-08-10,Asia,India,Smartphone,10,10466.29,6586.16
14250,2026-02-12,Europe,Italy,Smartphone,21,16576.52,9824.3
14251,2025-02-18,South America,Brazil,Smartphone,21,17277.85,12170.51
14252,2025-10-04,Europe,Germany,Smartphone,17,13928.21,8080.56
14253,2025-07-22,Asia,Malaysia,Smartphone,29,33515.2,23570.93
14254,2025-10-16,Europe,United Kingdom,Monitor,20,7037.58,5322.96
14255,2026-03-09,Europe,France,Smartphone,14,9763.79,6506.02
14256,2025-07-22,Asia,Japan,Tablet,16,7862.23,5002.06
14257,2025-09-19,North America,Canada,Headphones,6,1050.54,618.25
14258,2025-10-02,Asia,Japan,Monitor,26,11071.49,6807.99
14259,2025-08-29,Asia,Singapore,Tablet,7,2167.09,1440.09
14260,2026-01-14,Europe,Spain,Tablet,13,11117.06,7007.69
14261,2026-04-20,Europe,France,Headphones,12,3985.95,2335.8
14262,2026-06-19,North America,Canada,Smartphone,7,5173.87,3242.39
14263,2026-06-14,Europe,Spain,Smartphone,6,5968.95,3940.62
14264,2026-02-04,South America,Argentina,Smartphone,4,2959.63,1864.59
14265,2026-03-17,North America,Canada,Headphones,18,2691.67,1369.21
14266,2025-12-03,North America,United States,Headphones,29,2702.4,1596.43
14267,2025-03-07,Europe,United Kingdom,Monitor,5,2038.67,1450.44
14268,2025-05-30,North America,Canada,Laptop,11,15211.46,10059.67
14269,2025-08-22,Europe,Netherlands,Laptop,12,10585.64,7289.4
14270,2026-03-03,South America,Chile,Monitor,8,3687.39,2710.16
14271,2025-05-22,Asia,South Korea,Tablet,12,10169.95,7074.06
14272,2025-08-04,Asia,India,Smartphone,20,18352.59,13325.7
14273,2025-05-04,North America,United States,Smartphone,30,30118.1,17210.33
14274,2025-01-23,North America,United States,Monitor,26,10534.46,6812.1
14275,2025-08-02,North America,United States,Laptop,19,20431.57,13573.61
14276,2026-04-12,North America,Mexico,Headphones,27,7356.92,3351.52
14277,2025-10-26,North America,Canada,Smartphone,9,8962.2,5423.52
14278,2025-05-02,North America,United States,Tablet,14,4318.57,2517.12
14279,2025-03-13,North America,Canada,Smartphone,12,13189.05,8727.5
14280,2025-12-07,North America,United States,Smartphone,26,20823.54,14117.48
14281,2025-10-10,Asia,India,Tablet,22,16539.5,9859.08
14282,2025-03-04,Europe,Spain,Tablet,14,8012.79,5123.38
14283,2025-10-09,Europe,Germany,Tablet,11,6314.18,3868.01
14284,2025-08-06,Asia,Malaysia,Tablet,22,7454.84,4986.96
14285,2025-10-04,South America,Brazil,Monitor,27,18804.61,13950.89
14286,2025-01-27,Asia,India,Smartphone,9,6727.18,4862.72
14287,2026-01-02,Asia,India,Monitor,24,14265.57,10393.37
14288,2025-06-28,North America,Canada,Smartphone,3,1954.19,1411.6
14289,2025-08-27,Europe,United Kingdom,Headphones,18,4261.89,2352.09
14290,2025-12-12,North America,Canada,Headphones,14,3033.54,2010.92
14291,2025-07-13,Asia,Malaysia,Headphones,18,3702.23,2030.9
14292,2025-01-16,North America,Mexico,Monitor,20,12342.6,9027.3
14293,2025-02-21,Asia,Malaysia,Smartphone,11,5575.68,3742.67
14294,2026-01-22,South America,Argentina,Monitor,14,6104.29,4295.6
14295,2026-01-14,North America,United States,Monitor,4,2490.29,1787.15
14296,2026-01-26,North America,United States,Headphones,29,8050.09,4645.34
14297,2026-04-23,South America,Chile,Tablet,4,2098.57,1473.61
14298,2025-01-27,Asia,Singapore,Laptop,17,17350.76,12025.41
14299,2026-02-24,Europe,Italy,Monitor,29,13445.3,8734.45
14300,2026-03-03,North America,United States,Laptop,26,26990.28,19311.75
14301,2026-06-28,Asia,South Korea,Laptop,1,1445.4,1048.55
14302,2025-06-03,Europe,Spain,Smartphone,20,8935.12,6548.16
14303,2025-10-19,North America,United States,Monitor,13,3770.22,2545.06
14304,2025-10-05,North America,Mexico,Headphones,18,1954.45,1016.01
14305,2025-12-16,Europe,Netherlands,Monitor,16,5356.76,3458.68
14306,2025-05-26,Europe,Spain,Monitor,26,6009.26,3768.74
14307,2026-03-01,Asia,Singapore,Headphones,7,879.34,466.34
14308,2026-06-09,South America,Brazil,Tablet,30,10553.1,7195.94
14309,2025-06-16,Europe,France,Headphones,24,4649.34,2773.74
14310,2025-04-08,South America,Brazil,Tablet,10,6092.22,4122.35
14311,2025-01-09,South America,Brazil,Smartphone,18,10800.99,7648.22
14312,2026-06-18,North America,Canada,Headphones,13,1351.26,847.24
14313,2025-06-13,North America,Mexico,Tablet,25,22396.2,15114.18
14314,2026-06-07,Asia,Japan,Laptop,21,31793.88,24141.26
14315,2025-10-20,Europe,Netherlands,Headphones,23,5643.37,2953.05
14316,2026-06-14,Europe,France,Smartphone,24,21829.03,16777.12
14317,2026-02-06,South America,Brazil,Headphones,15,3627.55,1654.92
14318,2026-06-24,South America,Chile,Laptop,21,27019.21,16894.69
14319,2025-02-06,Asia,Japan,Smartphone,24,23670.95,17180.79
14320,2026-01-26,Asia,India,Smartphone,26,28896.1,20565.53
14321,2025-04-16,South America,Argentina,Monitor,20,9309.76,6584.13
14322,2026-05-01,Europe,France,Headphones,1,321.72,211.62
14323,2025-02-27,North America,Canada,Smartphone,9,3908.06,2768.57
14324,2026-06-02,Asia,South Korea,Smartphone,3,2083.0,1278.7
14325,2025-05-15,North America,Mexico,Headphones,15,1406.79,723.64
14326,2026-04-19,Europe,France,Tablet,9,6606.15,4330.23
14327,2026-06-25,Europe,United Kingdom,Headphones,4,916.5,672.81
14328,2025-10-30,Europe,Netherlands,Tablet,22,6750.52,4748.31
14329,2026-06-15,North America,United States,Monitor,17,6574.5,4213.64
14330,2025-09-08,North America,Canada,Laptop,1,1253.18,937.14
14331,2026-04-03,Asia,India,Headphones,27,5875.85,2948.6
14332,2026-04-03,North America,Canada,Tablet,21,16626.0,10783.41
14333,2026-06-22,Europe,Italy,Smartphone,28,25873.47,18165.98
14334,2025-10-30,South America,Chile,Laptop,6,6229.62,3887.34
14335,2025-01-24,Asia,South Korea,Monitor,24,16245.22,11888.34
14336,2026-03-16,Europe,Germany,Headphones,28,9607.98,6004.17
14337,2025-08-29,Europe,United Kingdom,Tablet,20,6154.11,4015.87
14338,2026-05-21,Europe,Italy,Headphones,5,794.3,572.48
14339,2025-03-25,North America,Mexico,Tablet,10,3564.34,1996.32
14340,2025-09-26,South America,Argentina,Headphones,28,4361.19,2509.77
14341,2026-04-26,Europe,Spain,Monitor,23,8089.05,5992.07
14342,2025-09-23,North America,Mexico,Laptop,2,3288.58,2348.43
14343,2026-06-03,Europe,Italy,Smartphone,12,5232.91,3530.88
14344,2025-08-12,North America,Mexico,Tablet,5,3247.96,2130.67
14345,2025-03-09,North America,Mexico,Headphones,16,3548.96,2234.92
14346,2025-01-27,Europe,Spain,Laptop,15,13712.51,8575.43
14347,2025-01-26,Asia,Malaysia,Laptop,27,39924.75,26581.48
14348,2025-09-07,Asia,South Korea,Headphones,1,244.3,117.28
14349,2025-04-22,North America,Mexico,Headphones,7,1435.63,907.2
14350,2025-07-28,North America,Canada,Monitor,3,1537.15,979.43
14351,2025-12-14,North America,Canada,Headphones,6,609.21,372.54
14352,2026-02-26,Europe,Spain,Headphones,10,3190.98,1455.13
14353,2026-05-22,North America,United States,Tablet,27,17340.67,10475.87
14354,2025-07-20,North America,Canada,Monitor,15,8631.23,6187.03
14355,2025-12-31,Asia,Malaysia,Smartphone,15,11976.19,7315.52
14356,2025-12-07,South America,Argentina,Laptop,25,28190.28,20105.03
14357,2026-04-14,South America,Brazil,Smartphone,18,15008.43,9587.62
14358,2025-05-25,Europe,Germany,Smartphone,29,29737.83,18463.01
14359,2026-02-08,Europe,United Kingdom,Laptop,5,4639.28,3128.48
14360,2025-01-08,North America,Mexico,Headphones,29,4379.65,2497.96
14361,2025-04-27,Europe,Germany,Tablet,12,7796.68,5356.95
14362,2025-05-17,South America,Chile,Tablet,3,2325.58,1648.08
14363,2026-01-06,South America,Argentina,Headphones,17,3221.04,1608.87
14364,2025-04-20,South America,Brazil,Smartphone,19,9671.45,6156.86
14365,2026-05-18,Asia,Singapore,Tablet,9,6374.3,4120.62
14366,2026-03-29,South America,Argentina,Tablet,6,2100.77,1368.77
14367,2025-02-15,North America,Mexico,Monitor,20,6588.1,4842.14
14368,2026-04-23,South America,Argentina,Tablet,21,7538.91,5208.07
14369,2026-05-12,North America,Mexico,Tablet,7,2706.94,1907.31
14370,2026-01-31,Asia,Singapore,Smartphone,26,28089.52,19071.83
14371,2025-04-05,South America,Chile,Tablet,9,7578.48,4381.52
14372,2025-09-21,South America,Chile,Monitor,8,2925.57,1997.37
14373,2026-01-28,Europe,Germany,Smartphone,17,10335.84,7435.87
14374,2025-07-13,Europe,Netherlands,Smartphone,20,18718.81,13193.14
14375,2025-01-29,Asia,India,Smartphone,24,24011.67,16935.29
14376,2026-05-04,Asia,India,Headphones,12,2303.07,1142.34
14377,2025-01-31,North America,Canada,Tablet,21,8085.97,4725.26
14378,2026-05-06,North America,United States,Laptop,2,2445.15,1803.84
14379,2025-10-13,South America,Argentina,Monitor,8,3353.95,2224.73
14380,2026-04-25,South America,Brazil,Monitor,23,11673.72,7253.83
14381,2025-05-17,Asia,Japan,Tablet,26,16196.94,10085.5
14382,2025-05-09,Asia,Malaysia,Tablet,4,2103.17,1280.2
14383,2026-04-05,North America,Canada,Tablet,1,368.64,202.89
14384,2026-02-23,Europe,France,Laptop,23,35639.09,27569.94
14385,2025-01-05,Asia,Singapore,Monitor,22,5335.83,3766.43
14386,2025-09-17,Asia,Japan,Monitor,4,1042.37,769.76
14387,2026-03-12,South America,Argentina,Tablet,15,12797.85,8055.43
14388,2025-03-14,Asia,Japan,Tablet,23,19566.43,11300.75
14389,2025-02-16,Asia,South Korea,Smartphone,19,18574.8,11701.31
14390,2025-12-25,South America,Brazil,Smartphone,25,23747.42,16638.08
14391,2026-05-11,Europe,Italy,Monitor,11,6387.72,4531.67
14392,2025-10-02,Asia,Malaysia,Headphones,4,472.74,307.62
14393,2025-03-20,North America,Canada,Headphones,17,4040.53,1951.7
14394,2026-06-22,Asia,South Korea,Monitor,28,10569.53,6753.48
14395,2025-06-03,Asia,Singapore,Monitor,12,7823.93,6000.49
14396,2025-03-25,North America,United States,Headphones,5,1068.99,551.48
14397,2025-10-15,Europe,Germany,Monitor,16,6049.21,3972.54
14398,2026-06-28,Asia,Singapore,Monitor,5,3368.77,2428.54
14399,2025-02-22,North America,United States,Headphones,25,7878.2,3590.49
14400,2026-02-16,Europe,France,Headphones,4,509.88,298.05
14401,2025-10-02,Asia,Singapore,Laptop,9,12845.88,8710.18
14402,2025-05-18,South America,Chile,Smartphone,1,618.16,367.51
14403,2025-10-23,Europe,Spain,Laptop,9,14831.64,9914.28
14404,2026-04-12,North America,United States,Tablet,8,6455.99,3545.38
14405,2026-02-07,South America,Argentina,Laptop,9,10251.01,7780.56
14406,2025-08-25,South America,Chile,Headphones,5,694.87,397.76
14407,2025-06-18,Europe,United Kingdom,Laptop,6,6915.59,5164.99
14408,2025-03-04,Asia,Malaysia,Headphones,9,1760.46,1117.9
14409,2025-07-19,Europe,United Kingdom,Smartphone,16,16965.37,11287.05
14410,2025-11-14,Europe,Spain,Headphones,27,8001.55,4377.18
14411,2025-04-30,South America,Argentina,Headphones,26,7463.71,4091.74
14412,2025-10-13,South America,Argentina,Tablet,19,14499.59,8871.58
14413,2025-09-12,North America,Canada,Laptop,28,26962.97,19239.57
14414,2025-06-14,South America,Brazil,Laptop,4,5482.3,3965.93
14415,2025-08-19,North America,Canada,Smartphone,16,14807.7,10178.93
14416,2025-08-04,Asia,Japan,Tablet,25,17705.1,10138.16
14417,2025-06-27,Asia,South Korea,Laptop,30,41242.08,31893.03
14418,2026-04-28,Europe,France,Laptop,1,1126.62,825.0
14419,2026-05-22,Europe,Spain,Laptop,19,25245.55,17755.57
14420,2025-11-18,Asia,Japan,Monitor,29,15604.06,10750.0
14421,2025-08-13,Europe,France,Headphones,9,2739.08,1696.06
14422,2025-09-16,Asia,Japan,Laptop,12,18589.82,12134.01
14423,2026-02-19,South America,Argentina,Tablet,24,11316.69,6874.99
14424,2025-01-12,South America,Chile,Tablet,6,4932.85,3113.17
14425,2026-05-26,Asia,India,Laptop,12,20512.91,14090.15
14426,2025-12-10,South America,Argentina,Headphones,7,1278.24,658.64
14427,2025-05-18,South America,Argentina,Headphones,3,246.57,135.51
14428,2025-08-23,Europe,Germany,Monitor,26,17719.56,13367.33
14429,2025-04-10,Asia,South Korea,Tablet,8,5870.98,3622.75
14430,2025-08-22,Asia,India,Headphones,4,350.46,237.49
14431,2026-02-23,North America,United States,Headphones,29,4454.43,2785.75
14432,2025-06-28,Europe,United Kingdom,Monitor,10,4892.68,3701.52
14433,2025-12-02,North America,Mexico,Tablet,4,1210.29,755.55
14434,2026-01-16,South America,Chile,Monitor,22,14166.47,10181.12
14435,2026-03-22,South America,Chile,Monitor,26,5471.32,3674.0
14436,2025-03-02,Asia,Singapore,Tablet,23,9128.99,6516.92
14437,2025-05-10,Asia,India,Monitor,30,19267.98,13199.12
14438,2026-05-17,South America,Brazil,Smartphone,22,9412.79,6959.85
14439,2026-03-16,South America,Chile,Tablet,4,2220.47,1291.46
14440,2025-09-13,Europe,United Kingdom,Headphones,4,675.48,376.36
14441,2025-04-18,North America,United States,Laptop,12,16880.11,10605.8
14442,2025-01-20,North America,United States,Tablet,22,6955.67,4148.94
14443,2026-06-14,Asia,Malaysia,Monitor,2,689.36,504.55
14444,2025-01-20,Europe,Spain,Headphones,5,621.84,300.15
14445,2025-09-06,Asia,Malaysia,Laptop,1,1204.49,826.42
14446,2025-11-04,Asia,Singapore,Tablet,25,22045.12,14330.15
14447,2026-04-09,Asia,Japan,Headphones,13,1397.96,689.91
14448,2025-06-20,Asia,Japan,Monitor,4,1599.49,1036.39
14449,2026-02-11,South America,Brazil,Tablet,7,4289.63,2970.29
14450,2025-10-15,North America,Canada,Smartphone,10,8912.47,5104.19
14451,2025-11-27,North America,Mexico,Laptop,8,7688.49,5243.16
14452,2026-01-01,Asia,Singapore,Monitor,20,7390.77,5226.72
14453,2025-11-02,North America,Mexico,Tablet,20,15611.41,9881.65
14454,2025-04-22,North America,Mexico,Laptop,25,27960.49,18446.85
14455,2025-09-04,South America,Argentina,Smartphone,3,2573.15,1573.16
14456,2026-01-23,North America,United States,Laptop,8,8950.33,5850.34
14457,2025-03-31,Asia,Malaysia,Laptop,12,17149.4,13098.32
14458,2025-04-13,Asia,Japan,Smartphone,12,10830.78,7124.24
14459,2025-02-01,Europe,Germany,Laptop,4,4369.54,2947.57
14460,2026-05-11,Asia,South Korea,Tablet,28,12136.97,7333.7
14461,2025-05-25,South America,Brazil,Smartphone,5,5192.62,3557.96
14462,2026-02-24,Europe,Spain,Headphones,20,6710.36,3798.64
14463,2026-02-08,Asia,Singapore,Headphones,25,8658.77,4266.87
14464,2025-09-27,South America,Brazil,Tablet,24,9967.81,6567.59
14465,2025-09-21,Europe,France,Laptop,10,8556.24,6102.09
14466,2025-10-16,Asia,India,Tablet,3,2446.56,1413.04
14467,2025-03-23,Europe,United Kingdom,Tablet,2,797.39,459.25
14468,2025-10-06,Europe,Italy,Tablet,6,1838.93,1278.42
14469,2026-03-13,Asia,Japan,Smartphone,1,942.1,664.11
14470,2026-03-21,Asia,Malaysia,Monitor,28,6380.13,4362.32
14471,2025-10-03,North America,United States,Headphones,22,2436.86,1137.87
14472,2025-09-07,South America,Brazil,Laptop,27,42544.96,31022.33
14473,2025-02-10,South America,Argentina,Monitor,27,10192.05,7325.54
14474,2026-02-10,Europe,France,Headphones,14,1392.59,643.85
14475,2026-02-10,North America,Canada,Smartphone,10,4257.68,2590.41
14476,2025-04-14,North America,United States,Monitor,4,1352.1,966.18
14477,2026-06-30,North America,Canada,Monitor,25,15642.91,11288.94
14478,2026-06-10,Europe,Germany,Headphones,10,1883.58,1135.6
14479,2025-07-29,Asia,India,Monitor,16,9181.36,6197.18
14480,2025-04-03,North America,Canada,Headphones,9,2211.22,1318.1
14481,2025-04-24,North America,Canada,Monitor,17,9491.92,6756.51
14482,2025-08-21,Asia,Singapore,Headphones,29,9582.32,5852.75
14483,2025-08-02,Europe,Germany,Headphones,30,6873.54,3585.67
14484,2025-01-02,Asia,Singapore,Smartphone,18,11061.19,6725.11
14485,2026-01-16,North America,United States,Laptop,8,12925.59,9402.01
14486,2025-09-03,North America,United States,Headphones,28,4588.24,2200.46
14487,2025-07-23,Europe,Germany,Monitor,15,4385.06,3316.58
14488,2025-06-11,North America,United States,Tablet,26,20934.3,12218.6
14489,2025-07-31,Asia,India,Laptop,7,6910.97,5344.2
14490,2025-08-04,North America,United States,Laptop,15,18519.44,14031.31
14491,2026-04-12,South America,Brazil,Headphones,20,5218.12,3121.36
14492,2026-01-09,Asia,Japan,Laptop,11,15104.63,10676.87
14493,2026-06-25,North America,Mexico,Tablet,11,5305.39,3498.32
14494,2025-08-13,Europe,United Kingdom,Headphones,4,763.96,384.69
14495,2025-01-10,Europe,Netherlands,Headphones,26,3683.82,2417.08
14496,2025-05-01,North America,Mexico,Tablet,15,6100.19,3757.67
14497,2026-03-16,South America,Chile,Headphones,26,5342.09,3575.79
14498,2025-12-16,Europe,Netherlands,Smartphone,21,15987.23,11347.99
14499,2025-05-22,Asia,Singapore,Monitor,7,2614.32,1999.51
14500,2025-12-20,Asia,Japan,Laptop,2,2843.85,1942.34
14501,2025-12-26,South America,Argentina,Monitor,13,6148.23,3802.62
14502,2026-06-30,Asia,Malaysia,Smartphone,14,11274.57,8387.21
14503,2026-06-18,North America,United States,Tablet,12,8146.63,5212.76
14504,2025-12-07,South America,Chile,Headphones,3,571.63,337.38
14505,2026-04-24,Asia,Japan,Laptop,9,13502.86,9078.76
14506,2025-12-05,Asia,Singapore,Tablet,29,17734.37,10497.55
14507,2025-02-14,Asia,South Korea,Headphones,28,6636.99,4054.6
14508,2025-02-27,Europe,United Kingdom,Headphones,6,561.61,284.0
14509,2025-12-20,South America,Argentina,Tablet,29,9836.59,5586.44
14510,2026-02-28,North America,Mexico,Laptop,29,37005.83,22956.59
14511,2025-11-04,Europe,United Kingdom,Headphones,2,604.31,307.46
14512,2025-12-26,South America,Brazil,Laptop,4,5408.43,4049.55
14513,2025-06-01,North America,United States,Tablet,20,11606.29,7784.53
14514,2025-02-18,Asia,Singapore,Monitor,12,3056.7,2069.84
14515,2026-05-29,South America,Brazil,Monitor,26,11628.86,7946.98
14516,2025-11-03,Europe,France,Laptop,22,38106.59,23810.83
14517,2025-12-09,Asia,Japan,Tablet,23,7070.94,4769.45
14518,2026-06-19,Europe,United Kingdom,Smartphone,13,13591.29,9277.0
14519,2026-03-02,South America,Chile,Smartphone,24,15334.17,10346.38
14520,2025-10-10,South America,Argentina,Monitor,20,5839.72,4079.62
14521,2026-03-03,Asia,Singapore,Monitor,21,7619.11,5762.59
14522,2025-03-02,Asia,Singapore,Smartphone,14,7172.24,5262.12
14523,2025-02-28,North America,United States,Monitor,18,6358.79,3996.41
14524,2025-04-25,Europe,Germany,Smartphone,3,3086.45,1948.27
14525,2025-04-03,Asia,India,Tablet,2,1480.44,839.97
14526,2025-07-24,South America,Argentina,Smartphone,3,2008.32,1298.39
14527,2025-01-23,North America,Canada,Laptop,8,7683.07,4947.14
14528,2025-03-31,Asia,South Korea,Laptop,18,26689.76,18031.42
14529,2025-08-31,Europe,Spain,Monitor,24,7694.96,4691.75
14530,2025-04-19,Asia,South Korea,Monitor,24,12311.41,7546.24
14531,2025-10-02,Europe,United Kingdom,Smartphone,29,23700.45,14728.0
14532,2025-09-05,Europe,United Kingdom,Tablet,22,12238.4,7113.3
14533,2025-03-02,North America,United States,Laptop,29,47053.64,28793.42
14534,2026-05-19,North America,Mexico,Headphones,1,262.79,116.49
14535,2026-02-28,North America,Mexico,Tablet,8,7110.7,4766.24
14536,2025-12-24,South America,Argentina,Tablet,3,2442.88,1596.63
14537,2025-02-22,Europe,France,Laptop,8,7427.2,4639.42
14538,2025-01-13,Asia,Japan,Tablet,15,5704.0,3635.1
14539,2025-04-30,Asia,Japan,Tablet,13,10060.99,6026.01
14540,2025-11-14,North America,United States,Headphones,10,2326.51,1257.1
14541,2025-08-20,North America,United States,Smartphone,18,19470.9,13208.34
14542,2025-01-05,Europe,United Kingdom,Monitor,17,8590.1,5756.04
14543,2025-08-11,North America,United States,Monitor,28,18302.73,13615.22
14544,2026-06-12,South America,Chile,Monitor,14,8452.14,6051.7
14545,2026-03-02,Europe,Italy,Laptop,6,10441.76,8110.39
14546,2026-04-24,North America,Mexico,Headphones,3,1011.45,449.73
14547,2025-06-20,North America,Mexico,Smartphone,11,5336.3,3649.73
14548,2026-03-02,South America,Brazil,Laptop,1,1038.08,725.57
14549,2025-12-07,South America,Argentina,Headphones,25,4908.24,2913.44
14550,2025-11-24,North America,Canada,Monitor,23,14018.12,10345.03
14551,2025-12-16,Asia,Japan,Laptop,19,23807.78,16524.48
14552,2025-10-09,North America,Mexico,Laptop,15,13298.3,9722.45
14553,2025-03-04,South America,Argentina,Tablet,15,10924.22,6081.87
14554,2025-06-09,North America,Canada,Smartphone,19,13172.92,9308.47
14555,2026-01-26,South America,Chile,Laptop,12,10467.58,8161.71
14556,2025-11-07,South America,Brazil,Tablet,22,17046.97,11523.67
14557,2026-06-12,South America,Argentina,Monitor,4,2628.21,1759.16
14558,2026-06-10,North America,United States,Laptop,10,14898.45,10777.92
14559,2025-01-04,Europe,France,Smartphone,26,20216.25,14370.99
14560,2026-05-04,Asia,South Korea,Laptop,12,10620.16,6806.39
14561,2026-02-02,North America,Canada,Tablet,20,17728.22,11823.21
14562,2025-09-07,South America,Argentina,Headphones,20,4234.95,2479.41
14563,2026-01-04,Europe,France,Tablet,13,4433.28,3143.64
14564,2025-12-17,North America,Mexico,Tablet,23,12633.68,8102.44
14565,2025-09-10,Europe,Spain,Smartphone,27,13234.58,9188.83
14566,2025-10-02,Asia,Singapore,Monitor,2,591.64,370.1
14567,2025-08-10,South America,Brazil,Smartphone,20,9657.03,7092.6
14568,2026-06-24,South America,Brazil,Monitor,3,1619.37,1138.31
14569,2025-10-10,North America,Canada,Headphones,16,2628.72,1282.62
14570,2025-02-10,Europe,Netherlands,Smartphone,24,25205.71,16656.97
14571,2025-04-20,North America,United States,Headphones,14,2172.2,1143.9
14572,2025-07-05,North America,Mexico,Tablet,3,1877.25,1286.1
14573,2026-05-03,North America,Canada,Smartphone,30,13014.56,8388.74
14574,2025-04-24,North America,Mexico,Laptop,15,16572.03,11790.04
14575,2026-01-10,South America,Argentina,Headphones,19,5505.83,3586.88
14576,2026-02-13,North America,Canada,Smartphone,30,17214.87,12181.5
14577,2026-02-06,Europe,Netherlands,Laptop,15,18026.26,11959.3
14578,2025-01-16,Asia,South Korea,Headphones,22,5757.7,3498.72
14579,2025-03-05,North America,Mexico,Headphones,22,6470.02,2953.26
14580,2025-04-17,South America,Brazil,Tablet,26,14820.28,9953.95
14581,2025-05-05,North America,Mexico,Monitor,12,3838.74,2433.28
14582,2026-01-24,Europe,Spain,Smartphone,9,9677.82,7091.73
14583,2025-04-04,Asia,India,Smartphone,19,15241.68,10543.78
14584,2026-01-02,North America,Mexico,Laptop,26,32768.79,22113.22
14585,2025-08-21,Europe,Netherlands,Smartphone,29,24876.33,15558.17
14586,2025-09-17,South America,Brazil,Laptop,3,3807.19,2586.42
14587,2026-03-11,Europe,France,Monitor,26,11339.6,6924.82
14588,2025-02-05,South America,Brazil,Laptop,24,39605.82,26996.05
14589,2025-07-27,Europe,Italy,Headphones,13,1929.77,1135.24
14590,2026-04-07,Europe,United Kingdom,Smartphone,20,14966.62,11719.0
14591,2025-02-09,Europe,Spain,Headphones,13,2622.82,1180.43
14592,2025-01-21,Europe,Germany,Smartphone,7,3020.01,1891.75
14593,2025-01-15,Asia,Singapore,Monitor,11,7475.7,4631.1
14594,2025-03-24,Asia,Malaysia,Laptop,4,5881.42,3993.66
14595,2025-01-24,North America,Canada,Smartphone,14,11922.18,7420.46
14596,2026-01-18,Europe,Spain,Monitor,11,3328.44,2488.55
14597,2025-12-24,North America,Canada,Monitor,20,10407.21,6155.43
14598,2025-10-01,Europe,United Kingdom,Headphones,13,4522.1,2143.83
14599,2026-01-13,Europe,France,Tablet,16,12199.16,7917.49
14600,2026-02-21,Asia,Japan,Tablet,18,13613.1,8174.75
14601,2025-05-17,North America,United States,Headphones,16,1831.44,1012.87
14602,2025-11-26,Europe,Netherlands,Laptop,24,26409.58,17053.25
14603,2025-02-13,Europe,Netherlands,Monitor,21,12150.63,7656.2
14604,2025-01-25,South America,Chile,Tablet,6,3159.88,2000.56
14605,2026-04-15,South America,Brazil,Headphones,29,8521.81,4742.99
14606,2025-03-16,Europe,United Kingdom,Smartphone,9,8725.26,5151.57
14607,2026-02-12,Asia,Malaysia,Monitor,23,7491.62,5323.59
14608,2025-07-02,Asia,India,Monitor,23,13181.64,8852.1
14609,2025-04-11,North America,Canada,Headphones,17,1951.79,1251.15
14610,2025-04-14,North America,Canada,Tablet,5,2696.75,1842.84
14611,2026-03-13,North America,Canada,Headphones,4,695.63,413.1
14612,2026-01-25,Europe,France,Laptop,27,29456.17,20688.29
14613,2026-03-27,Europe,Netherlands,Headphones,11,1870.95,890.0
14614,2026-01-26,Asia,Japan,Laptop,24,39643.31,29884.91
14615,2025-08-11,South America,Brazil,Headphones,28,9651.82,5664.01
14616,2025-07-16,Asia,South Korea,Monitor,14,5387.73,3401.35
14617,2026-02-26,North America,United States,Laptop,15,26894.01,17677.41
14618,2025-11-12,Europe,Germany,Tablet,23,9523.75,5922.82
14619,2025-09-17,North America,Mexico,Monitor,19,3914.91,2481.48
14620,2026-03-15,South America,Argentina,Tablet,21,10775.56,6157.31
14621,2026-04-15,Europe,Netherlands,Headphones,19,2685.34,1500.36
14622,2025-09-24,South America,Chile,Smartphone,8,8420.08,5105.95
14623,2025-09-21,Europe,Italy,Laptop,20,29533.85,22236.19
14624,2025-08-21,Europe,United Kingdom,Smartphone,19,8560.08,5422.34
14625,2026-02-03,South America,Brazil,Laptop,30,49069.34,37963.29
14626,2025-11-06,Asia,Malaysia,Laptop,21,27762.5,19060.72
14627,2026-04-24,Asia,Japan,Tablet,30,19060.19,12925.61
14628,2025-07-12,Europe,Spain,Laptop,11,15308.91,11501.17
14629,2025-07-10,South America,Chile,Headphones,10,1764.69,1175.67
14630,2026-06-09,South America,Brazil,Monitor,1,444.42,303.48
14631,2025-01-22,South America,Argentina,Smartphone,25,21039.2,13294.8
14632,2025-07-21,Asia,Malaysia,Laptop,19,33920.96,25368.52
14633,2026-04-21,Europe,France,Monitor,24,12471.25,9581.52
14634,2025-10-14,North America,Mexico,Smartphone,22,23028.47,16085.57
14635,2025-09-02,North America,Mexico,Tablet,20,11917.07,7852.51
14636,2026-05-11,South America,Chile,Laptop,7,7787.08,5881.02
14637,2025-10-17,Asia,Japan,Monitor,3,1192.02,799.4
14638,2025-12-11,South America,Chile,Monitor,25,14429.28,10645.45
14639,2026-02-12,North America,Canada,Monitor,15,9142.99,6141.37
14640,2026-02-09,Asia,Singapore,Laptop,12,20967.12,13691.73
14641,2025-02-06,South America,Brazil,Tablet,21,11624.95,7421.93
14642,2025-07-05,Asia,South Korea,Smartphone,22,22103.14,15103.16
14643,2025-10-19,South America,Brazil,Tablet,22,11329.02,6880.31
14644,2025-09-03,North America,Mexico,Laptop,4,3389.62,2379.9
14645,2026-02-08,South America,Chile,Tablet,15,9642.55,6914.68
14646,2025-01-13,South America,Chile,Smartphone,16,6640.27,4665.97
14647,2025-10-06,Asia,Singapore,Headphones,15,2602.7,1737.66
14648,2025-01-22,Asia,Malaysia,Headphones,2,698.35,417.73
14649,2025-12-02,North America,Mexico,Laptop,10,9766.58,6058.89
14650,2026-01-28,North America,United States,Monitor,7,2621.53,1755.17
14651,2025-01-07,South America,Chile,Laptop,21,35593.65,25143.82
14652,2026-02-24,Europe,Italy,Tablet,12,8429.63,5494.15
14653,2025-08-18,Asia,India,Monitor,3,783.21,586.68
14654,2025-12-14,Asia,Singapore,Smartphone,23,21430.35,14873.41
14655,2026-06-30,Europe,Netherlands,Laptop,18,18834.01,13349.79
14656,2025-01-31,South America,Argentina,Smartphone,29,22813.93,13551.73
14657,2025-10-18,Asia,Japan,Monitor,13,6463.62,3990.3
14658,2025-09-06,South America,Brazil,Monitor,29,17502.24,11269.37
14659,2025-08-24,Asia,South Korea,Headphones,26,8749.2,4716.08
14660,2026-05-11,North America,Mexico,Headphones,5,1512.81,1011.95
14661,2025-05-28,South America,Argentina,Monitor,7,1462.66,908.98
14662,2026-03-15,Europe,France,Laptop,14,16236.88,11401.63
14663,2026-04-06,North America,Canada,Laptop,16,16315.45,11458.83
14664,2025-05-17,Europe,United Kingdom,Laptop,22,28270.82,20491.52
14665,2025-03-29,South America,Argentina,Headphones,9,1350.66,830.18
14666,2025-08-10,Europe,Spain,Laptop,3,3238.76,2345.69
14667,2026-05-11,Asia,India,Headphones,4,1079.89,663.71
14668,2026-03-29,North America,Canada,Headphones,8,1019.04,640.33
14669,2026-05-07,Europe,United Kingdom,Tablet,24,20468.71,14947.76
14670,2026-04-05,South America,Brazil,Tablet,17,14300.44,8825.77
14671,2025-09-15,South America,Chile,Smartphone,5,2832.26,1667.0
14672,2025-01-30,North America,Mexico,Smartphone,18,20043.8,13201.53
14673,2025-02-07,North America,Canada,Monitor,14,6400.44,3936.34
14674,2025-01-20,Asia,Singapore,Monitor,30,16115.85,12341.5
14675,2025-09-07,Asia,India,Smartphone,6,4505.73,3053.97
14676,2026-06-09,Europe,Germany,Headphones,18,3895.22,2770.41
14677,2025-03-04,Asia,Singapore,Tablet,10,6125.33,4400.85
14678,2026-04-21,South America,Brazil,Headphones,23,3244.98,1676.75
14679,2025-07-13,South America,Argentina,Smartphone,11,9608.43,6420.89
14680,2025-11-21,South America,Chile,Headphones,22,2905.62,1867.74
14681,2025-01-15,North America,United States,Tablet,6,4969.39,3321.52
14682,2026-02-26,South America,Argentina,Monitor,12,4859.47,2934.05
14683,2025-01-08,Europe,Spain,Smartphone,1,596.55,375.54
14684,2025-02-14,Europe,Netherlands,Monitor,21,14352.89,10020.83
14685,2025-10-02,North America,Mexico,Tablet,2,880.5,490.43
14686,2025-09-10,Asia,South Korea,Monitor,9,2550.8,1947.04
14687,2025-10-02,Asia,Malaysia,Tablet,3,1690.17,1088.63
14688,2026-01-07,South America,Argentina,Monitor,27,9875.07,6742.11
14689,2025-09-16,South America,Chile,Laptop,18,15889.4,10688.35
14690,2025-09-24,South America,Brazil,Monitor,17,9584.84,6298.03
14691,2025-09-20,North America,Canada,Headphones,29,4971.99,2689.24
14692,2026-01-20,North America,Mexico,Tablet,5,3800.39,2372.8
14693,2025-03-29,South America,Argentina,Tablet,8,3068.25,2204.46
14694,2025-07-05,South America,Argentina,Tablet,6,3332.48,2280.01
14695,2025-12-06,Europe,Spain,Monitor,14,3770.99,2857.81
14696,2025-05-14,South America,Argentina,Smartphone,30,19527.14,12323.75
14697,2026-05-05,Europe,United Kingdom,Headphones,25,2706.84,1901.55
14698,2026-05-02,South America,Argentina,Monitor,21,6439.86,4050.11
14699,2025-08-19,Asia,Japan,Smartphone,24,23804.82,16573.54
14700,2025-09-03,North America,Canada,Smartphone,16,15871.52,9583.11
14701,2025-04-07,Europe,Spain,Laptop,27,35325.9,22768.69
14702,2025-01-06,South America,Brazil,Tablet,12,5751.35,3192.29
14703,2026-03-20,Asia,Japan,Laptop,3,4717.39,3128.76
14704,2025-06-25,South America,Argentina,Tablet,3,1144.71,810.37
14705,2026-03-28,Asia,Singapore,Headphones,24,2377.33,1407.9
14706,2025-12-13,South America,Brazil,Tablet,26,19008.99,11211.75
14707,2026-05-03,Europe,Spain,Laptop,7,7918.58,6732.38
14708,2025-12-23,Asia,Malaysia,Monitor,30,6799.93,4586.23
14709,2025-01-30,Europe,Italy,Monitor,5,2215.08,1404.37
14710,2025-07-29,Asia,Malaysia,Monitor,21,8589.86,6094.74
14711,2025-04-07,Europe,France,Laptop,17,26673.28,17589.5
14712,2026-01-26,North America,Mexico,Headphones,20,6549.49,4265.16
14713,2025-06-07,South America,Chile,Smartphone,18,21361.9,13830.82
14714,2025-11-06,North America,United States,Monitor,13,5428.21,3424.96
14715,2025-02-26,Europe,France,Monitor,10,6951.12,4572.21
14716,2026-05-27,Europe,Germany,Monitor,29,13001.06,9475.79
14717,2025-05-14,Asia,South Korea,Tablet,10,3577.7,2359.72
14718,2026-04-08,North America,Canada,Headphones,11,3705.29,1883.71
14719,2025-01-26,South America,Argentina,Monitor,30,7625.35,4902.5
14720,2025-10-05,North America,United States,Tablet,17,13211.66,9065.09
14721,2025-05-31,Europe,Netherlands,Headphones,18,4496.67,2463.76
14722,2025-01-18,South America,Chile,Tablet,23,16253.55,9471.59
14723,2025-07-20,Asia,Singapore,Smartphone,22,20330.03,13671.0
14724,2025-03-11,Europe,France,Smartphone,21,15397.73,10367.42
14725,2025-08-10,Asia,Malaysia,Headphones,15,3010.25,1758.77
14726,2026-05-24,Asia,India,Smartphone,11,12142.3,7611.82
14727,2026-05-04,North America,United States,Smartphone,30,25876.65,16167.39
14728,2025-01-28,Asia,Malaysia,Monitor,17,10552.44,8056.32
14729,2025-08-20,Europe,United Kingdom,Laptop,15,16354.63,11695.04
14730,2026-05-28,South America,Argentina,Smartphone,4,4338.51,2883.06
14731,2026-02-05,South America,Argentina,Monitor,22,6617.93,4681.15
14732,2025-02-23,Asia,Singapore,Headphones,9,1661.3,1058.6
14733,2025-02-12,Asia,South Korea,Monitor,18,3686.98,2494.09
14734,2025-02-05,North America,Mexico,Laptop,7,9345.11,6136.43
14735,2025-07-13,Europe,Italy,Headphones,29,9684.88,6102.82
14736,2025-11-21,North America,Canada,Tablet,24,8308.06,5122.13
14737,2025-07-09,Europe,Spain,Laptop,14,19086.95,12285.25
14738,2025-04-16,Europe,France,Smartphone,14,8036.41,4679.8
14739,2025-09-13,Europe,Spain,Monitor,6,3007.32,2163.76
14740,2026-01-22,South America,Brazil,Headphones,5,662.46,385.15
14741,2025-06-18,Asia,South Korea,Monitor,15,5650.14,3757.6
14742,2025-07-19,South America,Chile,Smartphone,24,26809.78,17594.28
14743,2026-06-04,South America,Chile,Smartphone,10,11019.68,7093.91
14744,2025-09-02,Europe,Spain,Tablet,29,22239.97,12662.08
14745,2025-09-19,South America,Chile,Tablet,20,12934.59,8317.04
14746,2025-08-06,Asia,India,Smartphone,29,33849.42,22982.37
14747,2025-09-25,South America,Chile,Smartphone,17,14614.31,9351.83
14748,2025-09-15,Asia,India,Laptop,26,27830.95,19063.8
14749,2026-06-11,North America,Canada,Laptop,19,24406.59,18440.11
14750,2025-01-28,North America,Mexico,Laptop,26,33865.18,24131.86
14751,2025-01-11,Asia,Malaysia,Laptop,4,5303.68,4084.53
14752,2026-06-30,Europe,United Kingdom,Laptop,15,21707.95,18545.05
14753,2025-10-02,Asia,India,Headphones,3,243.41,161.55
14754,2026-05-16,Europe,United Kingdom,Monitor,8,3581.7,2578.52
14755,2025-07-26,South America,Brazil,Tablet,28,9075.51,5985.74
14756,2025-03-15,North America,United States,Smartphone,6,6513.26,3919.26
14757,2026-01-09,North America,Canada,Laptop,18,29129.31,18933.51
14758,2025-06-19,South America,Chile,Monitor,14,7980.81,4915.24
14759,2025-04-09,North America,United States,Smartphone,14,14626.57,9190.64
14760,2025-08-31,Europe,Italy,Monitor,20,11655.45,8506.7
14761,2025-08-21,North America,United States,Tablet,24,12893.37,8412.91
14762,2026-06-19,North America,Canada,Monitor,4,2645.97,1692.32
14763,2026-02-04,Asia,Malaysia,Smartphone,15,12067.03,8252.23
14764,2025-10-29,Europe,United Kingdom,Monitor,22,13958.42,10439.09
14765,2026-05-08,Asia,Japan,Laptop,17,27608.1,19791.88
14766,2025-11-08,Europe,Spain,Headphones,30,7030.46,4583.44
14767,2025-11-28,North America,Canada,Laptop,7,12025.81,8112.43
14768,2026-06-14,South America,Argentina,Smartphone,14,11875.45,7167.53
14769,2025-03-10,Europe,Italy,Smartphone,22,10139.39,5885.15
14770,2025-06-17,Europe,United Kingdom,Monitor,6,2694.59,1857.19
14771,2025-08-01,Europe,France,Smartphone,26,16133.67,10943.12
14772,2025-06-18,South America,Argentina,Monitor,13,6815.97,4541.52
14773,2025-02-22,Asia,India,Laptop,26,34477.6,21821.79
14774,2026-05-13,Asia,India,Headphones,12,2064.47,1239.37
14775,2026-05-20,South America,Chile,Laptop,9,9117.79,7009.78
14776,2026-03-20,Europe,Italy,Laptop,11,15493.48,9818.16
14777,2025-05-14,Europe,United Kingdom,Monitor,10,3474.44,2309.84
14778,2026-04-27,North America,United States,Smartphone,30,28200.45,18810.41
14779,2025-11-08,South America,Argentina,Headphones,19,5551.38,2886.14
14780,2026-03-20,North America,Mexico,Laptop,26,30051.81,20551.97
14781,2025-06-16,Europe,Italy,Smartphone,25,16196.51,11077.38
14782,2026-03-02,Asia,India,Laptop,8,8587.17,5714.43
14783,2025-04-06,Asia,Japan,Laptop,21,19036.2,12062.07
14784,2026-01-27,Asia,South Korea,Tablet,1,556.03,392.33
14785,2025-01-29,Asia,South Korea,Headphones,10,800.02,442.48
14786,2026-04-06,Asia,Japan,Tablet,22,12705.06,7644.92
14787,2025-03-11,Asia,India,Laptop,15,14755.87,10188.5
14788,2025-11-10,Asia,South Korea,Smartphone,11,4959.9,2956.67
14789,2026-03-07,North America,Canada,Monitor,3,1205.7,774.53
14790,2025-12-24,North America,United States,Tablet,14,9202.58,6451.24
14791,2025-11-11,Europe,United Kingdom,Monitor,3,1926.87,1182.89
14792,2026-05-26,Europe,Italy,Monitor,2,1004.6,746.26
14793,2025-07-10,Asia,Japan,Monitor,7,1866.4,1426.25
14794,2025-12-24,Europe,United Kingdom,Smartphone,24,13991.8,9698.97
14795,2025-11-25,North America,Canada,Smartphone,6,3778.42,2469.07
14796,2026-02-12,Asia,Japan,Headphones,7,747.71,438.01
14797,2025-06-09,South America,Chile,Headphones,24,8370.67,4678.59
14798,2025-01-03,South America,Chile,Tablet,30,9747.87,5630.86
14799,2025-08-13,South America,Brazil,Headphones,2,670.45,308.67
14800,2025-08-17,Europe,Netherlands,Monitor,9,4664.57,2900.83
14801,2026-05-12,North America,Canada,Headphones,28,9429.68,5438.6
14802,2025-05-02,South America,Chile,Headphones,23,5264.89,3158.43
14803,2026-05-28,North America,United States,Monitor,6,3403.94,2399.82
14804,2025-10-27,Europe,Germany,Headphones,11,3278.38,2125.47
14805,2026-02-15,North America,Canada,Monitor,4,2689.12,1824.41
14806,2025-06-16,Asia,Singapore,Monitor,19,4276.33,2608.99
14807,2025-12-20,North America,Canada,Tablet,22,11678.27,7837.91
14808,2025-07-18,North America,United States,Tablet,30,12281.54,6789.31
14809,2025-07-10,South America,Chile,Laptop,23,19606.71,13151.08
14810,2026-03-13,Asia,Singapore,Laptop,14,16464.44,10481.02
14811,2026-01-31,Europe,France,Monitor,11,2884.65,2074.45
14812,2026-01-27,Asia,Singapore,Smartphone,16,8861.64,6520.03
14813,2025-08-04,North America,United States,Headphones,2,668.94,294.72
14814,2025-09-18,South America,Argentina,Monitor,20,10540.26,7935.34
14815,2025-06-10,South America,Chile,Laptop,18,27993.8,19436.59
14816,2025-08-23,Europe,Netherlands,Headphones,2,469.6,246.55
14817,2025-08-09,Asia,South Korea,Smartphone,26,12803.4,8241.64
14818,2026-02-27,Europe,United Kingdom,Smartphone,6,5797.33,3709.33
14819,2025-11-27,Europe,Spain,Monitor,16,5716.01,3880.96
14820,2025-03-25,South America,Argentina,Headphones,2,578.64,282.09
14821,2025-04-29,Europe,Germany,Laptop,29,35614.9,22795.14
14822,2025-06-26,Asia,Singapore,Headphones,14,1891.19,973.91
14823,2026-04-01,Asia,India,Tablet,23,14086.76,10020.35
14824,2025-03-03,North America,Canada,Headphones,25,4293.46,2068.76
14825,2026-01-23,South America,Argentina,Tablet,15,5018.38,3556.84
14826,2025-06-05,South America,Chile,Headphones,4,1285.63,843.33
14827,2026-06-06,Europe,United Kingdom,Laptop,12,12756.78,9240.08
14828,2025-08-16,Asia,Singapore,Tablet,2,1456.44,987.14
14829,2026-01-27,Asia,Singapore,Smartphone,30,30584.03,20638.28
14830,2026-05-04,South America,Brazil,Smartphone,13,6668.87,4423.9
14831,2025-06-05,South America,Chile,Laptop,15,13838.93,9284.7
14832,2026-04-29,South America,Argentina,Headphones,24,5882.95,2980.25
14833,2026-02-06,North America,Mexico,Laptop,26,26756.64,17597.26
14834,2025-11-26,North America,United States,Tablet,20,10640.28,6561.9
14835,2026-04-29,Asia,South Korea,Laptop,22,25607.7,20216.32
14836,2026-05-27,Asia,Japan,Laptop,21,32358.53,24542.47
14837,2026-03-15,Asia,South Korea,Monitor,5,3412.57,2333.28
14838,2025-03-07,Asia,Singapore,Monitor,19,11331.46,8419.21
14839,2026-05-13,Europe,France,Monitor,16,4990.49,3660.25
14840,2026-04-27,Asia,Japan,Laptop,22,23161.63,14694.75
14841,2025-09-21,Europe,Germany,Monitor,17,5521.93,3456.76
14842,2025-05-29,Europe,France,Laptop,24,41521.65,27211.91
14843,2025-01-13,South America,Brazil,Smartphone,1,803.05,509.94
14844,2025-08-05,Europe,Italy,Tablet,13,9132.96,5390.88
14845,2026-01-10,Asia,South Korea,Headphones,28,5004.86,2531.33
14846,2025-05-20,North America,United States,Headphones,14,4101.09,2268.45
14847,2025-08-13,South America,Argentina,Laptop,7,5765.84,4469.3
14848,2026-05-19,North America,United States,Headphones,24,7889.46,4558.37
14849,2025-04-09,South America,Argentina,Tablet,11,7613.97,5084.77
14850,2025-01-16,North America,Canada,Monitor,25,12937.61,8086.23
14851,2025-02-14,North America,Mexico,Monitor,12,3240.02,2084.23
14852,2025-07-02,South America,Brazil,Tablet,20,6619.56,3866.72
14853,2025-10-08,Asia,India,Monitor,12,5071.49,3806.6
14854,2026-02-03,Europe,France,Laptop,8,6537.18,4478.66
14855,2025-01-06,Europe,Spain,Tablet,13,7328.94,4272.02
14856,2026-06-30,North America,United States,Smartphone,9,7154.86,4764.66
14857,2025-03-05,South America,Chile,Smartphone,29,25885.78,17986.86
14858,2026-01-19,North America,Mexico,Smartphone,17,7762.31,5121.2
14859,2026-01-01,Asia,Malaysia,Tablet,7,5712.33,3235.43
14860,2025-01-15,Asia,Singapore,Laptop,23,22301.05,17323.89
14861,2025-02-03,Asia,Singapore,Tablet,6,2959.51,2156.3
14862,2026-01-03,North America,Mexico,Laptop,27,48393.34,30980.31
14863,2026-02-04,North America,Canada,Monitor,7,4775.73,3264.98
14864,2025-09-20,South America,Brazil,Headphones,29,6001.22,3094.42
14865,2026-02-25,North America,United States,Laptop,6,8966.89,6261.74
14866,2026-01-13,North America,United States,Monitor,20,13338.59,9703.17
14867,2025-07-23,South America,Argentina,Smartphone,12,7702.16,5265.2
14868,2025-01-06,Europe,Netherlands,Laptop,8,12346.64,9620.51
14869,2025-09-15,South America,Brazil,Tablet,3,2317.55,1540.72
14870,2026-03-27,South America,Brazil,Laptop,15,19500.2,13724.47
14871,2026-01-27,North America,Mexico,Monitor,8,2472.63,1668.36
14872,2025-04-04,North America,Mexico,Smartphone,11,12365.3,8349.85
14873,2026-04-07,Asia,Japan,Tablet,30,22208.14,12739.21
14874,2026-01-10,Asia,Singapore,Laptop,12,18352.84,12870.08
14875,2025-06-22,North America,Mexico,Tablet,7,5999.34,3265.48
14876,2025-05-26,Asia,South Korea,Monitor,12,8104.79,5615.84
14877,2025-08-30,Europe,United Kingdom,Tablet,25,16436.69,9555.33
14878,2025-12-22,North America,Canada,Headphones,4,877.32,397.43
14879,2025-07-13,Asia,South Korea,Headphones,25,4124.16,2005.98
14880,2025-06-21,Asia,Japan,Headphones,12,3017.95,1538.84
14881,2025-12-09,South America,Argentina,Monitor,2,413.24,271.71
14882,2025-04-27,North America,United States,Laptop,26,27740.01,19401.01
14883,2026-06-01,South America,Chile,Headphones,13,2244.36,1043.1
14884,2025-09-27,South America,Chile,Tablet,24,16783.45,9748.85
14885,2026-02-10,Asia,India,Headphones,4,458.84,283.19
14886,2025-03-25,South America,Argentina,Smartphone,21,18592.08,11147.5
14887,2025-05-29,South America,Brazil,Monitor,29,15586.92,9810.95
14888,2025-07-26,Europe,Netherlands,Laptop,10,8310.1,5636.26
14889,2026-05-24,Europe,Spain,Tablet,26,9090.52,6351.68
14890,2026-03-31,North America,Mexico,Laptop,22,32280.02,21753.82
14891,2025-02-01,Asia,South Korea,Monitor,19,12302.23,9167.23
14892,2025-12-15,Asia,Japan,Headphones,14,1462.88,740.34
14893,2026-06-11,Europe,Germany,Monitor,18,10180.94,8191.7
14894,2025-09-06,South America,Argentina,Headphones,14,3766.91,1791.94
14895,2025-05-23,Europe,Netherlands,Monitor,19,7234.36,4909.34
14896,2025-07-18,Asia,India,Tablet,4,2519.98,1447.21
14897,2025-10-30,Asia,Malaysia,Monitor,23,11752.81,7345.7
14898,2025-10-18,Europe,France,Headphones,28,5590.14,2752.27
14899,2025-07-10,Asia,Singapore,Smartphone,22,20322.99,14994.69
14900,2025-11-23,North America,United States,Headphones,2,169.89,92.58
14901,2025-05-24,Asia,South Korea,Tablet,23,19324.01,13362.21
14902,2026-06-23,Europe,United Kingdom,Monitor,18,6638.72,5285.95
14903,2025-07-09,Asia,South Korea,Laptop,9,8767.54,6199.91
14904,2026-01-06,North America,Mexico,Laptop,4,4218.66,2950.67
14905,2026-03-20,Europe,France,Monitor,4,2635.55,1891.97
14906,2025-01-26,North America,United States,Monitor,5,2077.09,1371.06
14907,2026-05-26,Europe,Netherlands,Smartphone,11,6212.54,4616.6
14908,2025-02-27,South America,Chile,Headphones,12,2817.76,1685.31
14909,2026-02-05,South America,Brazil,Headphones,5,1577.39,712.71
14910,2025-02-22,South America,Brazil,Monitor,30,20493.51,13460.04
14911,2025-03-23,Europe,Spain,Monitor,24,13872.79,8436.22
14912,2026-05-06,North America,Mexico,Headphones,22,2190.26,1393.02
14913,2026-01-06,North America,United States,Headphones,1,341.73,178.25
14914,2026-03-26,Asia,South Korea,Tablet,29,12668.38,7797.74
14915,2025-01-29,South America,Brazil,Laptop,21,33778.59,21796.7
14916,2026-01-19,Europe,Netherlands,Tablet,28,9084.29,5797.86
14917,2026-02-04,Europe,Germany,Headphones,4,1111.66,610.77
14918,2025-02-08,North America,Mexico,Headphones,7,1643.77,987.91
14919,2025-02-22,North America,United States,Tablet,26,12596.08,6988.65
14920,2026-06-21,North America,United States,Smartphone,2,1198.67,806.26
14921,2025-05-30,South America,Argentina,Smartphone,7,4909.24,3180.06
14922,2025-09-06,South America,Chile,Tablet,21,8547.0,6150.51
14923,2026-01-14,North America,United States,Tablet,12,4794.44,2831.46
14924,2025-09-07,Asia,Singapore,Laptop,11,16221.07,11527.01
14925,2025-02-10,South America,Brazil,Headphones,11,2166.86,989.25
14926,2025-08-13,North America,United States,Laptop,29,39082.64,23877.18
14927,2025-12-06,Europe,Germany,Tablet,4,2868.93,1929.18
14928,2025-07-28,Europe,Netherlands,Tablet,11,3397.38,1933.77
14929,2026-01-10,Asia,Japan,Headphones,5,822.71,446.3
14930,2026-04-04,Europe,France,Headphones,18,4534.51,3418.1
14931,2025-04-30,North America,Canada,Laptop,12,20745.5,13093.59
14932,2026-01-05,South America,Brazil,Tablet,11,7535.56,4244.33
14933,2025-09-06,South America,Argentina,Monitor,30,7263.86,4977.68
14934,2025-02-03,Europe,Spain,Monitor,5,1687.58,1112.21
14935,2026-01-17,North America,United States,Laptop,30,28125.57,21028.7
14936,2025-04-18,North America,Canada,Monitor,22,6510.68,4540.81
14937,2025-09-25,Europe,United Kingdom,Tablet,22,12359.87,8487.02
14938,2025-09-26,South America,Argentina,Tablet,27,15180.43,9331.84
14939,2025-04-30,North America,United States,Smartphone,21,24929.27,14789.35
14940,2025-04-19,Europe,Italy,Headphones,16,3033.69,1676.81
14941,2025-12-11,Asia,India,Laptop,2,2664.94,1723.65
14942,2025-07-16,North America,Mexico,Headphones,8,2413.15,1181.02
14943,2025-10-26,North America,United States,Laptop,18,31412.54,20797.79
14944,2026-06-20,Europe,Italy,Monitor,30,6074.86,4838.1
14945,2025-02-18,South America,Chile,Tablet,27,21573.37,13371.65
14946,2025-04-23,Asia,India,Smartphone,1,982.54,707.38
14947,2026-01-28,Asia,Japan,Laptop,7,11918.83,7534.61
14948,2026-02-14,North America,Canada,Smartphone,22,9230.83,6194.11
14949,2026-01-19,South America,Argentina,Laptop,22,19119.24,13798.31
14950,2025-06-14,Europe,France,Smartphone,2,1997.56,1307.87
14951,2025-03-31,North America,United States,Headphones,29,5150.37,2529.59
14952,2026-05-06,Asia,Singapore,Laptop,7,11450.93,8192.12
14953,2025-08-08,South America,Argentina,Tablet,14,8791.17,5880.13
14954,2026-06-03,North America,Canada,Smartphone,4,2013.14,1291.64
14955,2025-08-17,North America,United States,Tablet,7,3147.11,2127.38
14956,2025-01-09,Asia,South Korea,Tablet,20,7807.75,5689.7
14957,2025-12-06,Europe,Spain,Smartphone,27,21229.22,15546.29
14958,2025-02-15,Europe,Germany,Monitor,7,3333.08,2527.81
14959,2026-05-01,South America,Brazil,Smartphone,1,1045.39,620.94
14960,2025-07-13,Asia,Malaysia,Smartphone,3,1397.79,1037.3
14961,2025-07-12,South America,Argentina,Monitor,5,3409.05,2483.12
14962,2026-01-17,South America,Chile,Tablet,30,16622.73,10764.11
14963,2025-10-31,South America,Chile,Laptop,8,11984.62,8975.08
14964,2025-05-27,Europe,Italy,Laptop,1,981.33,733.19
14965,2025-10-10,South America,Chile,Laptop,26,31307.12,23820.42
14966,2025-04-21,South America,Chile,Tablet,23,14541.18,8282.21
14967,2025-07-26,Europe,Italy,Headphones,3,380.18,198.99
14968,2026-06-04,South America,Chile,Laptop,21,30038.18,19030.3
14969,2025-03-04,Asia,Singapore,Smartphone,16,6926.01,4559.23
14970,2025-04-11,Asia,Japan,Monitor,27,5886.32,3984.92
14971,2025-04-08,North America,Mexico,Smartphone,9,5850.18,3740.0
14972,2025-03-25,North America,Canada,Headphones,6,846.89,411.68
14973,2025-11-05,Asia,Malaysia,Monitor,27,17338.01,11213.08
14974,2025-01-23,South America,Argentina,Smartphone,15,16242.43,9974.54
14975,2026-05-27,North America,Canada,Tablet,26,13718.35,7434.78
14976,2025-07-17,Europe,United Kingdom,Tablet,21,10171.07,5734.09
14977,2025-04-28,Asia,Singapore,Smartphone,17,19048.94,12254.25
14978,2025-09-18,South America,Brazil,Laptop,22,26669.54,20378.79
14979,2025-05-02,North America,United States,Smartphone,8,5665.67,3616.56
14980,2025-04-25,Asia,Japan,Tablet,22,17234.69,11331.26
14981,2025-01-30,Europe,Netherlands,Smartphone,7,3345.4,2421.65
14982,2026-01-16,Europe,Italy,Smartphone,2,1585.89,1143.15
14983,2026-06-22,South America,Argentina,Headphones,11,1134.96,563.31
14984,2025-03-06,South America,Argentina,Headphones,12,1986.23,1314.37
14985,2026-05-21,South America,Argentina,Tablet,30,23307.31,16546.01
14986,2025-05-05,South America,Brazil,Monitor,3,2062.58,1292.12
14987,2025-03-23,North America,Canada,Monitor,7,3459.63,2278.04
14988,2026-04-12,North America,Canada,Headphones,7,670.13,303.15
14989,2026-03-16,North America,Mexico,Monitor,3,616.57,410.35
14990,2025-01-01,North America,Mexico,Smartphone,22,21967.94,13864.58
14991,2025-10-07,Europe,Germany,Monitor,16,8408.55,5435.56
14992,2025-10-15,Europe,Germany,Smartphone,13,6084.69,4345.99
14993,2026-04-17,North America,Mexico,Headphones,4,428.21,281.94
14994,2025-02-27,Europe,Germany,Smartphone,24,26988.22,19356.84
14995,2025-08-08,South America,Brazil,Smartphone,12,11782.53,8629.78
14996,2025-02-02,Asia,Malaysia,Smartphone,26,17969.12,10971.69
14997,2025-02-25,North America,United States,Headphones,19,4805.14,2172.7
14998,2025-12-09,North America,United States,Smartphone,3,2133.18,1395.52
14999,2026-04-21,Europe,France,Laptop,12,10243.15,7383.71
15000,2025-07-29,Asia,South Korea,Laptop,24,24648.88,15618.13
